patient_id,age,gender,ward,admission_type,diagnosis_category,previous_admissions,emergency_visits,length_of_stay,comorbidity_count,medication_count,discharge_disposition,admission_date,readmission_risk_score,risk_category,readmitted_30d
P-1000,69,Male,Emergency,Emergency,Acute Kidney Injury,0,0,1,3,9,Home,2025-08-21,36,Medium,1
P-1001,59,Male,Cardiology,Elective,Diabetes with Complications,3,1,5,0,11,Home Health Care,2025-08-31,56,Medium,0
P-1002,72,Female,ICU,Emergency,Heart Failure,1,1,2,3,8,Home,2025-08-13,54,Medium,1
P-1003,86,Female,ICU,Emergency,Gastrointestinal Bleed,1,1,2,4,4,Home Health Care,2025-09-27,65,High,1
P-1004,58,Male,General Medicine,Elective,Gastrointestinal Bleed,1,0,1,5,5,Skilled Nursing Facility,2025-09-28,47,Medium,0
P-1005,58,Female,ICU,Emergency,Sepsis,1,1,2,2,6,Home,2025-11-04,37,Medium,0
P-1006,87,Male,Emergency,Emergency,Hip Fracture,1,2,7,1,2,Rehab,2025-10-02,63,High,1
P-1007,74,Male,General Medicine,Urgent,Gastrointestinal Bleed,4,2,4,2,10,Home,2025-12-19,83,High,1
P-1008,54,Male,Cardiology,Emergency,Acute Kidney Injury,1,2,2,3,5,Skilled Nursing Facility,2025-06-04,46,Medium,1
P-1009,70,Male,General Medicine,Emergency,Diabetes with Complications,1,3,2,0,5,Home,2025-04-17,41,Medium,1
P-1010,54,Female,General Medicine,Urgent,COPD,3,0,3,2,5,Home,2025-05-04,47,Medium,1
P-1011,54,Female,Cardiology,Emergency,Pneumonia,1,2,26,0,1,Against Medical Advice,2025-08-26,84,High,1
P-1012,65,Female,General Medicine,Elective,Hypertension,2,1,1,1,13,Home Health Care,2025-01-30,48,Medium,0
P-1013,31,Male,General Medicine,Urgent,Stroke,2,0,8,3,5,Home,2025-06-23,46,Medium,1
P-1014,34,Female,Emergency,Emergency,Hypertension,0,1,10,1,11,Home Health Care,2025-08-12,36,Medium,0
P-1015,53,Male,Cardiology,Emergency,Hypertension,1,2,14,1,6,Home,2025-08-29,68,High,0
P-1016,45,Male,Emergency,Elective,Hypertension,1,3,5,1,7,Home,2025-04-11,44,Medium,1
P-1017,67,Female,Neurology,Elective,Hip Fracture,1,3,1,2,10,Home,2025-09-16,56,Medium,1
P-1018,47,Male,General Medicine,Emergency,Acute Kidney Injury,0,1,1,2,2,Home,2025-02-15,18,Low,0
P-1019,39,Male,Cardiology,Emergency,Diabetes with Complications,1,0,3,2,8,Rehab,2025-10-23,26,Low,0
P-1020,85,Male,General Medicine,Emergency,Gastrointestinal Bleed,1,1,2,2,4,Skilled Nursing Facility,2025-04-01,51,Medium,0
P-1021,58,Male,Emergency,Urgent,Heart Failure,1,2,9,5,6,Home,2025-12-18,80,High,1
P-1022,63,Female,General Medicine,Emergency,Acute Kidney Injury,1,1,5,2,9,Skilled Nursing Facility,2025-02-21,52,Medium,0
P-1023,39,Other,General Medicine,Urgent,Pneumonia,5,1,9,6,6,Home,2025-09-05,91,High,1
P-1024,53,Female,Emergency,Transfer,Hip Fracture,1,0,4,2,1,Home,2025-06-20,28,Low,0
P-1025,63,Female,Orthopedics,Elective,Hip Fracture,0,2,2,4,2,Home Health Care,2025-04-09,46,Medium,1
P-1026,43,Female,General Medicine,Elective,Heart Failure,0,1,2,2,1,Home,2025-08-12,18,Low,0
P-1027,68,Female,General Medicine,Emergency,COPD,0,0,3,3,8,Home,2025-05-08,40,Medium,1
P-1028,52,Male,Cardiology,Emergency,Hypertension,0,1,1,0,12,Home Health Care,2025-02-05,19,Low,1
P-1029,57,Female,Orthopedics,Elective,Hip Fracture,2,2,4,2,7,Against Medical Advice,2025-08-08,58,Medium,0
P-1030,52,Male,Neurology,Emergency,Gastrointestinal Bleed,0,1,2,2,4,Home,2025-08-29,24,Low,1
P-1031,91,Female,Cardiology,Emergency,Gastrointestinal Bleed,0,0,1,2,7,Home,2025-12-25,40,Medium,0
P-1032,61,Male,Emergency,Elective,Diabetes with Complications,2,1,3,1,6,Home,2025-02-09,43,Medium,1
P-1033,45,Female,Cardiology,Emergency,Gastrointestinal Bleed,2,0,5,0,8,Home Health Care,2025-09-09,29,Low,0
P-1034,75,Female,General Medicine,Elective,Hip Fracture,1,1,1,2,2,Home Health Care,2025-11-12,39,Medium,0
P-1035,42,Other,General Medicine,Emergency,Gastrointestinal Bleed,2,0,5,2,6,Skilled Nursing Facility,2025-03-02,38,Medium,0
P-1036,65,Female,Cardiology,Emergency,Gastrointestinal Bleed,2,1,13,3,5,Skilled Nursing Facility,2025-09-20,82,High,1
P-1037,30,Male,Orthopedics,Emergency,Pneumonia,3,1,3,0,6,Skilled Nursing Facility,2025-07-05,27,Low,0
P-1038,40,Female,Cardiology,Transfer,Acute Kidney Injury,0,2,19,3,6,Home Health Care,2025-04-23,77,High,1
P-1039,65,Male,General Medicine,Urgent,Pneumonia,1,1,7,1,11,Home,2025-03-16,55,Medium,1
P-1040,73,Male,Emergency,Emergency,Sepsis,1,1,1,6,5,Home Health Care,2025-06-05,68,High,1
P-1041,64,Male,Emergency,Emergency,Hypertension,3,1,14,2,12,Home Health Care,2025-04-29,88,High,1
P-1042,60,Male,Cardiology,Urgent,Acute Kidney Injury,0,0,4,0,7,Home,2025-11-30,20,Low,0
P-1043,57,Female,Cardiology,Emergency,Diabetes with Complications,1,2,5,1,12,Home,2025-01-25,51,Medium,0
P-1044,38,Female,General Medicine,Emergency,Pneumonia,2,0,5,2,1,Home,2025-08-31,30,Low,1
P-1045,50,Female,General Medicine,Emergency,Stroke,2,1,3,1,8,Skilled Nursing Facility,2025-08-03,39,Medium,0
P-1046,54,Male,Cardiology,Elective,Hypertension,2,0,3,0,9,Home,2025-03-20,30,Low,1
P-1047,78,Male,Cardiology,Emergency,Hypertension,1,1,4,2,3,Skilled Nursing Facility,2025-12-17,51,Medium,0
P-1048,67,Male,ICU,Emergency,Acute Kidney Injury,1,0,16,1,8,Home,2025-12-16,72,High,0
P-1049,33,Male,General Medicine,Elective,Pneumonia,0,0,2,2,7,Home Health Care,2025-04-24,15,Low,0
P-1050,67,Male,General Medicine,Emergency,COPD,0,0,12,0,10,Home,2025-12-15,48,Medium,1
P-1051,55,Male,ICU,Elective,Sepsis,0,1,17,0,1,Home Health Care,2025-11-13,50,Medium,0
P-1052,51,Female,General Medicine,Emergency,Hip Fracture,4,1,3,0,4,Home,2025-06-21,45,Medium,1
P-1053,71,Female,ICU,Emergency,Stroke,4,1,2,1,7,Home,2025-04-27,64,High,0
P-1054,78,Female,Neurology,Emergency,Pneumonia,1,1,3,2,6,Home,2025-04-26,52,Medium,0
P-1055,76,Male,Neurology,Elective,Diabetes with Complications,1,3,1,0,7,Home,2025-12-05,44,Medium,0
P-1056,48,Female,General Medicine,Emergency,Pneumonia,1,0,8,3,6,Skilled Nursing Facility,2025-04-23,49,Medium,1
P-1057,57,Female,Neurology,Emergency,Acute Kidney Injury,3,2,2,2,5,Home Health Care,2025-05-27,58,Medium,1
P-1058,67,Male,Orthopedics,Elective,Stroke,3,1,2,0,4,Home,2025-03-30,43,Medium,0
P-1059,77,Male,Orthopedics,Elective,Hip Fracture,1,1,6,5,3,Home,2025-02-08,75,High,1
P-1060,54,Male,General Medicine,Emergency,Sepsis,3,1,4,2,6,Skilled Nursing Facility,2025-01-08,57,Medium,1
P-1061,59,Male,Emergency,Emergency,Diabetes with Complications,0,0,4,3,4,Home Health Care,2025-03-12,33,Medium,1
P-1062,44,Male,Cardiology,Emergency,Diabetes with Complications,3,3,3,2,9,Home,2025-03-29,64,High,0
P-1063,42,Male,Emergency,Elective,Hypertension,0,3,3,2,4,Home,2025-09-10,31,Medium,0
P-1064,75,Male,General Medicine,Elective,Acute Kidney Injury,0,2,2,1,3,Home,2025-12-28,34,Medium,0
P-1065,83,Male,Cardiology,Elective,Acute Kidney Injury,3,1,2,2,6,Home,2025-02-06,68,High,1
P-1066,60,Female,Cardiology,Elective,Heart Failure,0,1,23,1,8,Home Health Care,2025-06-07,82,High,1
P-1067,78,Male,Emergency,Urgent,Heart Failure,3,1,3,1,6,Home Health Care,2025-01-18,62,High,0
P-1068,67,Female,Cardiology,Emergency,Gastrointestinal Bleed,1,0,4,2,8,Home,2025-03-15,44,Medium,1
P-1069,51,Male,General Medicine,Emergency,Stroke,1,1,3,4,4,Home,2025-01-05,46,Medium,1
P-1070,67,Male,Neurology,Urgent,Hip Fracture,2,2,6,3,8,Skilled Nursing Facility,2025-10-19,76,High,1
P-1071,86,Female,General Medicine,Emergency,Acute Kidney Injury,1,0,1,3,9,Home,2025-09-02,55,Medium,0
P-1072,61,Female,General Medicine,Emergency,Pneumonia,0,2,1,2,9,Home,2025-05-01,37,Medium,1
P-1073,87,Male,General Medicine,Emergency,Pneumonia,2,0,17,4,1,Home Health Care,2025-09-22,92,High,1
P-1074,20,Female,Emergency,Urgent,Pneumonia,1,2,4,1,6,Home,2025-08-16,22,Low,1
P-1075,75,Female,Cardiology,Emergency,Heart Failure,2,2,4,2,3,Skilled Nursing Facility,2025-09-10,64,High,1
P-1076,63,Male,Orthopedics,Emergency,Pneumonia,0,0,3,1,6,Rehab,2025-06-10,23,Low,0
P-1077,57,Male,Cardiology,Elective,Diabetes with Complications,2,2,1,3,9,Rehab,2025-10-15,58,Medium,1
P-1078,63,Female,ICU,Emergency,Hip Fracture,1,0,6,1,5,Home,2025-07-21,37,Medium,0
P-1079,30,Male,General Medicine,Urgent,Hypertension,1,1,4,0,7,Home Health Care,2025-10-01,18,Low,0
P-1080,58,Male,Cardiology,Emergency,Hypertension,2,0,1,3,7,Skilled Nursing Facility,2025-03-22,44,Medium,0
P-1081,67,Male,Emergency,Elective,Sepsis,1,2,4,3,7,Home,2025-01-10,62,High,1
P-1082,85,Female,ICU,Emergency,Acute Kidney Injury,1,0,2,5,1,Home,2025-06-30,61,High,1
P-1083,53,Female,Cardiology,Urgent,Heart Failure,0,2,5,2,6,Home,2025-07-25,40,Medium,0
P-1084,49,Female,Cardiology,Urgent,Diabetes with Complications,3,1,5,4,9,Skilled Nursing Facility,2025-08-01,73,High,1
P-1085,53,Female,ICU,Elective,Diabetes with Complications,2,1,2,2,5,Home,2025-11-06,41,Medium,0
P-1086,76,Female,General Medicine,Urgent,Stroke,1,1,1,2,6,Home,2025-08-13,45,Medium,0
P-1087,67,Female,Orthopedics,Emergency,Stroke,3,0,8,2,8,Home Health Care,2025-03-10,72,High,1
P-1088,53,Female,Emergency,Urgent,Sepsis,0,1,5,3,11,Home,2025-02-24,47,Medium,1
P-1089,70,Female,Orthopedics,Elective,Hip Fracture,3,0,5,0,8,Home,2025-06-23,52,Medium,1
P-1090,63,Male,Cardiology,Urgent,COPD,3,0,5,5,10,Home,2025-12-20,81,High,1
P-1091,77,Female,Emergency,Elective,Gastrointestinal Bleed,2,0,6,3,5,Home Health Care,2025-06-30,68,High,1
P-1092,50,Female,Cardiology,Emergency,Hip Fracture,2,1,2,2,6,Home Health Care,2025-05-19,40,Medium,0
P-1093,56,Female,General Medicine,Elective,Pneumonia,3,1,3,0,6,Home Health Care,2025-04-30,42,Medium,1
P-1094,55,Female,Emergency,Emergency,Pneumonia,2,0,2,0,10,Home,2025-08-31,29,Low,1
P-1095,38,Female,General Medicine,Elective,Gastrointestinal Bleed,4,0,1,1,3,Skilled Nursing Facility,2025-11-29,31,Medium,0
P-1096,66,Female,General Medicine,Emergency,Gastrointestinal Bleed,4,2,11,2,5,Home,2025-05-07,88,High,1
P-1097,66,Female,Emergency,Emergency,Acute Kidney Injury,1,0,1,4,10,Home,2025-11-11,51,Medium,0
P-1098,62,Male,General Medicine,Transfer,Hypertension,2,0,1,0,7,Home Health Care,2025-05-16,27,Low,1
P-1099,58,Male,Neurology,Urgent,Heart Failure,2,0,2,3,4,Skilled Nursing Facility,2025-04-21,43,Medium,0
P-1100,39,Female,Cardiology,Urgent,Pneumonia,0,0,2,1,13,Home Health Care,2025-06-29,17,Low,0
P-1101,55,Male,Emergency,Elective,Acute Kidney Injury,1,1,1,2,3,Home,2025-08-29,29,Low,0
P-1102,56,Male,General Medicine,Elective,COPD,3,1,7,2,6,Home,2025-12-18,67,High,0
P-1103,49,Male,General Medicine,Elective,COPD,2,1,1,1,10,Home,2025-01-06,35,Medium,0
P-1104,59,Female,Cardiology,Emergency,Heart Failure,1,3,1,4,12,Home,2025-07-13,67,High,1
P-1105,68,Male,Emergency,Urgent,Sepsis,3,1,1,1,9,Home,2025-08-21,54,Medium,0
P-1106,92,Female,Emergency,Urgent,Hypertension,0,2,5,3,6,Skilled Nursing Facility,2025-06-09,70,High,1
P-1107,64,Female,Emergency,Elective,COPD,1,0,1,3,9,Home,2025-05-05,42,Medium,1
P-1108,66,Female,Cardiology,Urgent,Heart Failure,3,2,4,4,5,Home,2025-12-08,79,High,1
P-1109,60,Male,Neurology,Elective,Hypertension,1,1,2,4,1,Home,2025-06-24,45,Medium,0
P-1110,31,Female,General Medicine,Emergency,Sepsis,1,1,9,2,7,Home,2025-05-12,42,Medium,0
P-1111,61,Female,Emergency,Transfer,Acute Kidney Injury,0,1,1,4,6,Home Health Care,2025-10-17,40,Medium,0
P-1112,62,Male,General Medicine,Emergency,Acute Kidney Injury,1,0,3,4,6,Skilled Nursing Facility,2025-10-17,50,Medium,0
P-1113,95,Male,Orthopedics,Elective,Diabetes with Complications,2,0,4,3,3,Rehab,2025-04-19,70,High,0
P-1114,58,Male,Cardiology,Emergency,Heart Failure,0,0,10,3,6,Skilled Nursing Facility,2025-11-21,52,Medium,1
P-1115,66,Male,Cardiology,Elective,Stroke,1,1,2,0,7,Home,2025-06-12,30,Low,0
P-1116,61,Male,Emergency,Elective,Acute Kidney Injury,1,0,5,1,13,Home Health Care,2025-02-08,43,Medium,1
P-1117,43,Male,General Medicine,Elective,Pneumonia,3,1,1,5,3,Home,2025-04-10,59,Medium,1
P-1118,80,Female,ICU,Emergency,Sepsis,1,0,7,4,8,Home,2025-02-18,73,High,1
P-1119,74,Female,Pediatrics,Emergency,Pneumonia,1,0,4,5,4,Home,2025-07-26,64,High,1
P-1120,74,Female,Emergency,Elective,Sepsis,2,1,14,6,1,Home,2025-08-17,92,High,1
P-1121,47,Female,Emergency,Urgent,Sepsis,2,1,7,1,4,Home,2025-05-19,44,Medium,1
P-1122,84,Female,Cardiology,Emergency,Gastrointestinal Bleed,1,0,3,2,12,Skilled Nursing Facility,2025-12-30,57,Medium,1
P-1123,39,Female,Cardiology,Emergency,Hip Fracture,0,0,3,2,3,Home,2025-08-31,16,Low,0
P-1124,71,Male,General Medicine,Emergency,Heart Failure,0,1,1,3,7,Skilled Nursing Facility,2025-01-31,41,Medium,0
P-1125,95,Male,Pediatrics,Urgent,Stroke,1,0,9,1,13,Rehab,2025-09-15,74,High,1
P-1126,46,Female,Emergency,Elective,Gastrointestinal Bleed,0,0,8,3,10,Against Medical Advice,2025-10-08,44,Medium,0
P-1127,52,Female,Pediatrics,Transfer,Diabetes with Complications,1,1,4,3,7,Rehab,2025-06-08,47,Medium,0
P-1128,63,Male,Orthopedics,Elective,Gastrointestinal Bleed,1,0,3,2,6,Home Health Care,2025-08-28,36,Medium,0
P-1129,53,Male,Emergency,Emergency,Sepsis,1,2,8,4,11,Home,2025-06-14,75,High,0
P-1130,37,Female,General Medicine,Elective,Pneumonia,2,1,5,1,6,Home,2025-05-17,34,Medium,0
P-1131,63,Male,Emergency,Emergency,Hip Fracture,1,2,1,3,9,Skilled Nursing Facility,2025-01-10,53,Medium,0
P-1132,45,Male,General Medicine,Emergency,Stroke,2,3,2,5,3,Skilled Nursing Facility,2025-07-07,66,High,0
P-1133,69,Female,ICU,Emergency,Hip Fracture,1,0,5,5,4,Rehab,2025-09-09,64,High,0
P-1134,47,Female,General Medicine,Emergency,Hip Fracture,0,0,6,0,8,Home Health Care,2025-07-08,20,Low,0
P-1135,86,Female,ICU,Emergency,Stroke,2,1,1,3,2,Home,2025-01-21,61,High,1
P-1136,49,Female,Orthopedics,Emergency,Heart Failure,1,0,9,2,2,Rehab,2025-02-23,40,Medium,0
P-1137,56,Female,Orthopedics,Emergency,Hypertension,1,1,4,2,7,Rehab,2025-04-05,42,Medium,0
P-1138,75,Female,Cardiology,Emergency,Hypertension,1,0,2,2,2,Home,2025-08-20,36,Medium,0
P-1139,42,Male,Emergency,Elective,Hypertension,2,1,4,3,6,Home Health Care,2025-03-04,48,Medium,0
P-1140,65,Male,Emergency,Emergency,Hip Fracture,0,1,10,3,1,Skilled Nursing Facility,2025-07-12,57,Medium,0
P-1141,82,Female,General Medicine,Emergency,Acute Kidney Injury,1,0,1,2,4,Home,2025-02-26,40,Medium,1
P-1142,36,Male,Cardiology,Emergency,Diabetes with Complications,2,1,2,1,10,Skilled Nursing Facility,2025-08-20,30,Low,0
P-1143,64,Male,General Medicine,Elective,Diabetes with Complications,1,1,4,4,6,Home,2025-09-10,60,Medium,1
P-1144,66,Male,Cardiology,Elective,Diabetes with Complications,2,0,1,1,1,Home,2025-09-16,29,Low,0
P-1145,74,Male,ICU,Urgent,Gastrointestinal Bleed,2,1,1,0,6,Home,2025-10-07,38,Medium,0
P-1146,42,Male,ICU,Urgent,Acute Kidney Injury,1,1,2,0,9,Home Health Care,2025-02-22,20,Low,0
P-1147,40,Female,Cardiology,Emergency,Pneumonia,1,0,10,2,7,Home,2025-09-17,44,Medium,1
P-1148,70,Male,General Medicine,Emergency,Sepsis,0,0,4,2,9,Home,2025-05-05,39,Medium,0
P-1149,66,Male,Pediatrics,Emergency,Gastrointestinal Bleed,0,1,5,2,6,Skilled Nursing Facility,2025-05-04,42,Medium,0
P-1150,66,Female,Emergency,Transfer,Gastrointestinal Bleed,1,0,1,0,5,Home,2025-11-12,21,Low,1
P-1151,67,Female,Emergency,Elective,Gastrointestinal Bleed,0,1,3,2,7,Home,2025-08-18,38,Medium,0
P-1152,51,Male,Cardiology,Emergency,Hypertension,0,1,3,4,8,Home Health Care,2025-05-15,43,Medium,0
P-1153,65,Female,General Medicine,Emergency,COPD,0,1,9,1,5,Home,2025-03-06,45,Medium,0
P-1154,66,Female,Cardiology,Emergency,Acute Kidney Injury,1,2,1,0,8,Skilled Nursing Facility,2025-07-23,34,Medium,0
P-1155,50,Female,General Medicine,Emergency,Heart Failure,0,0,1,1,6,Home,2025-03-10,15,Low,0
P-1156,91,Male,Neurology,Urgent,Hypertension,1,2,8,5,3,Home Health Care,2025-02-02,87,High,1
P-1157,69,Female,Cardiology,Elective,Sepsis,0,0,2,0,5,Home,2025-08-05,18,Low,0
P-1158,42,Female,General Medicine,Elective,Diabetes with Complications,2,0,6,1,7,Rehab,2025-07-03,35,Medium,1
P-1159,72,Female,ICU,Emergency,Stroke,1,1,1,4,6,Home,2025-08-05,56,Medium,1
P-1160,46,Male,Emergency,Emergency,COPD,1,0,6,0,3,Home,2025-01-21,21,Low,1
P-1161,74,Female,Cardiology,Elective,COPD,1,0,3,4,5,Rehab,2025-07-11,56,Medium,1
P-1162,80,Female,Emergency,Elective,Gastrointestinal Bleed,2,2,12,1,2,Home Health Care,2025-06-07,79,High,1
P-1163,48,Male,Cardiology,Emergency,Heart Failure,2,1,2,1,7,Home Health Care,2025-04-09,34,Medium,1
P-1164,77,Male,Emergency,Emergency,Sepsis,2,0,1,3,9,Home,2025-10-27,58,Medium,1
P-1165,68,Female,Emergency,Urgent,Diabetes with Complications,2,1,4,1,7,Home,2025-02-28,51,Medium,0
P-1166,75,Male,Emergency,Emergency,Sepsis,0,0,12,2,1,Home,2025-04-20,56,Medium,1
P-1167,92,Female,General Medicine,Emergency,Stroke,3,0,2,2,6,Home,2025-05-27,68,High,1
P-1168,58,Male,Neurology,Emergency,Pneumonia,0,0,9,2,3,Home,2025-02-25,39,Medium,1
P-1169,49,Male,Emergency,Elective,COPD,1,0,2,2,1,Against Medical Advice,2025-01-09,22,Low,1
P-1170,47,Female,Cardiology,Emergency,Diabetes with Complications,1,2,1,3,13,Home,2025-05-11,48,Medium,1
P-1171,48,Male,Cardiology,Elective,Stroke,1,0,5,3,8,Home,2025-06-28,42,Medium,0
P-1172,60,Female,Orthopedics,Emergency,Gastrointestinal Bleed,1,1,4,5,2,Home,2025-03-23,59,Medium,0
P-1173,67,Female,General Medicine,Emergency,Acute Kidney Injury,3,1,9,3,6,Home Health Care,2025-02-28,82,High,0
P-1174,66,Female,Emergency,Elective,Acute Kidney Injury,4,1,1,2,7,Home,2025-01-24,65,High,1
P-1175,75,Female,Cardiology,Elective,Gastrointestinal Bleed,2,0,5,2,4,Home,2025-11-24,56,Medium,0
P-1176,62,Female,Emergency,Urgent,Hip Fracture,0,1,5,5,7,Skilled Nursing Facility,2025-07-04,61,High,1
P-1177,85,Male,Cardiology,Emergency,Heart Failure,3,0,24,2,7,Home,2025-03-27,96,High,1
P-1178,57,Female,Neurology,Emergency,Diabetes with Complications,3,0,2,3,1,Home,2025-10-06,48,Medium,1
P-1179,95,Male,Orthopedics,Elective,Stroke,3,0,1,2,1,Home,2025-11-24,61,High,1
P-1180,72,Male,ICU,Emergency,Pneumonia,0,0,3,3,2,Home,2025-04-11,35,Medium,1
P-1181,48,Female,Emergency,Emergency,Sepsis,0,3,3,6,4,Home,2025-07-30,62,High,0
P-1182,44,Female,Cardiology,Emergency,Heart Failure,1,0,3,2,8,Home,2025-10-29,28,Low,0
P-1183,69,Male,Emergency,Emergency,Hip Fracture,2,2,5,0,10,Home,2025-04-19,58,Medium,1
P-1184,58,Male,Orthopedics,Emergency,Diabetes with Complications,1,0,2,2,8,Home,2025-12-31,33,Medium,0
P-1185,73,Female,Emergency,Urgent,Heart Failure,1,0,1,3,3,Home,2025-07-10,40,Medium,0
P-1186,69,Male,Emergency,Urgent,Diabetes with Complications,1,1,3,1,5,Home,2025-03-15,38,Medium,1
P-1187,60,Female,Cardiology,Urgent,Hip Fracture,3,1,6,2,1,Home,2025-07-02,61,High,0
P-1188,48,Female,Orthopedics,Transfer,Hypertension,1,1,10,2,5,Home,2025-05-13,53,Medium,0
P-1189,37,Male,General Medicine,Emergency,Acute Kidney Injury,1,1,5,2,6,Home,2025-02-16,33,Medium,1
P-1190,54,Male,Emergency,Emergency,Gastrointestinal Bleed,0,2,3,1,13,Against Medical Advice,2025-03-07,36,Medium,0
P-1191,75,Female,Cardiology,Elective,Pneumonia,0,1,7,0,4,Home,2025-09-06,37,Medium,1
P-1192,65,Male,Emergency,Urgent,Hip Fracture,1,0,1,3,8,Home Health Care,2025-02-28,41,Medium,0
P-1193,42,Male,Pediatrics,Emergency,COPD,0,0,7,2,7,Skilled Nursing Facility,2025-06-08,29,Low,0
P-1194,64,Male,Emergency,Emergency,Stroke,2,0,3,1,2,Home Health Care,2025-07-28,34,Medium,1
P-1195,68,Male,Emergency,Emergency,Hypertension,2,2,2,4,5,Home Health Care,2025-01-22,69,High,1
P-1196,47,Male,Emergency,Emergency,Hypertension,1,0,6,5,3,Home Health Care,2025-09-29,52,Medium,0
P-1197,64,Female,General Medicine,Emergency,Hip Fracture,1,1,3,1,11,Home Health Care,2025-05-19,42,Medium,1
P-1198,62,Female,Emergency,Emergency,Pneumonia,1,0,5,0,8,Rehab,2025-01-11,31,Medium,0
P-1199,43,Female,Cardiology,Urgent,Pneumonia,3,0,5,1,2,Home,2025-07-01,36,Medium,0
P-1200,67,Female,General Medicine,Emergency,Heart Failure,1,3,3,1,9,Home,2025-06-26,54,Medium,1
P-1201,70,Male,General Medicine,Transfer,Hip Fracture,1,2,20,1,10,Home,2025-01-01,89,High,1
P-1202,79,Male,General Medicine,Emergency,Diabetes with Complications,1,1,3,4,11,Skilled Nursing Facility,2025-12-14,71,High,0
P-1203,78,Female,Orthopedics,Urgent,Stroke,1,1,19,7,8,Home,2025-02-15,97,High,1
P-1204,39,Female,Emergency,Emergency,Stroke,2,0,2,1,6,Skilled Nursing Facility,2025-04-01,23,Low,1
P-1205,46,Female,ICU,Elective,Stroke,7,2,1,1,7,Home,2025-07-31,76,High,1
P-1206,70,Female,Pediatrics,Emergency,COPD,3,1,5,3,6,Home,2025-08-25,75,High,0
P-1207,70,Female,Emergency,Elective,Stroke,1,2,4,1,7,Home,2025-03-18,50,Medium,0
P-1208,70,Male,General Medicine,Urgent,Hypertension,3,0,4,0,2,Home Health Care,2025-01-31,42,Medium,1
P-1209,95,Female,General Medicine,Emergency,Hip Fracture,1,2,24,2,10,Home Health Care,2025-02-17,97,High,1
P-1210,71,Female,Emergency,Emergency,Gastrointestinal Bleed,1,0,1,4,5,Home,2025-02-10,48,Medium,1
P-1211,80,Other,Cardiology,Emergency,Stroke,2,0,3,4,9,Home Health Care,2025-12-18,72,High,1
P-1212,77,Female,General Medicine,Emergency,Sepsis,2,3,2,4,5,Home,2025-11-28,78,High,1
P-1213,72,Female,Orthopedics,Emergency,Acute Kidney Injury,2,0,3,3,8,Home,2025-12-26,60,Medium,1
P-1214,56,Female,General Medicine,Elective,Hypertension,2,1,13,0,11,Home,2025-04-22,68,High,1
P-1215,74,Female,Emergency,Emergency,Hypertension,2,0,8,3,8,Skilled Nursing Facility,2025-11-02,74,High,0
P-1216,49,Other,Cardiology,Elective,Stroke,1,2,2,2,8,Skilled Nursing Facility,2025-01-23,40,Medium,1
P-1217,58,Female,ICU,Urgent,Hypertension,0,4,6,2,8,Home,2025-02-05,61,High,1
P-1218,54,Female,Emergency,Elective,Diabetes with Complications,1,4,4,2,4,Home,2025-04-26,56,Medium,0
P-1219,63,Male,Emergency,Emergency,Acute Kidney Injury,3,2,3,5,2,Skilled Nursing Facility,2025-10-15,78,High,1
P-1220,95,Female,Pediatrics,Elective,Hip Fracture,0,2,2,2,12,Home,2025-04-12,64,High,1
P-1221,32,Female,General Medicine,Emergency,Sepsis,4,1,5,5,6,Home,2025-08-19,74,High,0
P-1222,72,Female,General Medicine,Emergency,Sepsis,1,3,3,1,10,Home,2025-08-04,58,Medium,1
P-1223,36,Male,Emergency,Emergency,Heart Failure,3,2,4,3,10,Home,2025-11-07,64,High,1
P-1224,54,Female,Cardiology,Urgent,Diabetes with Complications,3,0,7,1,3,Home Health Care,2025-07-19,49,Medium,1
P-1225,79,Male,Pediatrics,Elective,Pneumonia,4,2,16,0,2,Home,2025-02-01,90,High,1
P-1226,63,Female,Emergency,Emergency,Stroke,1,0,3,2,7,Rehab,2025-03-29,38,Medium,0
P-1227,44,Male,Cardiology,Emergency,Hypertension,2,1,3,2,5,Home Health Care,2025-01-05,38,Medium,0
P-1228,50,Female,Emergency,Emergency,Sepsis,1,1,9,1,3,Home Health Care,2025-04-24,42,Medium,0
P-1229,72,Male,Orthopedics,Transfer,Acute Kidney Injury,1,0,1,0,1,Home,2025-08-15,20,Low,0
P-1230,50,Male,Orthopedics,Transfer,Gastrointestinal Bleed,4,2,8,0,8,Home,2025-04-06,69,High,0
P-1231,65,Female,ICU,Emergency,Hypertension,1,2,3,3,5,Home Health Care,2025-04-15,56,Medium,0
P-1232,62,Male,Orthopedics,Emergency,Stroke,2,2,3,2,13,Home Health Care,2025-06-11,65,High,1
P-1233,51,Female,Cardiology,Elective,Gastrointestinal Bleed,2,0,2,4,8,Home,2025-06-11,51,Medium,1
P-1234,95,Female,ICU,Emergency,Pneumonia,0,0,1,3,7,Home,2025-06-24,50,Medium,1
P-1235,72,Female,Orthopedics,Emergency,Hip Fracture,2,0,7,1,6,Home,2025-02-26,55,Medium,1
P-1236,29,Male,Orthopedics,Elective,Gastrointestinal Bleed,2,1,11,3,2,Home Health Care,2025-12-01,56,Medium,1
P-1237,64,Female,General Medicine,Emergency,Diabetes with Complications,1,0,4,5,11,Home Health Care,2025-01-02,66,High,1
P-1238,51,Male,General Medicine,Elective,COPD,1,1,1,2,10,Home Health Care,2025-09-09,34,Medium,1
P-1239,75,Female,Orthopedics,Emergency,Diabetes with Complications,0,0,2,1,7,Skilled Nursing Facility,2025-07-09,28,Low,0
P-1240,49,Female,General Medicine,Elective,Stroke,0,0,1,3,1,Home Health Care,2025-05-22,19,Low,1
P-1241,60,Male,Orthopedics,Elective,COPD,0,0,8,2,9,Home,2025-01-25,44,Medium,0
P-1242,70,Male,General Medicine,Emergency,Sepsis,2,1,4,1,1,Home Health Care,2025-09-15,45,Medium,1
P-1243,75,Male,Pediatrics,Elective,Hip Fracture,2,1,18,4,1,Home Health Care,2025-02-21,92,High,1
P-1244,42,Female,Pediatrics,Emergency,Sepsis,0,0,7,1,8,Home,2025-12-13,24,Low,0
P-1245,56,Male,Cardiology,Emergency,COPD,2,1,6,3,4,Home,2025-03-22,60,Medium,1
P-1246,54,Female,Orthopedics,Emergency,Sepsis,1,1,3,4,9,Home Health Care,2025-07-19,54,Medium,0
P-1247,51,Female,Emergency,Emergency,Heart Failure,2,1,2,1,4,Home Health Care,2025-09-02,32,Medium,0
P-1248,90,Female,Emergency,Emergency,Sepsis,0,2,2,2,4,Skilled Nursing Facility,2025-04-21,51,Medium,0
P-1249,68,Female,General Medicine,Elective,Hypertension,1,1,21,2,2,Skilled Nursing Facility,2025-01-08,86,High,1
P-1250,41,Male,ICU,Emergency,Hip Fracture,1,1,2,1,1,Home,2025-02-14,18,Low,1
P-1251,76,Female,Emergency,Emergency,COPD,1,0,1,1,10,Home Health Care,2025-11-12,37,Medium,0
P-1252,95,Female,Orthopedics,Urgent,Gastrointestinal Bleed,6,0,3,0,9,Home,2025-12-10,83,High,1
P-1253,78,Female,Cardiology,Elective,Sepsis,1,2,4,4,6,Home,2025-03-22,73,High,0
P-1254,37,Male,Emergency,Emergency,Sepsis,4,1,1,4,2,Home,2025-04-12,55,Medium,0
P-1255,54,Male,Neurology,Emergency,COPD,2,2,2,0,4,Home,2025-09-06,33,Medium,0
P-1256,82,Male,Emergency,Emergency,Hip Fracture,3,0,2,1,1,Home,2025-01-03,49,Medium,1
P-1257,50,Male,Emergency,Emergency,Acute Kidney Injury,2,1,7,3,6,Skilled Nursing Facility,2025-05-19,62,High,0
P-1258,69,Male,Emergency,Urgent,Heart Failure,2,0,4,1,9,Home,2025-04-21,48,Medium,1
P-1259,74,Female,Emergency,Emergency,Stroke,3,0,7,0,3,Home,2025-04-20,55,Medium,1
P-1260,47,Female,General Medicine,Elective,Hip Fracture,0,0,1,1,1,Home,2025-12-24,11,Low,0
P-1261,61,Female,Orthopedics,Transfer,Sepsis,1,2,2,2,5,Home Health Care,2025-04-19,43,Medium,1
P-1262,18,Female,Emergency,Elective,Stroke,1,0,2,2,3,Home,2025-10-02,12,Low,0
P-1263,45,Male,Orthopedics,Emergency,Stroke,1,1,3,1,4,Home,2025-04-17,24,Low,0
P-1264,57,Female,Emergency,Elective,COPD,1,2,3,0,9,Home,2025-07-19,35,Medium,1
P-1265,42,Female,Emergency,Urgent,COPD,4,0,2,3,3,Home,2025-06-30,50,Medium,0
P-1266,88,Female,General Medicine,Elective,Heart Failure,2,1,8,1,6,Home,2025-03-13,73,High,1
P-1267,39,Female,General Medicine,Urgent,Diabetes with Complications,0,0,11,4,6,Home Health Care,2025-12-04,50,Medium,0
P-1268,54,Male,General Medicine,Emergency,Pneumonia,1,0,7,1,7,Home,2025-04-16,37,Medium,1
P-1269,64,Female,ICU,Urgent,Acute Kidney Injury,2,0,6,2,4,Home,2025-09-02,52,Medium,0
P-1270,85,Male,Cardiology,Transfer,Hypertension,1,0,5,1,7,Home,2025-02-22,50,Medium,0
P-1271,39,Male,Cardiology,Emergency,Gastrointestinal Bleed,1,1,2,3,5,Skilled Nursing Facility,2025-05-05,31,Medium,1
P-1272,80,Male,Cardiology,Elective,Acute Kidney Injury,1,1,12,4,3,Home,2025-10-23,83,High,1
P-1273,62,Female,General Medicine,Elective,Sepsis,1,0,5,1,8,Against Medical Advice,2025-08-18,37,Medium,0
P-1274,46,Male,ICU,Elective,Stroke,1,1,10,1,3,Skilled Nursing Facility,2025-07-14,42,Medium,0
P-1275,69,Female,General Medicine,Urgent,COPD,2,2,3,1,9,Home,2025-09-01,58,Medium,0
P-1276,65,Male,Cardiology,Emergency,Hip Fracture,3,0,3,1,4,Home Health Care,2025-06-08,45,Medium,1
P-1277,52,Female,Emergency,Elective,Sepsis,3,2,1,2,5,Home,2025-04-20,52,Medium,0
P-1278,63,Female,Emergency,Elective,Heart Failure,1,0,2,0,1,Home,2025-11-08,18,Low,0
P-1279,55,Male,Cardiology,Elective,Sepsis,1,1,3,2,4,Home,2025-06-23,35,Medium,0
P-1280,63,Male,Orthopedics,Elective,Diabetes with Complications,3,1,4,3,1,Home Health Care,2025-05-09,63,High,1
P-1281,72,Female,ICU,Emergency,COPD,1,1,3,2,9,Home,2025-07-23,52,Medium,1
P-1282,87,Male,Emergency,Emergency,COPD,3,0,12,2,1,Home Health Care,2025-03-05,83,High,1
P-1283,42,Female,Orthopedics,Urgent,Hypertension,2,1,4,3,9,Home Health Care,2025-07-22,52,Medium,0
P-1284,95,Female,General Medicine,Urgent,Hypertension,2,2,9,1,9,Home,2025-10-27,84,High,1
P-1285,30,Male,Cardiology,Emergency,Acute Kidney Injury,1,3,1,4,3,Rehab,2025-06-18,39,Medium,1
P-1286,59,Male,Emergency,Elective,Hypertension,0,2,4,3,2,Home,2025-05-06,42,Medium,1
P-1287,71,Male,General Medicine,Urgent,Diabetes with Complications,2,1,4,1,4,Skilled Nursing Facility,2025-06-22,50,Medium,1
P-1288,66,Male,Pediatrics,Elective,Sepsis,0,0,1,3,3,Home Health Care,2025-04-12,28,Low,0
P-1289,52,Male,Orthopedics,Elective,Pneumonia,1,2,2,3,6,Home Health Care,2025-10-30,46,Medium,0
P-1290,58,Male,Emergency,Emergency,Gastrointestinal Bleed,4,1,4,1,4,Skilled Nursing Facility,2025-12-20,59,Medium,1
P-1291,54,Male,Pediatrics,Elective,Sepsis,1,0,4,0,6,Skilled Nursing Facility,2025-06-06,23,Low,0
P-1292,52,Male,ICU,Elective,Pneumonia,2,1,11,4,5,Home,2025-09-20,78,High,1
P-1293,75,Female,ICU,Elective,Pneumonia,1,0,1,3,10,Home Health Care,2025-12-19,50,Medium,1
P-1294,67,Female,Orthopedics,Elective,Acute Kidney Injury,1,1,2,1,8,Home,2025-10-19,38,Medium,1
P-1295,50,Female,Cardiology,Emergency,Sepsis,0,2,2,3,3,Home,2025-04-16,33,Medium,1
P-1296,76,Male,ICU,Transfer,COPD,1,0,7,2,8,Rehab,2025-11-28,59,Medium,0
P-1297,66,Male,Cardiology,Elective,Acute Kidney Injury,2,0,2,4,3,Home,2025-09-15,54,Medium,0
P-1298,75,Female,Emergency,Elective,Pneumonia,1,1,11,3,2,Home,2025-09-10,74,High,1
P-1299,72,Female,General Medicine,Urgent,Hypertension,1,1,13,3,7,Home,2025-12-09,81,High,1
P-1300,48,Male,General Medicine,Urgent,COPD,1,2,1,0,10,Home,2025-10-05,26,Low,0
P-1301,53,Male,Cardiology,Urgent,Hip Fracture,2,1,2,4,8,Home,2025-05-20,58,Medium,0
P-1302,73,Female,Emergency,Elective,Hip Fracture,1,0,3,1,8,Home,2025-12-20,38,Medium,1
P-1303,71,Female,Neurology,Emergency,Heart Failure,1,1,10,0,11,Home Health Care,2025-12-04,60,Medium,0
P-1304,61,Male,Orthopedics,Emergency,COPD,0,0,1,4,7,Home,2025-04-07,36,Medium,1
P-1305,63,Female,Emergency,Emergency,Diabetes with Complications,1,0,2,4,5,Home,2025-10-20,46,Medium,1
P-1306,82,Female,Pediatrics,Emergency,COPD,1,0,6,4,6,Against Medical Advice,2025-10-02,70,High,1
P-1307,52,Female,General Medicine,Elective,Acute Kidney Injury,0,0,6,1,3,Rehab,2025-02-05,22,Low,0
P-1308,70,Female,ICU,Emergency,Heart Failure,2,0,2,3,5,Home Health Care,2025-04-17,52,Medium,1
P-1309,58,Male,ICU,Urgent,Acute Kidney Injury,0,0,15,1,9,Home,2025-02-10,57,Medium,0
P-1310,58,Female,Cardiology,Elective,Stroke,1,2,2,4,5,Home,2025-08-04,55,Medium,0
P-1311,79,Female,General Medicine,Emergency,Acute Kidney Injury,3,0,5,2,9,Skilled Nursing Facility,2025-01-02,72,High,1
P-1312,75,Female,Cardiology,Emergency,Stroke,1,0,5,5,13,Home,2025-09-19,76,High,1
P-1313,75,Female,Emergency,Emergency,Gastrointestinal Bleed,1,1,8,3,2,Rehab,2025-05-09,66,High,1
P-1314,82,Female,ICU,Urgent,Hip Fracture,2,1,2,1,2,Home,2025-10-04,48,Medium,0
P-1315,62,Male,Neurology,Emergency,Heart Failure,2,2,3,3,12,Skilled Nursing Facility,2025-11-05,70,High,0
P-1316,72,Male,Emergency,Elective,Hypertension,1,0,3,4,14,Home,2025-12-04,65,High,1
P-1317,57,Female,Neurology,Elective,Hypertension,1,1,1,3,3,Home,2025-11-29,36,Medium,1
P-1318,67,Male,Neurology,Elective,Diabetes with Complications,3,0,6,1,5,Home Health Care,2025-05-21,57,Medium,1
P-1319,59,Male,ICU,Emergency,Sepsis,1,0,7,2,9,Skilled Nursing Facility,2025-09-04,49,Medium,0
P-1320,63,Male,Emergency,Emergency,Acute Kidney Injury,3,1,8,1,11,Home Health Care,2025-01-19,72,High,1
P-1321,71,Female,ICU,Emergency,Heart Failure,1,0,6,2,7,Home,2025-06-11,51,Medium,1
P-1322,48,Male,Neurology,Emergency,Diabetes with Complications,0,0,5,5,7,Skilled Nursing Facility,2025-01-06,46,Medium,1
P-1323,95,Female,Emergency,Elective,Pneumonia,1,0,4,3,1,Home,2025-03-27,60,Medium,1
P-1324,45,Male,ICU,Emergency,Hypertension,1,2,5,1,4,Home,2025-07-14,34,Medium,0
P-1325,42,Male,Cardiology,Emergency,Acute Kidney Injury,2,1,1,7,4,Home,2025-10-17,64,High,0
P-1326,80,Male,Emergency,Emergency,Stroke,3,1,3,2,6,Home Health Care,2025-04-25,69,High,1
P-1327,74,Male,Neurology,Elective,Sepsis,1,1,1,0,10,Home,2025-02-07,35,Medium,0
P-1328,71,Female,General Medicine,Emergency,Pneumonia,0,0,4,2,8,Skilled Nursing Facility,2025-04-05,38,Medium,1
P-1329,72,Female,Orthopedics,Emergency,Sepsis,1,0,1,2,5,Home,2025-02-15,35,Medium,0
P-1330,61,Female,Emergency,Elective,COPD,0,0,1,1,2,Home,2025-11-12,16,Low,0
P-1331,47,Male,ICU,Emergency,Pneumonia,0,0,6,1,7,Home,2025-10-06,24,Low,1
P-1332,63,Female,Pediatrics,Emergency,COPD,1,1,6,4,4,Home,2025-09-16,63,High,1
P-1333,51,Male,ICU,Emergency,Hip Fracture,1,1,3,1,9,Home,2025-10-30,32,Medium,0
P-1334,77,Male,Neurology,Urgent,Heart Failure,0,0,1,1,6,Home,2025-09-19,25,Low,0
P-1335,59,Female,Emergency,Emergency,Pneumonia,0,1,17,0,10,Home,2025-08-08,64,High,0
P-1336,48,Female,ICU,Emergency,Hypertension,1,5,1,4,10,Home,2025-05-14,70,High,1
P-1337,56,Male,General Medicine,Transfer,Hip Fracture,1,1,4,2,10,Home,2025-01-26,46,Medium,0
P-1338,68,Male,Pediatrics,Emergency,Hypertension,1,1,2,6,9,Home,2025-03-30,73,High,1
P-1339,52,Female,Pediatrics,Elective,Gastrointestinal Bleed,0,2,1,1,3,Home,2025-11-25,21,Low,0
P-1340,48,Male,Cardiology,Emergency,Pneumonia,1,1,4,3,4,Home,2025-04-07,41,Medium,1
P-1341,65,Female,Cardiology,Emergency,Gastrointestinal Bleed,2,2,1,2,5,Rehab,2025-10-05,51,Medium,1
P-1342,65,Other,General Medicine,Elective,Hypertension,0,0,3,2,5,Home,2025-01-17,29,Low,0
P-1343,53,Female,General Medicine,Urgent,Hypertension,0,1,5,1,5,Home,2025-05-15,27,Low,0
P-1344,54,Male,General Medicine,Emergency,COPD,1,0,3,5,8,Home,2025-05-14,54,Medium,1
P-1345,65,Female,Cardiology,Elective,COPD,2,0,4,1,11,Home,2025-12-01,48,Medium,1
P-1346,38,Male,Pediatrics,Elective,Stroke,3,2,2,1,3,Home,2025-05-13,37,Medium,0
P-1347,39,Male,General Medicine,Emergency,Sepsis,0,1,6,1,8,Home,2025-02-28,25,Low,1
P-1348,50,Female,Orthopedics,Elective,Hypertension,3,3,5,1,9,Home,2025-07-16,66,High,1
P-1349,58,Male,Emergency,Emergency,Pneumonia,2,1,6,2,4,Home Health Care,2025-08-20,54,Medium,1
P-1350,66,Male,Emergency,Emergency,Hip Fracture,0,1,2,1,4,Rehab,2025-12-17,25,Low,0
P-1351,85,Female,Pediatrics,Emergency,Acute Kidney Injury,1,0,13,3,8,Skilled Nursing Facility,2025-05-10,83,High,0
P-1352,75,Female,General Medicine,Urgent,Diabetes with Complications,2,0,5,4,3,Home,2025-09-21,68,High,1
P-1353,59,Male,Orthopedics,Emergency,Hypertension,0,2,1,4,10,Home Health Care,2025-03-18,50,Medium,1
P-1354,61,Male,Pediatrics,Elective,Pneumonia,1,0,17,1,6,Home,2025-09-21,69,High,0
P-1355,45,Male,General Medicine,Emergency,Stroke,1,0,4,0,10,Home Health Care,2025-02-22,22,Low,0
P-1356,61,Male,Emergency,Emergency,Hypertension,0,1,6,1,13,Home,2025-11-11,43,Medium,1
P-1357,57,Female,ICU,Elective,Gastrointestinal Bleed,0,0,3,2,7,Home,2025-11-27,27,Low,0
P-1358,67,Female,ICU,Elective,Heart Failure,1,0,3,3,7,Home,2025-01-25,47,Medium,1
P-1359,48,Female,Cardiology,Emergency,Sepsis,1,1,6,2,2,Home Health Care,2025-12-04,37,Medium,1
P-1360,70,Male,Cardiology,Emergency,Gastrointestinal Bleed,1,1,10,2,8,Home Health Care,2025-06-11,69,High,1
P-1361,86,Male,Cardiology,Urgent,Stroke,0,0,15,1,4,Home,2025-06-29,67,High,0
P-1362,60,Male,Emergency,Emergency,Pneumonia,2,0,21,1,2,Home Health Care,2025-12-01,80,High,1
P-1363,68,Male,Emergency,Elective,Stroke,1,0,5,1,5,Skilled Nursing Facility,2025-11-16,37,Medium,1
P-1364,73,Male,Emergency,Elective,Diabetes with Complications,2,0,1,1,10,Home,2025-12-08,43,Medium,0
P-1365,55,Male,ICU,Elective,Hypertension,1,1,4,0,3,Home,2025-04-15,25,Low,0
P-1366,65,Male,ICU,Urgent,Diabetes with Complications,1,2,2,1,11,Home Health Care,2025-08-14,46,Medium,1
P-1367,62,Female,General Medicine,Elective,Heart Failure,2,1,5,0,12,Home,2025-03-22,50,Medium,0
P-1368,63,Female,Emergency,Emergency,Pneumonia,0,1,2,0,11,Home Health Care,2025-12-31,25,Low,0
P-1369,49,Female,Emergency,Emergency,Heart Failure,2,0,4,1,4,Home,2025-08-28,31,Medium,0
P-1370,62,Male,General Medicine,Emergency,Hip Fracture,1,1,5,4,9,Rehab,2025-03-08,65,High,1
P-1371,69,Female,Orthopedics,Emergency,Hip Fracture,2,1,11,4,9,Rehab,2025-09-24,87,High,1
P-1372,85,Female,Emergency,Urgent,COPD,1,0,8,3,4,Home,2025-07-29,68,High,1
P-1373,77,Male,General Medicine,Emergency,Heart Failure,3,0,1,1,9,Home,2025-03-04,53,Medium,0
P-1374,95,Female,Pediatrics,Elective,Diabetes with Complications,1,1,1,3,5,Home,2025-01-28,62,High,1
P-1375,49,Female,Orthopedics,Elective,Diabetes with Complications,1,1,10,4,8,Home,2025-03-05,70,High,1
P-1376,75,Female,Emergency,Urgent,Diabetes with Complications,0,0,7,4,9,Home,2025-07-08,64,High,1
P-1377,64,Male,General Medicine,Elective,Gastrointestinal Bleed,2,0,1,2,2,Home Health Care,2025-12-01,35,Medium,1
P-1378,95,Male,Cardiology,Elective,Stroke,2,0,5,2,9,Skilled Nursing Facility,2025-09-07,73,High,1
P-1379,49,Female,General Medicine,Emergency,Gastrointestinal Bleed,0,1,4,1,6,Skilled Nursing Facility,2025-01-14,24,Low,0
P-1380,48,Male,Pediatrics,Elective,Hypertension,1,0,7,5,7,Home,2025-10-12,61,High,1
P-1381,52,Female,Emergency,Emergency,Hypertension,1,1,8,3,7,Home Health Care,2025-10-17,59,Medium,1
P-1382,28,Female,Neurology,Urgent,Diabetes with Complications,2,1,6,2,6,Home,2025-09-11,38,Medium,0
P-1383,53,Male,Emergency,Emergency,Acute Kidney Injury,0,1,6,3,1,Home,2025-10-11,37,Medium,0
P-1384,49,Female,Pediatrics,Emergency,Heart Failure,0,0,5,7,7,Home,2025-03-17,61,High,1
P-1385,64,Female,General Medicine,Emergency,Diabetes with Complications,2,0,1,1,3,Skilled Nursing Facility,2025-01-13,30,Low,0
P-1386,67,Male,ICU,Elective,COPD,3,1,6,1,13,Home,2025-12-24,72,High,1
P-1387,92,Male,General Medicine,Elective,Hypertension,3,0,3,0,3,Against Medical Advice,2025-02-07,54,Medium,0
P-1388,77,Female,Cardiology,Emergency,Heart Failure,1,1,18,3,12,Home Health Care,2025-02-22,92,High,0
P-1389,52,Female,ICU,Emergency,Hip Fracture,3,2,6,5,9,Home,2025-07-04,85,High,1
P-1390,47,Male,Orthopedics,Emergency,Sepsis,0,0,3,1,7,Home,2025-09-15,18,Low,0
P-1391,69,Male,Cardiology,Emergency,Heart Failure,0,0,11,3,4,Home,2025-09-24,60,Medium,1
P-1392,40,Female,General Medicine,Emergency,Gastrointestinal Bleed,2,1,2,0,7,Home Health Care,2025-01-04,24,Low,0
P-1393,91,Female,Cardiology,Emergency,Heart Failure,1,0,3,2,6,Home,2025-01-02,54,Medium,1
P-1394,80,Male,Cardiology,Elective,COPD,1,2,1,5,5,Home,2025-03-31,72,High,1
P-1395,54,Female,Pediatrics,Emergency,Acute Kidney Injury,1,0,5,3,4,Home,2025-08-06,41,Medium,1
P-1396,34,Male,Emergency,Urgent,Gastrointestinal Bleed,2,1,4,2,5,Skilled Nursing Facility,2025-10-04,35,Medium,1
P-1397,83,Male,General Medicine,Emergency,Diabetes with Complications,2,0,4,4,10,Home,2025-06-07,76,High,0
P-1398,60,Female,General Medicine,Elective,Gastrointestinal Bleed,1,0,2,2,4,Home,2025-12-04,30,Low,0
P-1399,81,Male,General Medicine,Elective,Heart Failure,3,0,4,2,12,Home Health Care,2025-07-23,73,High,0
P-1400,36,Female,Neurology,Emergency,COPD,3,0,3,1,13,Home,2025-07-14,39,Medium,1
P-1401,52,Male,General Medicine,Emergency,Stroke,1,0,1,4,6,Rehab,2025-01-19,38,Medium,0
P-1402,62,Female,Emergency,Emergency,COPD,1,1,1,2,6,Home Health Care,2025-05-02,36,Medium,1
P-1403,62,Male,Orthopedics,Emergency,Hip Fracture,0,0,11,1,1,Home,2025-10-25,38,Medium,0
P-1404,54,Male,Cardiology,Emergency,Stroke,2,1,8,1,3,Skilled Nursing Facility,2025-07-18,50,Medium,1
P-1405,71,Female,Emergency,Emergency,Sepsis,0,0,1,1,8,Rehab,2025-01-15,25,Low,0
P-1406,44,Female,Pediatrics,Emergency,Acute Kidney Injury,0,1,17,1,4,Home Health Care,2025-02-12,54,Medium,1
P-1407,59,Female,General Medicine,Emergency,Hypertension,2,1,3,2,1,Home,2025-04-14,42,Medium,0
P-1408,63,Female,Orthopedics,Emergency,Pneumonia,2,0,7,3,5,Against Medical Advice,2025-02-13,62,High,1
P-1409,70,Female,General Medicine,Emergency,Hip Fracture,1,2,4,2,6,Home,2025-09-07,56,Medium,1
P-1410,73,Female,Orthopedics,Emergency,COPD,3,1,7,2,15,Home,2025-08-05,83,High,1
P-1411,44,Female,Neurology,Elective,Hip Fracture,3,1,5,1,4,Home,2025-04-02,45,Medium,0
P-1412,37,Female,Cardiology,Elective,Heart Failure,1,1,1,3,5,Home,2025-03-06,28,Low,1
P-1413,82,Female,Cardiology,Urgent,Diabetes with Complications,2,0,12,1,7,Rehab,2025-09-04,75,High,0
P-1414,67,Female,Emergency,Emergency,Diabetes with Complications,1,2,7,1,9,Home Health Care,2025-09-02,60,Medium,0
P-1415,50,Male,General Medicine,Emergency,Sepsis,0,0,2,5,5,Home Health Care,2025-12-21,36,Medium,1
P-1416,86,Female,Cardiology,Emergency,Acute Kidney Injury,3,0,2,3,8,Home,2025-06-28,73,High,1
P-1417,63,Male,ICU,Emergency,Hypertension,2,3,6,1,5,Rehab,2025-08-19,64,High,0
P-1418,80,Male,Emergency,Elective,Hypertension,1,0,6,4,10,Home,2025-10-02,73,High,1
P-1419,63,Male,Pediatrics,Emergency,Stroke,2,1,1,0,9,Home,2025-06-04,35,Medium,0
P-1420,94,Female,General Medicine,Elective,Diabetes with Complications,2,2,11,2,10,Home Health Care,2025-03-15,90,High,1
P-1421,90,Female,Emergency,Elective,Gastrointestinal Bleed,2,0,7,1,9,Home,2025-04-09,69,High,1
P-1422,58,Female,Cardiology,Transfer,Diabetes with Complications,1,3,19,1,6,Home,2025-06-15,85,High,1
P-1423,77,Male,Emergency,Emergency,Heart Failure,1,2,3,2,11,Rehab,2025-05-01,63,High,1
P-1424,72,Male,Cardiology,Emergency,Diabetes with Complications,1,1,1,2,1,Home Health Care,2025-02-17,36,Medium,1
P-1425,83,Female,Cardiology,Emergency,Pneumonia,1,2,11,2,1,Rehab,2025-05-16,76,High,1
P-1426,46,Male,Neurology,Emergency,Sepsis,2,0,8,0,12,Home,2025-02-27,43,Medium,0
P-1427,72,Male,Pediatrics,Urgent,Stroke,1,2,1,2,9,Home,2025-03-16,52,Medium,0
P-1428,78,Male,Cardiology,Emergency,Sepsis,1,0,4,3,2,Home,2025-07-22,50,Medium,1
P-1429,33,Female,ICU,Elective,Heart Failure,2,0,1,4,9,Skilled Nursing Facility,2025-10-22,38,Medium,0
P-1430,43,Male,Emergency,Emergency,Gastrointestinal Bleed,1,0,2,2,12,Home,2025-03-19,29,Low,1
P-1431,29,Male,Emergency,Emergency,Hip Fracture,1,1,10,2,14,Home Health Care,2025-10-12,52,Medium,1
P-1432,57,Female,Cardiology,Emergency,Diabetes with Complications,0,0,6,2,4,Home,2025-07-19,31,Medium,0
P-1433,73,Male,Emergency,Emergency,Heart Failure,2,2,9,3,1,Home Health Care,2025-09-02,78,High,1
P-1434,86,Female,Cardiology,Elective,Stroke,1,1,4,1,9,Home,2025-08-31,56,Medium,0
P-1435,63,Male,General Medicine,Transfer,Pneumonia,2,2,7,1,7,Home,2025-07-29,63,High,1
P-1436,88,Male,General Medicine,Elective,Pneumonia,4,0,3,1,2,Home Health Care,2025-03-21,65,High,1
P-1437,39,Female,General Medicine,Emergency,Hypertension,3,1,4,3,3,Home,2025-12-25,51,Medium,0
P-1438,34,Female,Emergency,Emergency,Gastrointestinal Bleed,1,0,5,3,7,Home,2025-01-12,33,Medium,1
P-1439,61,Female,Neurology,Urgent,Diabetes with Complications,1,0,1,3,3,Home Health Care,2025-05-03,33,Medium,0
P-1440,68,Female,Pediatrics,Emergency,Acute Kidney Injury,3,1,5,3,3,Home Health Care,2025-12-17,71,High,1
P-1441,61,Male,Cardiology,Urgent,COPD,2,0,9,1,8,Home,2025-06-29,57,Medium,0
P-1442,28,Male,Cardiology,Emergency,Heart Failure,0,0,1,4,7,Home Health Care,2025-10-13,20,Low,0
P-1443,60,Male,Emergency,Emergency,Sepsis,2,0,3,2,6,Rehab,2025-05-26,43,Medium,0
P-1444,41,Female,ICU,Emergency,Sepsis,3,1,12,2,9,Home Health Care,2025-04-22,75,High,0
P-1445,72,Female,Emergency,Transfer,Heart Failure,1,0,2,3,12,Home Health Care,2025-10-13,53,Medium,1
P-1446,67,Female,General Medicine,Emergency,Stroke,4,0,10,1,7,Skilled Nursing Facility,2025-12-30,77,High,1
P-1447,46,Male,Emergency,Emergency,Sepsis,2,1,5,2,1,Skilled Nursing Facility,2025-06-07,40,Medium,0
P-1448,53,Female,Emergency,Emergency,COPD,0,1,9,1,5,Home,2025-10-17,37,Medium,0
P-1449,45,Female,Emergency,Elective,Stroke,1,1,1,3,11,Against Medical Advice,2025-11-10,39,Medium,0
P-1450,60,Female,Pediatrics,Emergency,Pneumonia,1,3,7,0,11,Home,2025-04-21,57,Medium,1
P-1451,77,Female,Cardiology,Elective,Hypertension,7,0,1,4,6,Against Medical Advice,2025-07-23,90,High,1
P-1452,46,Female,General Medicine,Urgent,Sepsis,2,0,3,4,4,Home,2025-10-31,46,Medium,1
P-1453,70,Male,ICU,Urgent,Sepsis,3,1,2,2,4,Home,2025-01-16,59,Medium,1
P-1454,53,Male,ICU,Emergency,Hypertension,1,1,5,0,7,Skilled Nursing Facility,2025-07-06,30,Low,0
P-1455,49,Male,General Medicine,Elective,Sepsis,3,1,7,4,1,Home,2025-06-27,70,High,1
P-1456,60,Male,Cardiology,Emergency,Pneumonia,0,3,2,4,10,Home,2025-01-25,60,Medium,0
P-1457,45,Male,ICU,Elective,Hypertension,2,0,9,6,8,Home Health Care,2025-06-01,78,High,1
P-1458,53,Male,Cardiology,Urgent,Acute Kidney Injury,1,0,4,0,2,Home Health Care,2025-04-17,19,Low,0
P-1459,42,Male,General Medicine,Emergency,Heart Failure,3,0,7,1,4,Home,2025-03-24,43,Medium,0
P-1460,93,Female,General Medicine,Urgent,Sepsis,1,1,6,2,2,Home,2025-08-11,65,High,0
P-1461,62,Female,Cardiology,Urgent,Stroke,5,1,1,0,5,Home,2025-06-18,55,Medium,1
P-1462,50,Female,General Medicine,Emergency,Acute Kidney Injury,0,2,6,2,5,Home,2025-08-09,40,Medium,1
P-1463,65,Male,Cardiology,Elective,Acute Kidney Injury,1,2,8,0,6,Home,2025-08-10,51,Medium,1
P-1464,60,Male,General Medicine,Emergency,Sepsis,1,1,1,0,8,Home,2025-01-24,25,Low,0
P-1465,58,Male,Emergency,Emergency,Stroke,2,0,1,2,5,Home,2025-10-21,35,Medium,0
P-1466,71,Female,General Medicine,Emergency,COPD,2,1,4,1,2,Home Health Care,2025-02-22,47,Medium,0
P-1467,74,Female,Pediatrics,Urgent,Stroke,1,1,1,3,6,Skilled Nursing Facility,2025-01-04,50,Medium,0
P-1468,53,Male,Neurology,Emergency,Acute Kidney Injury,2,0,3,0,4,Home,2025-07-14,25,Low,0
P-1469,52,Female,ICU,Elective,Stroke,2,1,9,2,3,Home,2025-08-29,58,Medium,0
P-1470,57,Male,Orthopedics,Elective,Heart Failure,1,1,1,1,5,Home Health Care,2025-11-03,26,Low,0
P-1471,25,Female,ICU,Elective,Hypertension,2,0,1,2,9,Skilled Nursing Facility,2025-11-11,22,Low,0
P-1472,37,Male,Pediatrics,Elective,Diabetes with Complications,1,1,1,1,6,Home,2025-07-04,19,Low,0
P-1473,83,Male,Cardiology,Emergency,Diabetes with Complications,1,0,4,2,10,Home,2025-06-04,57,Medium,0
P-1474,88,Female,Emergency,Elective,Stroke,1,2,2,1,7,Against Medical Advice,2025-02-05,55,Medium,1
P-1475,58,Female,ICU,Emergency,Gastrointestinal Bleed,1,1,8,1,8,Home Health Care,2025-09-01,50,Medium,0
P-1476,71,Female,Cardiology,Elective,Stroke,2,0,4,2,4,Skilled Nursing Facility,2025-09-24,50,Medium,0
P-1477,66,Female,General Medicine,Emergency,Sepsis,4,2,5,2,1,Home Health Care,2025-02-17,74,High,1
P-1478,95,Male,Neurology,Emergency,Pneumonia,3,1,2,1,3,Home,2025-11-27,66,High,1
P-1479,79,Male,General Medicine,Urgent,Acute Kidney Injury,1,1,4,1,9,Home,2025-05-18,52,Medium,1
P-1480,59,Female,General Medicine,Emergency,Hypertension,0,0,3,4,8,Home Health Care,2025-12-19,41,Medium,0
P-1481,46,Female,General Medicine,Emergency,Diabetes with Complications,2,3,4,2,12,Home,2025-04-28,63,High,1
P-1482,36,Female,Cardiology,Emergency,Gastrointestinal Bleed,0,2,6,1,10,Home,2025-08-02,31,Medium,0
P-1483,65,Male,ICU,Emergency,Sepsis,2,0,3,1,2,Home,2025-04-28,35,Medium,0
P-1484,49,Female,ICU,Emergency,Gastrointestinal Bleed,2,2,1,1,12,Skilled Nursing Facility,2025-02-17,43,Medium,1
P-1485,39,Male,Emergency,Elective,Gastrointestinal Bleed,1,1,3,1,7,Skilled Nursing Facility,2025-05-16,24,Low,0
P-1486,51,Female,Cardiology,Urgent,Stroke,1,1,10,2,1,Home,2025-02-25,50,Medium,1
P-1487,44,Female,ICU,Emergency,Acute Kidney Injury,1,3,8,1,4,Home Health Care,2025-08-05,49,Medium,0
P-1488,88,Female,Cardiology,Emergency,COPD,2,2,9,2,1,Home,2025-03-29,80,High,1
P-1489,76,Male,Cardiology,Elective,Heart Failure,1,0,1,3,9,Home,2025-06-22,49,Medium,0
P-1490,61,Male,Neurology,Emergency,Gastrointestinal Bleed,1,0,1,4,9,Home,2025-12-23,47,Medium,1
P-1491,85,Male,Cardiology,Urgent,Sepsis,4,1,8,2,3,Home Health Care,2025-01-18,85,High,1
P-1492,63,Female,Emergency,Emergency,Diabetes with Complications,1,0,5,2,6,Home,2025-12-11,42,Medium,1
P-1493,48,Male,General Medicine,Emergency,Stroke,0,2,4,2,10,Home,2025-10-19,39,Medium,0
P-1494,86,Female,Emergency,Emergency,Sepsis,0,0,6,2,14,Home,2025-03-30,61,High,0
P-1495,70,Female,ICU,Elective,COPD,3,1,13,2,11,Home,2025-05-20,88,High,1
P-1496,45,Female,Emergency,Elective,Sepsis,2,1,1,3,6,Skilled Nursing Facility,2025-07-17,41,Medium,1
P-1497,58,Female,ICU,Emergency,Sepsis,2,0,1,1,12,Home,2025-06-28,37,Medium,1
P-1498,47,Female,Emergency,Emergency,Acute Kidney Injury,0,1,5,1,8,Home,2025-04-27,27,Low,1
P-1499,39,Female,Cardiology,Urgent,Heart Failure,1,0,6,4,4,Home,2025-05-09,42,Medium,0
P-1500,76,Male,General Medicine,Urgent,Pneumonia,5,2,5,0,1,Home,2025-03-29,75,High,1
P-1501,92,Female,General Medicine,Emergency,Stroke,0,3,2,1,9,Home,2025-10-29,58,Medium,0
P-1502,39,Female,Emergency,Urgent,Diabetes with Complications,3,1,5,2,2,Home,2025-01-23,46,Medium,1
P-1503,71,Male,Emergency,Elective,Hypertension,2,0,4,2,4,Home,2025-08-08,50,Medium,1
P-1504,51,Female,Emergency,Emergency,Hypertension,1,1,1,2,5,Home,2025-04-13,29,Low,0
P-1505,54,Female,Orthopedics,Emergency,Heart Failure,0,0,5,2,9,Home,2025-05-12,32,Medium,0
P-1506,52,Female,Cardiology,Elective,Hip Fracture,1,0,3,3,5,Home,2025-05-11,35,Medium,1
P-1507,48,Male,General Medicine,Emergency,Stroke,2,1,9,1,1,Skilled Nursing Facility,2025-02-07,47,Medium,1
P-1508,62,Female,General Medicine,Elective,Sepsis,0,1,5,2,6,Home,2025-11-09,39,Medium,1
P-1509,48,Male,Emergency,Emergency,Hypertension,1,1,4,4,7,Home Health Care,2025-01-05,51,Medium,0
P-1510,66,Female,Cardiology,Elective,Acute Kidney Injury,1,0,11,3,6,Home Health Care,2025-03-13,68,High,1
P-1511,61,Male,Emergency,Emergency,Sepsis,0,1,5,3,5,Home,2025-08-08,44,Medium,0
P-1512,58,Female,ICU,Emergency,Heart Failure,1,2,2,1,3,Home Health Care,2025-08-13,33,Medium,0
P-1513,47,Male,ICU,Emergency,Gastrointestinal Bleed,2,0,3,0,6,Home Health Care,2025-06-22,24,Low,1
P-1514,52,Male,Cardiology,Emergency,Heart Failure,0,1,6,1,4,Home Health Care,2025-05-31,28,Low,0
P-1515,74,Male,Cardiology,Emergency,COPD,1,2,8,0,6,Skilled Nursing Facility,2025-01-06,56,Medium,0
P-1516,70,Male,Emergency,Emergency,Pneumonia,0,1,2,4,1,Home,2025-10-03,43,Medium,0
P-1517,46,Female,Orthopedics,Transfer,COPD,0,2,6,3,9,Home,2025-05-26,49,Medium,0
P-1518,63,Female,Cardiology,Elective,Heart Failure,2,0,6,0,5,Home,2025-05-24,39,Medium,1
P-1519,74,Male,Neurology,Elective,Hypertension,0,1,1,1,1,Home,2025-07-28,24,Low,1
P-1520,35,Male,Pediatrics,Emergency,COPD,2,0,1,3,12,Home,2025-06-23,36,Medium,1
P-1521,70,Male,Pediatrics,Emergency,COPD,1,0,4,2,8,Skilled Nursing Facility,2025-08-07,46,Medium,0
P-1522,51,Female,Orthopedics,Emergency,Pneumonia,0,1,3,2,2,Home,2025-01-21,24,Low,0
P-1523,71,Male,Emergency,Elective,Hip Fracture,3,1,1,1,4,Home,2025-06-05,49,Medium,0
P-1524,49,Male,ICU,Emergency,Stroke,2,1,1,1,1,Home,2025-05-10,25,Low,0
P-1525,33,Male,General Medicine,Elective,Gastrointestinal Bleed,1,1,11,0,4,Home,2025-07-10,32,Medium,1
P-1526,35,Male,General Medicine,Emergency,Diabetes with Complications,3,1,1,3,6,Home,2025-06-06,43,Medium,0
P-1527,62,Male,Orthopedics,Transfer,Hypertension,1,2,3,1,6,Skilled Nursing Facility,2025-05-28,41,Medium,0
P-1528,66,Male,Pediatrics,Emergency,Pneumonia,0,1,3,4,4,Against Medical Advice,2025-05-06,47,Medium,1
P-1529,47,Female,Emergency,Emergency,Sepsis,0,0,1,3,5,Home,2025-01-05,21,Low,0
P-1530,72,Female,Emergency,Elective,Diabetes with Complications,2,1,1,3,7,Home,2025-02-18,59,Medium,0
P-1531,35,Male,Cardiology,Transfer,Diabetes with Complications,2,1,4,3,7,Home Health Care,2025-05-19,45,Medium,0
P-1532,60,Female,ICU,Elective,Hypertension,0,0,6,0,12,Skilled Nursing Facility,2025-01-04,29,Low,0
P-1533,42,Male,Emergency,Emergency,Diabetes with Complications,0,1,9,0,1,Rehab,2025-05-30,22,Low,1
P-1534,51,Female,General Medicine,Emergency,Diabetes with Complications,3,0,9,6,6,Home Health Care,2025-10-12,84,High,0
P-1535,62,Male,Orthopedics,Urgent,Acute Kidney Injury,3,1,4,1,10,Home,2025-03-02,60,Medium,0
P-1536,48,Female,Emergency,Emergency,Heart Failure,1,3,2,2,15,Home Health Care,2025-06-23,54,Medium,0
P-1537,55,Female,Neurology,Emergency,Stroke,2,1,4,3,3,Home,2025-05-25,52,Medium,1
P-1538,78,Male,General Medicine,Urgent,Heart Failure,2,0,5,1,7,Home Health Care,2025-10-26,54,Medium,0
P-1539,52,Female,Orthopedics,Urgent,Heart Failure,0,2,2,6,6,Home Health Care,2025-03-17,58,Medium,1
P-1540,75,Female,Cardiology,Elective,Acute Kidney Injury,1,0,5,2,1,Home Health Care,2025-03-31,43,Medium,1
P-1541,43,Female,Orthopedics,Transfer,Stroke,0,0,1,5,4,Home,2025-02-04,29,Low,1
P-1542,70,Male,General Medicine,Emergency,Pneumonia,2,0,2,0,9,Home Health Care,2025-03-13,36,Medium,1
P-1543,85,Male,Cardiology,Emergency,Stroke,4,1,12,3,1,Home Health Care,2025-07-26,92,High,1
P-1544,22,Female,Cardiology,Elective,Gastrointestinal Bleed,0,2,4,2,10,Home,2025-12-14,25,Low,1
P-1545,49,Male,Neurology,Elective,COPD,2,0,1,1,6,Skilled Nursing Facility,2025-05-28,25,Low,0
P-1546,71,Female,ICU,Elective,Acute Kidney Injury,2,3,5,1,5,Home Health Care,2025-10-29,66,High,1
P-1547,58,Male,Emergency,Urgent,Hip Fracture,1,0,2,3,9,Home Health Care,2025-07-23,41,Medium,0
P-1548,67,Female,Emergency,Emergency,Gastrointestinal Bleed,1,2,1,3,11,Home,2025-03-09,58,Medium,0
P-1549,52,Male,General Medicine,Emergency,Acute Kidney Injury,2,1,10,0,17,Skilled Nursing Facility,2025-08-06,65,High,1
P-1550,63,Male,Orthopedics,Emergency,Acute Kidney Injury,0,0,3,2,4,Home,2025-11-17,27,Low,0
P-1551,59,Female,Emergency,Elective,Diabetes with Complications,0,1,7,1,7,Home Health Care,2025-08-31,38,Medium,1
P-1552,80,Male,Emergency,Emergency,Gastrointestinal Bleed,1,0,9,3,4,Rehab,2025-05-09,68,High,1
P-1553,66,Male,Pediatrics,Urgent,Sepsis,1,1,4,2,8,Skilled Nursing Facility,2025-06-03,50,Medium,1
P-1554,67,Male,General Medicine,Emergency,Acute Kidney Injury,2,1,1,2,14,Home Health Care,2025-10-23,58,Medium,0
P-1555,55,Male,Orthopedics,Emergency,Acute Kidney Injury,3,1,2,3,3,Home,2025-08-06,55,Medium,1
P-1556,54,Male,Emergency,Emergency,COPD,0,1,2,2,3,Rehab,2025-01-07,24,Low,1
P-1557,55,Female,Cardiology,Elective,Heart Failure,3,1,5,2,6,Against Medical Advice,2025-01-16,61,High,0
P-1558,68,Male,Emergency,Emergency,Sepsis,0,0,3,2,3,Home,2025-09-04,28,Low,0
P-1559,55,Male,General Medicine,Elective,Heart Failure,0,0,3,6,1,Home,2025-07-13,44,Medium,0
P-1560,66,Male,Cardiology,Emergency,Hypertension,3,0,5,7,8,Home,2025-04-21,88,High,1
P-1561,95,Male,Cardiology,Emergency,Diabetes with Complications,1,0,1,1,6,Home,2025-10-01,43,Medium,0
P-1562,75,Female,ICU,Emergency,Stroke,2,0,1,2,13,Home,2025-07-16,55,Medium,0
P-1563,56,Male,Emergency,Elective,Heart Failure,0,1,10,2,1,Home,2025-01-22,44,Medium,1
P-1564,81,Female,Orthopedics,Emergency,Hip Fracture,0,0,9,0,5,Rehab,2025-01-30,41,Medium,0
P-1565,55,Male,ICU,Urgent,Hip Fracture,0,0,13,0,5,Home,2025-07-23,37,Medium,0
P-1566,29,Female,General Medicine,Emergency,Stroke,1,1,2,4,6,Skilled Nursing Facility,2025-06-09,33,Medium,1
P-1567,45,Male,Neurology,Emergency,Stroke,1,0,2,5,3,Skilled Nursing Facility,2025-02-15,39,Medium,0
P-1568,32,Male,Cardiology,Emergency,Heart Failure,0,1,1,3,9,Skilled Nursing Facility,2025-08-13,22,Low,0
P-1569,56,Female,General Medicine,Emergency,Pneumonia,2,0,5,4,6,Home,2025-10-09,60,Medium,1
P-1570,62,Male,Pediatrics,Elective,Gastrointestinal Bleed,0,0,7,1,2,Home,2025-02-08,28,Low,0
P-1571,88,Female,Pediatrics,Elective,Acute Kidney Injury,1,0,5,2,8,Home,2025-10-05,60,Medium,1
P-1572,67,Female,Cardiology,Elective,Acute Kidney Injury,2,1,5,2,4,Rehab,2025-06-08,57,Medium,1
P-1573,58,Male,Cardiology,Emergency,Stroke,0,1,8,2,7,Home,2025-05-20,47,Medium,1
P-1574,75,Female,Cardiology,Emergency,Hypertension,0,2,1,2,8,Home,2025-04-30,44,Medium,1
P-1575,26,Female,General Medicine,Emergency,Hip Fracture,1,1,7,2,3,Home,2025-09-29,29,Low,1
P-1576,65,Female,General Medicine,Emergency,Sepsis,2,1,11,1,7,Home,2025-03-25,70,High,0
P-1577,74,Female,General Medicine,Emergency,Acute Kidney Injury,2,0,5,1,1,Rehab,2025-10-28,45,Medium,1
P-1578,38,Male,Emergency,Transfer,Heart Failure,1,0,6,5,1,Home,2025-04-22,44,Medium,0
P-1579,80,Male,Cardiology,Elective,Hypertension,1,0,5,2,8,Home Health Care,2025-06-13,55,Medium,1
P-1580,67,Female,General Medicine,Elective,Hypertension,2,1,8,2,6,Home,2025-08-26,68,High,0
P-1581,55,Male,Emergency,Emergency,Hypertension,5,0,3,2,9,Skilled Nursing Facility,2025-08-24,69,High,1
P-1582,72,Female,General Medicine,Emergency,Gastrointestinal Bleed,1,0,9,5,1,Home,2025-04-12,73,High,1
P-1583,95,Male,Emergency,Emergency,Sepsis,1,0,2,0,9,Rehab,2025-03-04,43,Medium,1
P-1584,64,Female,Emergency,Emergency,Pneumonia,1,0,1,0,5,Home,2025-10-13,20,Low,0
P-1585,65,Male,Cardiology,Elective,Hypertension,2,0,1,3,5,Home Health Care,2025-06-07,46,Medium,0
P-1586,54,Male,Cardiology,Emergency,Stroke,0,1,1,4,12,Home,2025-09-17,44,Medium,1
P-1587,48,Female,Cardiology,Urgent,COPD,0,2,3,4,5,Home,2025-03-21,43,Medium,0
P-1588,75,Male,ICU,Transfer,Pneumonia,2,2,5,1,4,Home,2025-05-16,61,High,1
P-1589,48,Male,Emergency,Emergency,Stroke,1,1,5,1,5,Home,2025-04-01,32,Medium,0
P-1590,63,Male,ICU,Elective,Sepsis,1,2,4,1,2,Home,2025-12-01,40,Medium,0
P-1591,54,Female,Cardiology,Elective,COPD,2,0,2,2,6,Home Health Care,2025-06-16,37,Medium,0
P-1592,69,Female,General Medicine,Emergency,Hypertension,1,0,10,2,12,Home,2025-01-14,68,High,1
P-1593,67,Male,Emergency,Urgent,Hip Fracture,3,1,2,0,1,Home,2025-02-27,39,Medium,0
P-1594,78,Male,General Medicine,Emergency,Diabetes with Complications,2,0,8,3,9,Home,2025-08-14,77,High,1
P-1595,53,Male,General Medicine,Elective,Sepsis,2,1,6,1,6,Home,2025-07-27,47,Medium,1
P-1596,57,Female,General Medicine,Emergency,Pneumonia,0,0,2,5,2,Home,2025-04-16,37,Medium,0
P-1597,46,Male,Pediatrics,Emergency,Hip Fracture,1,0,3,4,7,Home,2025-07-20,41,Medium,0
P-1598,54,Male,ICU,Emergency,Hip Fracture,1,1,8,4,6,Home,2025-06-21,65,High,0
P-1599,68,Male,General Medicine,Urgent,Heart Failure,3,2,19,5,5,Home,2025-10-02,97,High,1
P-1600,74,Female,Pediatrics,Emergency,Diabetes with Complications,1,0,2,1,7,Home,2025-02-25,35,Medium,0
P-1601,47,Female,Orthopedics,Emergency,COPD,1,0,6,2,6,Home,2025-02-18,36,Medium,0
P-1602,75,Female,Cardiology,Emergency,Heart Failure,0,1,1,3,8,Skilled Nursing Facility,2025-04-30,45,Medium,1
P-1603,83,Male,Emergency,Emergency,Pneumonia,0,0,1,5,7,Rehab,2025-02-23,56,Medium,1
P-1604,68,Female,Cardiology,Elective,COPD,2,0,3,3,1,Home Health Care,2025-07-26,49,Medium,1
P-1605,92,Female,General Medicine,Elective,Hypertension,0,0,1,3,1,Home,2025-05-20,40,Medium,0
P-1606,49,Male,General Medicine,Urgent,Pneumonia,2,2,11,4,4,Home Health Care,2025-02-08,80,High,0
P-1607,42,Male,Emergency,Elective,Acute Kidney Injury,2,1,3,2,4,Home Health Care,2025-07-31,36,Medium,0
P-1608,33,Male,Emergency,Urgent,Hypertension,1,0,3,0,7,Home,2025-05-05,14,Low,0
P-1609,85,Female,General Medicine,Elective,Stroke,3,1,2,2,3,Home,2025-06-29,66,High,0
P-1610,72,Female,Emergency,Urgent,Hip Fracture,2,1,2,3,4,Home,2025-02-07,58,Medium,0
P-1611,61,Female,Orthopedics,Emergency,Hip Fracture,1,1,1,3,8,Home,2025-11-05,45,Medium,1
P-1612,66,Male,General Medicine,Emergency,Diabetes with Complications,4,2,5,3,1,Home Health Care,2025-11-25,79,High,0
P-1613,43,Male,ICU,Transfer,Heart Failure,2,2,2,1,7,Skilled Nursing Facility,2025-06-13,36,Medium,0
P-1614,95,Female,General Medicine,Elective,Sepsis,0,0,2,7,1,Home,2025-07-16,72,High,1
P-1615,64,Male,Cardiology,Urgent,Heart Failure,0,0,2,2,5,Home,2025-07-31,26,Low,0
P-1616,63,Female,General Medicine,Emergency,Sepsis,0,0,2,1,5,Home,2025-05-09,21,Low,0
P-1617,73,Female,Pediatrics,Urgent,Stroke,0,1,10,1,3,Home,2025-03-26,50,Medium,0
P-1618,69,Male,Orthopedics,Elective,Gastrointestinal Bleed,1,0,3,5,9,Home,2025-01-25,64,High,0
P-1619,65,Male,Emergency,Emergency,Hypertension,1,3,4,2,12,Home,2025-12-31,66,High,1
P-1620,49,Female,Cardiology,Emergency,Hypertension,2,1,7,2,1,Home,2025-01-29,48,Medium,0
P-1621,69,Male,Cardiology,Emergency,Heart Failure,1,1,2,2,10,Home Health Care,2025-12-11,48,Medium,0
P-1622,92,Female,Emergency,Urgent,Stroke,0,0,7,2,10,Home Health Care,2025-07-06,62,High,0
P-1623,83,Male,Cardiology,Elective,COPD,1,1,1,1,6,Skilled Nursing Facility,2025-09-10,42,Medium,0
P-1624,87,Female,Emergency,Urgent,Gastrointestinal Bleed,2,1,6,1,6,Home Health Care,2025-06-29,67,High,1
P-1625,53,Female,ICU,Emergency,COPD,0,1,1,3,4,Home,2025-01-30,28,Low,0
P-1626,46,Female,Emergency,Urgent,Diabetes with Complications,1,0,6,0,6,Home Health Care,2025-04-12,24,Low,1
P-1627,59,Male,Cardiology,Emergency,Heart Failure,1,1,3,3,10,Home,2025-06-12,52,Medium,0
P-1628,62,Female,Pediatrics,Emergency,Stroke,3,1,1,4,4,Home,2025-01-12,64,High,1
P-1629,79,Male,General Medicine,Emergency,Stroke,2,1,5,1,3,Home,2025-05-21,56,Medium,1
P-1630,34,Male,Emergency,Transfer,Pneumonia,1,3,6,3,10,Home,2025-08-08,58,Medium,0
P-1631,86,Male,ICU,Emergency,Acute Kidney Injury,1,2,2,4,8,Home,2025-06-13,74,High,1
P-1632,59,Male,Emergency,Emergency,Hypertension,2,0,13,4,6,Home,2025-12-12,81,High,1
P-1633,55,Male,Cardiology,Emergency,Stroke,1,0,2,3,10,Home,2025-12-23,40,Medium,0
P-1634,45,Male,Emergency,Emergency,Hip Fracture,2,1,2,1,4,Home,2025-12-14,29,Low,0
P-1635,35,Female,Orthopedics,Urgent,Gastrointestinal Bleed,2,1,6,0,9,Home Health Care,2025-01-30,33,Medium,0
P-1636,75,Female,General Medicine,Emergency,Hypertension,1,0,2,2,11,Home,2025-10-03,47,Medium,0
P-1637,63,Male,General Medicine,Elective,Hypertension,2,0,12,4,7,Home,2025-10-31,82,High,1
P-1638,41,Female,Emergency,Urgent,Heart Failure,0,0,5,2,3,Home Health Care,2025-09-25,20,Low,0
P-1639,41,Male,Neurology,Emergency,Gastrointestinal Bleed,0,0,7,0,2,Home,2025-07-16,15,Low,0
P-1640,56,Male,Neurology,Urgent,Sepsis,4,0,1,3,4,Skilled Nursing Facility,2025-10-02,56,Medium,1
P-1641,88,Female,Emergency,Emergency,Sepsis,0,1,8,1,8,Skilled Nursing Facility,2025-05-30,60,Medium,0
P-1642,57,Male,Emergency,Transfer,Stroke,2,2,4,1,8,Against Medical Advice,2025-07-15,52,Medium,0
P-1643,37,Female,Emergency,Emergency,Gastrointestinal Bleed,1,1,7,2,6,Home,2025-04-24,38,Medium,0
P-1644,58,Male,Cardiology,Elective,Stroke,1,2,1,7,7,Home,2025-01-11,74,High,1
P-1645,57,Male,General Medicine,Elective,Stroke,1,2,5,2,9,Home Health Care,2025-01-24,55,Medium,0
P-1646,18,Male,Emergency,Emergency,Pneumonia,4,0,6,1,4,Home,2025-01-13,34,Medium,0
P-1647,61,Female,Cardiology,Emergency,Hypertension,0,0,4,2,1,Home,2025-03-21,25,Low,0
P-1648,58,Female,Cardiology,Emergency,Gastrointestinal Bleed,1,4,9,3,14,Home,2025-08-28,85,High,1
P-1649,73,Female,Emergency,Emergency,COPD,4,1,13,2,10,Home Health Care,2025-05-28,92,High,1
P-1650,91,Female,Orthopedics,Elective,Sepsis,1,1,2,3,9,Home,2025-03-06,67,High,1
P-1651,80,Male,General Medicine,Transfer,Stroke,1,1,1,1,12,Home Health Care,2025-08-07,48,Medium,1
P-1652,57,Female,General Medicine,Elective,Gastrointestinal Bleed,2,1,7,1,9,Home,2025-05-25,56,Medium,0
P-1653,44,Male,Emergency,Emergency,Hypertension,2,1,3,2,4,Home Health Care,2025-01-23,37,Medium,0
P-1654,95,Male,General Medicine,Emergency,Pneumonia,4,1,1,3,12,Home,2025-05-02,87,High,1
P-1655,62,Female,Emergency,Emergency,Diabetes with Complications,1,2,1,1,1,Home,2025-12-13,30,Low,1
P-1656,62,Male,General Medicine,Emergency,Diabetes with Complications,0,3,2,3,2,Home,2025-11-02,45,Medium,1
P-1657,61,Male,ICU,Transfer,Diabetes with Complications,3,0,1,2,7,Home,2025-11-07,48,Medium,0
P-1658,65,Female,Emergency,Urgent,Gastrointestinal Bleed,1,2,3,1,9,Home,2025-09-03,47,Medium,0
P-1659,59,Female,Cardiology,Emergency,Hip Fracture,2,1,3,3,5,Home,2025-12-11,54,Medium,0
P-1660,52,Female,Emergency,Emergency,Gastrointestinal Bleed,1,1,1,1,6,Rehab,2025-07-02,25,Low,1
P-1661,53,Male,Pediatrics,Elective,Gastrointestinal Bleed,1,0,2,2,5,Home Health Care,2025-07-13,27,Low,0
P-1662,61,Male,Cardiology,Elective,Heart Failure,2,0,7,5,4,Skilled Nursing Facility,2025-02-08,72,High,1
P-1663,53,Female,Emergency,Elective,Hypertension,0,0,8,0,6,Against Medical Advice,2025-02-21,25,Low,0
P-1664,50,Female,Emergency,Elective,Hypertension,0,1,1,3,1,Home,2025-07-10,23,Low,1
P-1665,63,Female,Orthopedics,Emergency,Gastrointestinal Bleed,1,1,1,3,5,Home,2025-01-06,42,Medium,0
P-1666,57,Female,Emergency,Urgent,Heart Failure,1,2,29,0,2,Rehab,2025-05-20,90,High,1
P-1667,86,Female,General Medicine,Emergency,Acute Kidney Injury,2,0,5,2,8,Home Health Care,2025-09-22,67,High,0
P-1668,19,Male,Orthopedics,Emergency,COPD,2,0,6,4,10,Rehab,2025-01-13,45,Medium,0
P-1669,79,Female,Emergency,Urgent,Hip Fracture,2,1,3,2,1,Home Health Care,2025-09-26,55,Medium,1
P-1670,81,Female,Emergency,Emergency,Acute Kidney Injury,1,0,4,4,3,Home Health Care,2025-08-05,60,Medium,0
P-1671,28,Female,Emergency,Emergency,Gastrointestinal Bleed,1,0,4,2,9,Skilled Nursing Facility,2025-02-23,24,Low,0
P-1672,56,Male,Orthopedics,Emergency,Heart Failure,1,0,2,2,5,Home Health Care,2025-12-13,29,Low,0
P-1673,56,Female,ICU,Elective,Hip Fracture,1,1,6,4,12,Home,2025-04-10,68,High,1
P-1674,39,Female,Emergency,Emergency,Sepsis,1,1,4,2,16,Home,2025-05-15,43,Medium,1
P-1675,49,Female,General Medicine,Emergency,Heart Failure,1,0,13,3,10,Skilled Nursing Facility,2025-02-21,68,High,1
P-1676,44,Female,General Medicine,Emergency,Diabetes with Complications,5,0,1,4,4,Home Health Care,2025-02-24,64,High,0
P-1677,90,Male,Emergency,Urgent,COPD,1,0,10,4,3,Home,2025-10-24,80,High,1
P-1678,76,Male,Emergency,Emergency,Acute Kidney Injury,1,1,14,4,5,Home,2025-02-20,86,High,1
P-1679,82,Male,Cardiology,Elective,Heart Failure,1,0,1,1,11,Home Health Care,2025-07-30,41,Medium,0
P-1680,73,Male,Emergency,Emergency,Hypertension,0,1,2,3,3,Home,2025-10-17,40,Medium,0
P-1681,43,Female,Emergency,Elective,Stroke,3,1,1,3,5,Home,2025-02-18,47,Medium,1
P-1682,53,Male,Neurology,Emergency,COPD,3,3,2,1,7,Home,2025-06-29,57,Medium,1
P-1683,69,Female,Cardiology,Elective,Heart Failure,1,0,5,3,1,Skilled Nursing Facility,2025-01-05,47,Medium,0
P-1684,42,Male,Orthopedics,Elective,Sepsis,3,0,2,4,8,Home,2025-05-30,54,Medium,1
P-1685,73,Male,General Medicine,Emergency,Gastrointestinal Bleed,0,1,9,0,6,Home,2025-02-20,44,Medium,1
P-1686,58,Male,ICU,Urgent,Gastrointestinal Bleed,2,2,12,1,4,Skilled Nursing Facility,2025-04-08,70,High,1
P-1687,56,Female,General Medicine,Urgent,COPD,2,0,1,2,4,Home,2025-02-03,33,Medium,1
P-1688,73,Male,ICU,Emergency,Stroke,0,1,4,2,3,Home,2025-08-01,39,Medium,1
P-1689,69,Male,Pediatrics,Elective,Hypertension,3,0,1,0,12,Rehab,2025-08-19,45,Medium,0
P-1690,56,Female,Orthopedics,Elective,Heart Failure,1,1,5,2,5,Home Health Care,2025-02-10,43,Medium,1
P-1691,80,Other,Cardiology,Emergency,Hypertension,2,1,2,1,6,Home,2025-01-29,52,Medium,1
P-1692,44,Female,Cardiology,Emergency,Gastrointestinal Bleed,1,0,9,1,9,Skilled Nursing Facility,2025-08-15,39,Medium,0
P-1693,71,Male,Emergency,Transfer,Heart Failure,1,3,12,4,7,Home Health Care,2025-12-09,89,High,1
P-1694,71,Male,Emergency,Elective,Gastrointestinal Bleed,3,0,4,3,6,Skilled Nursing Facility,2025-10-02,68,High,1
P-1695,57,Female,Emergency,Urgent,Sepsis,0,1,14,3,7,Home,2025-09-03,70,High,1
P-1696,67,Female,Emergency,Elective,Hypertension,0,0,10,1,2,Home,2025-06-04,39,Medium,0
P-1697,41,Female,General Medicine,Emergency,Stroke,2,1,1,3,8,Home Health Care,2025-04-13,41,Medium,1
P-1698,76,Male,Cardiology,Emergency,COPD,1,1,2,3,3,Home,2025-11-11,51,Medium,0
P-1699,59,Male,Orthopedics,Elective,Gastrointestinal Bleed,1,0,2,3,10,Home,2025-02-04,43,Medium,1
P-1700,53,Male,Orthopedics,Elective,Sepsis,0,2,2,2,7,Home,2025-11-05,33,Medium,1
P-1701,78,Female,Emergency,Emergency,Sepsis,1,2,8,5,7,Home,2025-01-13,86,High,1
P-1702,50,Male,Orthopedics,Elective,Hypertension,1,1,2,3,7,Home,2025-05-11,40,Medium,1
P-1703,39,Other,Cardiology,Urgent,Sepsis,2,2,3,1,3,Home,2025-09-19,32,Medium,1
P-1704,37,Male,ICU,Elective,COPD,3,1,1,3,6,Home Health Care,2025-09-30,45,Medium,0
P-1705,71,Female,General Medicine,Emergency,Stroke,3,2,4,4,10,Home,2025-07-25,85,High,1
P-1706,41,Male,Emergency,Emergency,Diabetes with Complications,1,0,1,2,3,Home,2025-06-30,18,Low,0
P-1707,90,Female,General Medicine,Transfer,Diabetes with Complications,3,4,10,2,8,Home Health Care,2025-03-14,94,High,0
P-1708,28,Male,Orthopedics,Urgent,Sepsis,1,2,8,0,11,Home,2025-09-08,35,Medium,1
P-1709,89,Female,Pediatrics,Emergency,Gastrointestinal Bleed,0,2,2,2,12,Home Health Care,2025-02-04,60,Medium,0
P-1710,65,Female,General Medicine,Urgent,Pneumonia,1,1,1,3,7,Home,2025-10-29,46,Medium,0
P-1711,60,Male,General Medicine,Emergency,Stroke,2,3,1,3,5,Home,2025-07-20,61,High,1
P-1712,53,Female,ICU,Emergency,Gastrointestinal Bleed,0,1,2,3,12,Home,2025-11-09,39,Medium,0
P-1713,68,Female,Cardiology,Emergency,Gastrointestinal Bleed,1,2,4,1,4,Against Medical Advice,2025-06-02,45,Medium,1
P-1714,61,Female,General Medicine,Emergency,Pneumonia,1,0,6,3,6,Home,2025-03-06,51,Medium,0
P-1715,79,Female,Emergency,Urgent,Heart Failure,1,1,1,4,7,Home Health Care,2025-10-25,61,High,0
P-1716,63,Female,Emergency,Elective,Diabetes with Complications,4,0,6,4,7,Home,2025-10-21,81,High,1
P-1717,64,Male,Emergency,Emergency,Hip Fracture,0,2,4,2,2,Home,2025-10-13,39,Medium,0
P-1718,56,Male,General Medicine,Urgent,Stroke,1,1,5,1,7,Home,2025-07-11,38,Medium,0
P-1719,61,Female,Cardiology,Urgent,Heart Failure,3,2,12,1,5,Skilled Nursing Facility,2025-04-25,79,High,1
P-1720,66,Male,General Medicine,Emergency,Pneumonia,3,0,14,1,4,Home,2025-12-20,76,High,1
P-1721,34,Male,Cardiology,Elective,Hip Fracture,0,0,7,1,6,Home,2025-05-31,19,Low,0
P-1722,40,Female,ICU,Elective,Stroke,2,2,6,0,5,Home Health Care,2025-10-09,37,Medium,0
P-1723,73,Male,Emergency,Elective,Acute Kidney Injury,2,0,7,2,6,Home,2025-06-04,63,High,1
P-1724,64,Female,Cardiology,Elective,Pneumonia,2,1,6,2,11,Home,2025-09-06,66,High,1
P-1725,59,Female,Orthopedics,Emergency,Stroke,4,1,1,2,4,Home,2025-01-26,58,Medium,1
P-1726,62,Female,ICU,Emergency,Acute Kidney Injury,1,0,26,3,5,Rehab,2025-05-10,92,High,0
P-1727,67,Male,Cardiology,Urgent,Heart Failure,0,0,5,2,6,Home,2025-09-22,36,Medium,1
P-1728,53,Male,Emergency,Urgent,Acute Kidney Injury,2,0,4,3,1,Against Medical Advice,2025-03-30,42,Medium,0
P-1729,49,Male,Emergency,Emergency,Pneumonia,2,1,3,0,2,Home,2025-10-15,26,Low,0
P-1730,65,Female,ICU,Emergency,Diabetes with Complications,1,2,2,1,4,Home,2025-01-21,38,Medium,0
P-1731,46,Male,ICU,Urgent,Pneumonia,1,2,3,2,6,Skilled Nursing Facility,2025-09-10,38,Medium,0
P-1732,68,Male,Pediatrics,Emergency,Hypertension,2,3,6,2,6,Home,2025-08-17,74,High,0
P-1733,34,Female,General Medicine,Emergency,COPD,1,0,2,3,1,Home,2025-12-06,20,Low,0
P-1734,78,Female,Emergency,Emergency,Heart Failure,1,1,9,0,1,Home,2025-12-23,50,Medium,1
P-1735,69,Female,Emergency,Emergency,COPD,4,3,2,0,6,Home,2025-08-06,67,High,0
P-1736,66,Female,Cardiology,Emergency,Gastrointestinal Bleed,0,0,9,3,1,Home Health Care,2025-01-27,48,Medium,0
P-1737,77,Male,Emergency,Elective,Heart Failure,3,0,4,3,1,Home Health Care,2025-07-15,66,High,0
P-1738,88,Female,General Medicine,Emergency,Stroke,3,1,9,0,11,Home,2025-11-19,81,High,1
P-1739,78,Female,Orthopedics,Transfer,Hip Fracture,1,1,3,3,8,Skilled Nursing Facility,2025-11-03,61,High,0
P-1740,32,Male,Cardiology,Urgent,Gastrointestinal Bleed,1,2,2,3,4,Home,2025-06-20,32,Medium,0
P-1741,41,Female,Orthopedics,Urgent,Stroke,0,2,6,1,13,Home,2025-04-25,37,Medium,0
P-1742,52,Male,Cardiology,Urgent,Gastrointestinal Bleed,1,2,3,3,5,Home,2025-03-22,48,Medium,0
P-1743,62,Male,Cardiology,Elective,Hypertension,1,2,14,1,7,Skilled Nursing Facility,2025-08-11,73,High,1
P-1744,70,Female,ICU,Emergency,Pneumonia,1,1,7,4,7,Home,2025-07-01,72,High,0
P-1745,50,Female,Cardiology,Emergency,Heart Failure,2,1,3,1,8,Home,2025-02-02,39,Medium,0
P-1746,64,Female,Neurology,Emergency,Diabetes with Complications,2,1,1,2,13,Rehab,2025-05-09,54,Medium,1
P-1747,49,Female,Emergency,Emergency,Hypertension,2,1,4,4,4,Home Health Care,2025-12-16,57,Medium,1
P-1748,52,Female,ICU,Emergency,Heart Failure,3,1,5,3,11,Home Health Care,2025-08-25,71,High,0
P-1749,39,Female,Pediatrics,Transfer,Diabetes with Complications,1,0,16,5,10,Home,2025-05-20,81,High,1
P-1750,47,Male,Orthopedics,Emergency,Gastrointestinal Bleed,2,0,7,3,6,Home Health Care,2025-11-15,54,Medium,1
P-1751,40,Female,General Medicine,Emergency,Acute Kidney Injury,1,2,2,3,8,Home,2025-01-03,41,Medium,1
P-1752,46,Male,Neurology,Elective,COPD,0,2,2,1,6,Skilled Nursing Facility,2025-03-14,23,Low,0
P-1753,78,Male,Cardiology,Emergency,Diabetes with Complications,2,1,4,2,10,Home,2025-12-22,68,High,0
P-1754,46,Male,Orthopedics,Urgent,Pneumonia,3,0,1,1,7,Home,2025-10-17,32,Medium,1
P-1755,95,Female,General Medicine,Emergency,Gastrointestinal Bleed,3,0,6,2,10,Home,2025-11-13,82,High,0
P-1756,69,Female,Orthopedics,Emergency,Pneumonia,1,1,1,0,4,Home,2025-03-31,26,Low,1
P-1757,64,Female,General Medicine,Urgent,Hip Fracture,1,1,4,1,4,Home,2025-12-13,37,Medium,1
P-1758,48,Male,Emergency,Elective,Heart Failure,2,0,19,2,2,Skilled Nursing Facility,2025-11-02,76,High,1
P-1759,73,Female,General Medicine,Emergency,Acute Kidney Injury,1,1,10,2,3,Rehab,2025-08-10,65,High,0
P-1760,52,Male,Cardiology,Elective,Diabetes with Complications,2,0,9,3,12,Home Health Care,2025-11-28,69,High,1
P-1761,63,Male,Emergency,Elective,COPD,0,2,7,3,3,Home,2025-10-14,55,Medium,1
P-1762,95,Female,Cardiology,Emergency,Diabetes with Complications,0,1,12,1,6,Home,2025-01-28,72,High,1
P-1763,60,Female,Neurology,Urgent,Pneumonia,0,1,12,4,6,Rehab,2025-11-10,71,High,0
P-1764,80,Female,Cardiology,Transfer,Acute Kidney Injury,2,0,1,3,13,Home,2025-07-02,65,High,1
P-1765,50,Male,Emergency,Elective,Diabetes with Complications,2,1,2,1,9,Home,2025-02-18,37,Medium,0
P-1766,61,Male,Emergency,Elective,Gastrointestinal Bleed,0,1,12,1,3,Home,2025-01-02,49,Medium,0
P-1767,90,Female,Pediatrics,Urgent,Hip Fracture,3,0,2,3,6,Against Medical Advice,2025-05-29,73,High,0
P-1768,51,Male,Emergency,Emergency,Acute Kidney Injury,1,0,3,1,1,Home,2025-07-06,20,Low,0
P-1769,90,Male,General Medicine,Transfer,Heart Failure,1,2,1,3,10,Home,2025-02-22,70,High,0
P-1770,73,Male,Orthopedics,Elective,Acute Kidney Injury,2,0,11,2,5,Home Health Care,2025-03-11,72,High,1
P-1771,53,Female,Emergency,Emergency,COPD,1,0,1,1,1,Home,2025-07-11,17,Low,1
P-1772,72,Female,Emergency,Elective,Gastrointestinal Bleed,0,3,4,5,7,Home Health Care,2025-09-21,75,High,0
P-1773,77,Female,General Medicine,Emergency,Diabetes with Complications,0,1,2,2,12,Home,2025-12-27,47,Medium,1
P-1774,71,Female,Neurology,Emergency,Stroke,1,2,1,4,4,Home,2025-01-06,59,Medium,1
P-1775,36,Female,General Medicine,Elective,Diabetes with Complications,1,0,2,1,4,Home,2025-03-27,15,Low,1
P-1776,50,Female,Cardiology,Elective,Pneumonia,0,0,5,0,5,Home,2025-01-22,17,Low,0
P-1777,58,Female,Orthopedics,Elective,Pneumonia,3,1,1,2,6,Skilled Nursing Facility,2025-01-21,51,Medium,1
P-1778,60,Female,Emergency,Emergency,Hypertension,1,1,9,2,5,Rehab,2025-11-01,57,Medium,1
P-1779,71,Male,General Medicine,Emergency,Hip Fracture,3,0,6,2,8,Home Health Care,2025-10-19,69,High,0
P-1780,64,Female,Orthopedics,Elective,Diabetes with Complications,1,2,1,6,7,Home Health Care,2025-04-05,71,High,1
P-1781,40,Male,Cardiology,Transfer,Heart Failure,0,2,3,2,8,Home,2025-01-30,29,Low,0
P-1782,68,Male,General Medicine,Urgent,Sepsis,1,0,8,1,6,Home,2025-01-09,47,Medium,0
P-1783,71,Female,General Medicine,Urgent,Sepsis,2,0,13,2,8,Home Health Care,2025-04-24,78,High,1
P-1784,70,Male,Orthopedics,Emergency,Heart Failure,0,3,5,0,4,Home,2025-01-02,40,Medium,1
P-1785,79,Female,Cardiology,Urgent,Acute Kidney Injury,1,0,6,4,8,Home,2025-12-30,70,High,1
P-1786,75,Female,Emergency,Emergency,Gastrointestinal Bleed,1,0,10,0,8,Home Health Care,2025-06-29,53,Medium,1
P-1787,69,Male,Orthopedics,Emergency,Hypertension,6,1,3,3,13,Home Health Care,2025-10-17,90,High,1
P-1788,60,Female,ICU,Emergency,Hypertension,4,1,6,3,1,Home,2025-04-04,74,High,1
P-1789,35,Female,Cardiology,Urgent,Acute Kidney Injury,2,1,4,5,5,Home Health Care,2025-11-13,56,Medium,0
P-1790,68,Male,Pediatrics,Emergency,Stroke,0,1,6,5,7,Rehab,2025-12-24,67,High,1
P-1791,65,Female,Cardiology,Emergency,Sepsis,3,0,10,0,13,Home,2025-02-05,70,High,1
P-1792,66,Female,Pediatrics,Emergency,Hypertension,1,0,8,4,9,Home Health Care,2025-04-12,70,High,0
P-1793,41,Male,Cardiology,Elective,COPD,0,1,1,3,4,Home,2025-12-26,22,Low,0
P-1794,44,Male,Emergency,Urgent,Diabetes with Complications,2,2,13,2,13,Rehab,2025-04-06,80,High,1
P-1795,78,Male,General Medicine,Emergency,Hypertension,2,2,1,1,10,Home,2025-08-18,59,Medium,1
P-1796,61,Male,General Medicine,Emergency,Acute Kidney Injury,2,0,7,1,14,Skilled Nursing Facility,2025-02-09,59,Medium,1
P-1797,72,Male,General Medicine,Emergency,Hypertension,1,1,2,0,10,Rehab,2025-08-30,36,Medium,1
P-1798,62,Female,Emergency,Emergency,Gastrointestinal Bleed,2,1,7,0,7,Home Health Care,2025-11-15,50,Medium,1
P-1799,62,Male,Orthopedics,Emergency,Pneumonia,1,1,1,4,13,Skilled Nursing Facility,2025-07-15,58,Medium,1
P-1800,77,Female,Cardiology,Emergency,Pneumonia,1,1,2,2,1,Home,2025-10-19,42,Medium,0
P-1801,53,Male,Emergency,Elective,Stroke,0,0,1,2,7,Skilled Nursing Facility,2025-04-27,21,Low,0
P-1802,63,Male,Cardiology,Emergency,Hypertension,3,0,7,0,4,Home Health Care,2025-05-18,49,Medium,0
P-1803,54,Female,General Medicine,Urgent,Diabetes with Complications,1,3,1,3,6,Home,2025-09-12,50,Medium,1
P-1804,55,Female,Cardiology,Transfer,Hip Fracture,2,2,12,1,6,Home,2025-02-19,71,High,0
P-1805,57,Female,Emergency,Emergency,Stroke,2,1,3,1,2,Home,2025-10-05,36,Medium,1
P-1806,65,Male,Emergency,Emergency,Hip Fracture,0,0,6,1,10,Skilled Nursing Facility,2025-04-06,36,Medium,1
P-1807,54,Female,ICU,Elective,Hypertension,1,0,8,3,5,Skilled Nursing Facility,2025-01-01,51,Medium,1
P-1808,82,Male,ICU,Emergency,Sepsis,2,0,14,3,10,Skilled Nursing Facility,2025-06-29,89,High,1
P-1809,47,Male,General Medicine,Emergency,Acute Kidney Injury,6,2,3,1,3,Home,2025-08-04,70,High,1
P-1810,59,Male,Emergency,Emergency,COPD,0,0,6,3,1,Home,2025-08-09,35,Medium,0
P-1811,54,Female,Orthopedics,Urgent,Hip Fracture,2,2,3,1,2,Home Health Care,2025-06-22,40,Medium,0
P-1812,85,Male,General Medicine,Elective,Diabetes with Complications,0,0,2,1,8,Home Health Care,2025-12-15,34,Medium,0
P-1813,65,Female,ICU,Emergency,Sepsis,2,0,6,2,4,Home,2025-09-08,53,Medium,0
P-1814,78,Female,General Medicine,Emergency,Hypertension,1,2,3,2,4,Home Health Care,2025-04-22,55,Medium,0
P-1815,38,Female,ICU,Emergency,Sepsis,2,0,4,3,8,Home,2025-10-18,42,Medium,1
P-1816,66,Male,General Medicine,Emergency,Acute Kidney Injury,0,0,1,1,5,Home,2025-01-12,20,Low,0
P-1817,76,Male,Pediatrics,Emergency,Diabetes with Complications,1,3,6,2,4,Home Health Care,2025-06-24,69,High,1
P-1818,63,Male,Emergency,Urgent,Acute Kidney Injury,0,1,16,1,7,Home Health Care,2025-10-21,66,High,1
P-1819,79,Male,General Medicine,Emergency,Pneumonia,5,0,4,2,8,Home,2025-04-10,81,High,0
P-1820,53,Female,Cardiology,Emergency,Stroke,4,0,4,5,3,Skilled Nursing Facility,2025-01-16,74,High,1
P-1821,84,Female,Emergency,Emergency,Stroke,1,0,9,2,8,Home,2025-12-25,69,High,0
P-1822,95,Female,Orthopedics,Emergency,Hip Fracture,1,2,1,1,10,Home Health Care,2025-09-14,60,Medium,0
P-1823,56,Female,Cardiology,Transfer,Hypertension,4,1,3,2,7,Home,2025-11-11,65,High,1
P-1824,54,Female,Cardiology,Emergency,Gastrointestinal Bleed,0,1,1,1,4,Home Health Care,2025-05-14,18,Low,0
P-1825,85,Male,Emergency,Emergency,Heart Failure,1,0,4,2,7,Skilled Nursing Facility,2025-10-19,54,Medium,1
P-1826,87,Female,General Medicine,Emergency,COPD,2,2,5,1,12,Home,2025-02-28,76,High,1
P-1827,53,Male,Emergency,Emergency,Sepsis,0,0,12,4,4,Rehab,2025-10-23,60,Medium,1
P-1828,55,Female,Neurology,Urgent,Stroke,0,0,8,4,5,Home,2025-08-25,50,Medium,0
P-1829,57,Female,ICU,Emergency,Acute Kidney Injury,1,1,5,1,3,Home,2025-05-14,34,Medium,1
P-1830,40,Female,Emergency,Emergency,Sepsis,0,1,7,3,9,Skilled Nursing Facility,2025-03-13,42,Medium,0
P-1831,47,Male,General Medicine,Emergency,Heart Failure,2,0,5,2,8,Home Health Care,2025-02-05,43,Medium,1
P-1832,45,Female,Cardiology,Elective,Acute Kidney Injury,3,0,4,3,10,Home,2025-06-08,57,Medium,0
P-1833,49,Female,General Medicine,Elective,Diabetes with Complications,2,3,1,1,7,Rehab,2025-08-27,43,Medium,0
P-1834,61,Female,Cardiology,Elective,Diabetes with Complications,1,1,1,2,8,Home Health Care,2025-11-01,38,Medium,0
P-1835,65,Female,ICU,Emergency,Heart Failure,1,0,9,0,7,Home,2025-12-16,43,Medium,0
P-1836,86,Male,Cardiology,Urgent,Hypertension,4,2,2,3,5,Skilled Nursing Facility,2025-02-28,84,High,1
P-1837,46,Male,Neurology,Emergency,Gastrointestinal Bleed,4,2,2,2,4,Home,2025-09-07,59,Medium,1
P-1838,77,Female,General Medicine,Emergency,COPD,1,0,3,8,3,Home,2025-03-26,79,High,1
P-1839,58,Female,General Medicine,Elective,COPD,2,0,1,1,3,Skilled Nursing Facility,2025-02-08,27,Low,0
P-1840,61,Female,Emergency,Emergency,Gastrointestinal Bleed,0,0,15,1,2,Home Health Care,2025-07-12,50,Medium,1
P-1841,72,Male,General Medicine,Emergency,Acute Kidney Injury,0,1,1,1,2,Home Health Care,2025-03-30,24,Low,0
P-1842,44,Male,Emergency,Emergency,COPD,1,0,16,0,12,Skilled Nursing Facility,2025-03-30,57,Medium,1
P-1843,68,Male,Neurology,Emergency,Stroke,1,1,6,0,9,Skilled Nursing Facility,2025-01-23,44,Medium,0
P-1844,64,Female,General Medicine,Emergency,Acute Kidney Injury,2,1,13,1,4,Home,2025-08-26,71,High,0
P-1845,69,Male,General Medicine,Elective,Hip Fracture,1,3,1,2,5,Skilled Nursing Facility,2025-07-27,51,Medium,0
P-1846,66,Male,ICU,Emergency,Pneumonia,3,1,3,0,1,Home,2025-10-16,42,Medium,1
P-1847,95,Female,Emergency,Elective,Hip Fracture,1,0,14,3,4,Home,2025-01-08,85,High,0
P-1848,51,Female,Emergency,Urgent,Sepsis,2,1,5,5,10,Rehab,2025-10-29,74,High,1
P-1849,53,Male,Neurology,Emergency,Gastrointestinal Bleed,2,0,4,3,5,Home Health Care,2025-12-22,47,Medium,0
P-1850,52,Female,Cardiology,Emergency,Sepsis,0,0,6,1,8,Home,2025-11-25,27,Low,0
P-1851,53,Female,Cardiology,Urgent,COPD,3,0,1,0,4,Home Health Care,2025-10-06,27,Low,0
P-1852,51,Male,Emergency,Elective,Diabetes with Complications,3,0,7,3,5,Home,2025-01-12,64,High,1
P-1853,81,Female,Cardiology,Emergency,Pneumonia,3,0,2,3,8,Home,2025-06-29,70,High,0
P-1854,84,Female,Cardiology,Emergency,Stroke,3,1,2,1,7,Skilled Nursing Facility,2025-03-05,64,High,1
P-1855,52,Male,Orthopedics,Elective,Hypertension,1,0,5,3,2,Skilled Nursing Facility,2025-01-13,38,Medium,1
P-1856,48,Male,General Medicine,Elective,Acute Kidney Injury,2,0,1,1,5,Home Health Care,2025-09-30,24,Low,1
P-1857,69,Male,Orthopedics,Elective,Stroke,1,2,1,2,1,Home,2025-03-28,40,Medium,0
P-1858,53,Female,Orthopedics,Elective,Stroke,1,1,1,2,13,Home,2025-03-01,39,Medium,1
P-1859,72,Male,Cardiology,Elective,Sepsis,2,0,7,3,6,Skilled Nursing Facility,2025-02-16,69,High,1
P-1860,65,Male,Emergency,Emergency,Diabetes with Complications,3,1,1,1,1,Home,2025-01-27,42,Medium,0
P-1861,37,Female,ICU,Elective,Acute Kidney Injury,2,1,1,6,10,Home,2025-07-10,62,High,1
P-1862,86,Male,Neurology,Transfer,Hypertension,0,0,5,1,3,Against Medical Advice,2025-04-21,37,Medium,0
P-1863,90,Female,Emergency,Emergency,Sepsis,1,1,3,1,6,Skilled Nursing Facility,2025-08-08,52,Medium,1
P-1864,52,Male,Emergency,Elective,Hip Fracture,0,0,3,3,7,Home Health Care,2025-07-08,30,Low,0
P-1865,55,Female,Emergency,Emergency,Heart Failure,0,1,2,1,6,Home,2025-12-23,22,Low,0
P-1866,66,Male,Emergency,Emergency,Hypertension,0,3,9,0,10,Home,2025-06-06,57,Medium,1
P-1867,67,Male,Cardiology,Urgent,Stroke,1,0,1,5,7,Home,2025-06-07,55,Medium,1
P-1868,72,Male,Emergency,Emergency,Acute Kidney Injury,1,0,12,1,7,Home Health Care,2025-06-24,63,High,1
P-1869,94,Other,General Medicine,Emergency,Stroke,4,0,2,2,4,Home Health Care,2025-10-25,74,High,0
P-1870,59,Male,Orthopedics,Emergency,Pneumonia,2,0,4,2,1,Home Health Care,2025-10-05,39,Medium,0
P-1871,49,Female,Emergency,Emergency,COPD,0,0,15,1,5,Home,2025-10-21,46,Medium,1
P-1872,39,Female,Emergency,Elective,Diabetes with Complications,1,0,5,0,3,Home Health Care,2025-06-21,16,Low,0
P-1873,50,Female,Orthopedics,Emergency,Sepsis,1,0,2,2,5,Skilled Nursing Facility,2025-11-09,26,Low,0
P-1874,61,Male,ICU,Emergency,Acute Kidney Injury,2,2,19,4,8,Home Health Care,2025-12-01,94,High,1
P-1875,90,Female,Orthopedics,Emergency,Heart Failure,0,2,8,1,3,Rehab,2025-08-18,61,High,0
P-1876,53,Female,Cardiology,Emergency,Heart Failure,0,0,2,2,7,Skilled Nursing Facility,2025-11-22,23,Low,1
P-1877,65,Male,General Medicine,Elective,Hip Fracture,0,2,5,2,5,Home,2025-11-22,46,Medium,0
P-1878,61,Female,General Medicine,Elective,Hip Fracture,1,0,4,2,4,Rehab,2025-09-19,36,Medium,0
P-1879,81,Female,General Medicine,Emergency,Sepsis,3,1,5,1,1,Home,2025-07-07,64,High,1
P-1880,95,Female,Orthopedics,Emergency,Gastrointestinal Bleed,1,0,1,2,2,Against Medical Advice,2025-04-23,45,Medium,0
P-1881,53,Male,Cardiology,Elective,Heart Failure,2,0,5,2,2,Home Health Care,2025-12-12,40,Medium,1
P-1882,54,Female,Emergency,Emergency,Hypertension,4,0,2,3,8,Home Health Care,2025-10-18,63,High,1
P-1883,78,Male,Emergency,Emergency,Hip Fracture,2,1,2,3,9,Home,2025-06-16,67,High,1
P-1884,72,Male,Orthopedics,Elective,Diabetes with Complications,1,3,4,1,1,Home,2025-04-22,50,Medium,0
P-1885,91,Male,Cardiology,Emergency,Hip Fracture,2,0,2,1,2,Home,2025-09-29,47,Medium,0
P-1886,71,Male,Orthopedics,Emergency,Pneumonia,0,1,11,2,10,Skilled Nursing Facility,2025-04-22,67,High,1
P-1887,56,Female,Emergency,Emergency,Sepsis,0,4,3,3,10,Home,2025-02-28,60,Medium,1
P-1888,71,Female,Cardiology,Emergency,Stroke,1,1,1,1,12,Home,2025-10-28,42,Medium,0
P-1889,79,Male,General Medicine,Emergency,Pneumonia,3,1,1,3,12,Rehab,2025-11-25,76,High,1
P-1890,75,Male,ICU,Transfer,Diabetes with Complications,1,2,7,6,5,Home,2025-05-19,86,High,1
P-1891,70,Male,Emergency,Emergency,Heart Failure,2,1,8,5,9,Home Health Care,2025-02-05,86,High,1
P-1892,79,Female,ICU,Elective,Acute Kidney Injury,0,5,1,3,7,Home,2025-02-24,70,High,1
P-1893,80,Female,Emergency,Urgent,Heart Failure,2,0,4,2,10,Home,2025-10-25,63,High,1
P-1894,84,Male,General Medicine,Elective,Heart Failure,0,1,5,1,5,Skilled Nursing Facility,2025-02-28,45,Medium,1
P-1895,72,Female,General Medicine,Elective,Acute Kidney Injury,1,1,11,5,11,Home Health Care,2025-10-16,88,High,1
P-1896,59,Male,Emergency,Elective,Pneumonia,0,1,1,2,1,Home,2025-11-28,22,Low,1
P-1897,64,Female,Emergency,Emergency,Hypertension,0,2,2,0,9,Home,2025-11-23,29,Low,0
P-1898,81,Female,Cardiology,Urgent,Pneumonia,2,2,1,0,1,Skilled Nursing Facility,2025-02-02,42,Medium,0
P-1899,48,Male,Emergency,Emergency,Stroke,0,0,3,4,7,Home,2025-05-21,34,Medium,0
P-1900,67,Female,Pediatrics,Urgent,Pneumonia,2,1,3,2,1,Home,2025-03-26,47,Medium,0
P-1901,55,Male,Orthopedics,Elective,Diabetes with Complications,3,0,5,1,3,Skilled Nursing Facility,2025-03-15,44,Medium,1
P-1902,62,Male,Cardiology,Urgent,Pneumonia,4,1,6,3,2,Skilled Nursing Facility,2025-02-24,76,High,1
P-1903,82,Female,ICU,Emergency,COPD,1,1,16,1,5,Home Health Care,2025-04-23,80,High,1
P-1904,65,Female,Neurology,Urgent,Gastrointestinal Bleed,1,0,1,3,8,Home,2025-06-20,41,Medium,0
P-1905,62,Male,Emergency,Emergency,Diabetes with Complications,2,1,8,2,9,Home,2025-12-05,68,High,1
P-1906,40,Female,Emergency,Elective,Sepsis,2,0,9,3,6,Home Health Care,2025-05-26,55,Medium,1
P-1907,73,Female,General Medicine,Emergency,Acute Kidney Injury,0,2,4,3,11,Home,2025-11-24,62,High,0
P-1908,72,Male,Emergency,Elective,Sepsis,4,0,7,2,3,Home,2025-04-18,74,High,0
P-1909,95,Male,Emergency,Elective,Acute Kidney Injury,3,1,2,1,7,Home Health Care,2025-08-21,70,High,1
P-1910,57,Female,Pediatrics,Emergency,Sepsis,3,0,1,1,8,Skilled Nursing Facility,2025-03-20,40,Medium,1
P-1911,65,Female,General Medicine,Emergency,COPD,2,1,1,1,6,Home,2025-11-06,40,Medium,0
P-1912,65,Male,Cardiology,Emergency,Hip Fracture,2,0,1,3,9,Home,2025-08-29,51,Medium,0
P-1913,87,Other,Cardiology,Elective,Gastrointestinal Bleed,3,0,10,5,1,Home,2025-09-24,90,High,1
P-1914,60,Female,Cardiology,Elective,Hypertension,0,0,15,1,4,Home Health Care,2025-07-29,52,Medium,0
P-1915,66,Male,General Medicine,Emergency,Stroke,0,0,3,0,3,Home Health Care,2025-09-19,18,Low,0
P-1916,71,Female,Cardiology,Emergency,Heart Failure,1,1,5,2,8,Home,2025-09-10,56,Medium,1
P-1917,64,Male,ICU,Elective,Acute Kidney Injury,1,1,2,2,7,Home,2025-12-09,41,Medium,1
P-1918,54,Female,Neurology,Emergency,Stroke,2,1,3,2,5,Home Health Care,2025-03-01,44,Medium,0
P-1919,65,Female,Cardiology,Transfer,Acute Kidney Injury,0,1,5,2,6,Skilled Nursing Facility,2025-04-29,41,Medium,1
P-1920,79,Female,ICU,Emergency,Acute Kidney Injury,2,1,9,1,4,Home Health Care,2025-12-15,69,High,1
P-1921,45,Male,Cardiology,Emergency,Acute Kidney Injury,0,2,3,0,11,Home Health Care,2025-08-20,24,Low,0
P-1922,64,Female,Cardiology,Emergency,Acute Kidney Injury,0,1,6,3,4,Rehab,2025-11-09,48,Medium,0
P-1923,50,Female,Emergency,Emergency,Acute Kidney Injury,1,0,2,2,7,Home,2025-09-04,28,Low,0
P-1924,81,Male,Neurology,Emergency,Heart Failure,2,0,2,2,1,Home,2025-09-14,47,Medium,1
P-1925,37,Male,Orthopedics,Emergency,Sepsis,2,0,2,3,11,Home,2025-07-16,39,Medium,0
P-1926,53,Female,Emergency,Emergency,Sepsis,2,1,10,1,6,Rehab,2025-08-22,59,Medium,0
P-1927,68,Female,Emergency,Elective,Hip Fracture,2,1,1,3,5,Home,2025-08-26,54,Medium,1
P-1928,87,Male,General Medicine,Elective,Acute Kidney Injury,2,1,7,6,9,Home,2025-08-17,92,High,1
P-1929,60,Male,Cardiology,Emergency,Diabetes with Complications,1,0,5,3,7,Home,2025-10-31,49,Medium,0
P-1930,53,Male,ICU,Elective,Stroke,1,0,5,1,7,Home,2025-03-03,31,Medium,1
P-1931,92,Male,Neurology,Transfer,Heart Failure,1,1,10,3,8,Home,2025-10-26,84,High,1
P-1932,38,Female,Cardiology,Transfer,Acute Kidney Injury,0,0,4,1,5,Home,2025-02-17,15,Low,0
P-1933,26,Male,Cardiology,Urgent,Acute Kidney Injury,2,1,1,2,6,Rehab,2025-03-18,25,Low,1
P-1934,69,Male,Emergency,Urgent,Pneumonia,3,0,13,3,3,Home,2025-03-29,84,High,1
P-1935,53,Female,Emergency,Emergency,Diabetes with Complications,2,1,2,4,11,Home,2025-03-05,62,High,0
P-1936,45,Male,ICU,Emergency,COPD,2,0,1,0,2,Home,2025-08-07,16,Low,1
P-1937,73,Female,Cardiology,Emergency,Stroke,0,2,4,3,1,Home Health Care,2025-12-16,50,Medium,1
P-1938,65,Female,Emergency,Elective,Hypertension,0,0,2,4,3,Home,2025-01-11,36,Medium,1
P-1939,52,Female,General Medicine,Urgent,Pneumonia,1,2,11,1,11,Home,2025-05-04,65,High,0
P-1940,41,Female,Cardiology,Emergency,Sepsis,2,0,4,3,6,Skilled Nursing Facility,2025-06-27,41,Medium,1
P-1941,75,Male,Emergency,Emergency,Stroke,1,1,1,1,5,Home Health Care,2025-11-29,36,Medium,1
P-1942,72,Male,General Medicine,Elective,Diabetes with Complications,0,1,2,1,5,Rehab,2025-11-17,29,Low,1
P-1943,60,Female,Orthopedics,Emergency,Pneumonia,0,1,2,3,7,Home,2025-07-04,37,Medium,1
P-1944,91,Female,Emergency,Emergency,Gastrointestinal Bleed,2,0,7,3,5,Home,2025-10-06,77,High,1
P-1945,44,Male,Cardiology,Emergency,Heart Failure,0,1,1,0,2,Against Medical Advice,2025-08-02,11,Low,0
P-1946,37,Male,Emergency,Transfer,Hip Fracture,1,0,2,6,6,Skilled Nursing Facility,2025-03-02,45,Medium,1
P-1947,50,Female,General Medicine,Emergency,Heart Failure,0,1,5,2,6,Skilled Nursing Facility,2025-06-28,32,Medium,1
P-1948,61,Male,Cardiology,Emergency,Pneumonia,0,2,5,2,2,Home Health Care,2025-03-12,40,Medium,1
P-1949,65,Male,Emergency,Emergency,Sepsis,2,1,5,2,3,Home Health Care,2025-02-08,55,Medium,0
P-1950,58,Male,ICU,Emergency,Hip Fracture,2,2,4,2,5,Skilled Nursing Facility,2025-09-13,56,Medium,1
P-1951,67,Female,ICU,Emergency,Stroke,1,2,1,2,6,Home,2025-03-04,45,Medium,1
P-1952,41,Female,Emergency,Emergency,Pneumonia,3,2,6,3,1,Home Health Care,2025-05-04,62,High,0
P-1953,85,Female,Cardiology,Emergency,Sepsis,1,0,14,4,4,Skilled Nursing Facility,2025-03-12,86,High,1
P-1954,60,Male,Orthopedics,Emergency,Heart Failure,2,1,1,1,1,Home,2025-05-16,31,Medium,0
P-1955,79,Male,General Medicine,Elective,Hip Fracture,0,3,3,2,9,Home,2025-04-03,60,Medium,0
P-1956,67,Male,Emergency,Emergency,Gastrointestinal Bleed,2,1,2,2,8,Home,2025-10-04,53,Medium,1
P-1957,69,Female,Emergency,Urgent,Gastrointestinal Bleed,1,0,1,3,4,Skilled Nursing Facility,2025-07-09,39,Medium,0
P-1958,71,Female,Emergency,Emergency,COPD,2,2,2,2,7,Home Health Care,2025-11-30,60,Medium,1
P-1959,69,Female,ICU,Emergency,COPD,2,1,1,4,3,Home Health Care,2025-05-27,59,Medium,0
P-1960,72,Male,Orthopedics,Urgent,Stroke,3,2,5,3,7,Skilled Nursing Facility,2025-02-23,81,High,0
P-1961,83,Female,Pediatrics,Emergency,Stroke,0,0,5,2,4,Home,2025-01-06,43,Medium,0
P-1962,65,Female,Cardiology,Emergency,Sepsis,2,0,4,0,13,Skilled Nursing Facility,2025-12-20,44,Medium,0
P-1963,73,Male,Cardiology,Emergency,Stroke,0,0,2,2,5,Home,2025-12-25,30,Low,1
P-1964,60,Male,Cardiology,Urgent,Heart Failure,1,0,17,4,5,Home Health Care,2025-11-20,83,High,1
P-1965,85,Female,General Medicine,Urgent,Gastrointestinal Bleed,1,0,5,4,5,Home,2025-07-15,68,High,1
P-1966,51,Female,General Medicine,Emergency,Sepsis,1,2,10,2,3,Home,2025-07-15,58,Medium,1
P-1967,90,Male,Orthopedics,Elective,Hip Fracture,2,2,2,0,1,Home,2025-09-06,51,Medium,0
P-1968,61,Female,General Medicine,Emergency,Acute Kidney Injury,2,0,7,4,3,Home,2025-12-02,65,High,0
P-1969,39,Female,Emergency,Urgent,Stroke,3,0,1,6,9,Skilled Nursing Facility,2025-06-13,64,High,0
P-1970,64,Male,General Medicine,Emergency,Pneumonia,1,1,6,0,2,Home,2025-05-15,34,Medium,0
P-1971,51,Male,General Medicine,Urgent,Hypertension,1,0,7,3,4,Home,2025-08-19,45,Medium,1
P-1972,75,Male,Emergency,Emergency,Heart Failure,2,2,2,1,6,Against Medical Advice,2025-12-05,55,Medium,1
P-1973,51,Male,Emergency,Emergency,Stroke,1,1,29,1,12,Home,2025-01-06,93,High,1
P-1974,54,Male,General Medicine,Emergency,Acute Kidney Injury,2,1,4,2,11,Against Medical Advice,2025-10-18,55,Medium,0
P-1975,31,Male,General Medicine,Elective,Heart Failure,3,1,3,1,6,Rehab,2025-12-12,34,Medium,0
P-1976,54,Female,General Medicine,Elective,Gastrointestinal Bleed,2,0,1,2,6,Home,2025-09-30,34,Medium,0
P-1977,23,Female,General Medicine,Emergency,Gastrointestinal Bleed,1,1,1,3,1,Home,2025-01-07,18,Low,0
P-1978,36,Female,General Medicine,Elective,Sepsis,0,3,2,0,3,Home Health Care,2025-12-23,16,Low,0
P-1979,74,Male,General Medicine,Elective,Gastrointestinal Bleed,1,1,4,5,9,Skilled Nursing Facility,2025-02-05,75,High,0
P-1980,74,Male,Emergency,Elective,Stroke,1,0,4,3,7,Home,2025-03-21,54,Medium,1
P-1981,68,Male,General Medicine,Emergency,Hip Fracture,1,1,4,4,8,Home,2025-04-20,65,High,0
P-1982,46,Female,Emergency,Emergency,Diabetes with Complications,3,2,9,2,7,Skilled Nursing Facility,2025-08-03,73,High,1
P-1983,61,Male,Cardiology,Emergency,Diabetes with Complications,0,1,1,0,6,Home,2025-01-27,18,Low,0
P-1984,61,Male,ICU,Emergency,COPD,4,0,2,2,3,Home,2025-04-16,54,Medium,0
P-1985,43,Female,General Medicine,Elective,Heart Failure,2,1,10,1,7,Rehab,2025-05-15,54,Medium,1
P-1986,86,Female,General Medicine,Elective,Hip Fracture,1,1,1,0,12,Rehab,2025-09-07,44,Medium,0
P-1987,76,Female,Pediatrics,Elective,Acute Kidney Injury,0,0,1,1,1,Home,2025-11-23,21,Low,0
P-1988,58,Male,Emergency,Emergency,Stroke,0,1,2,0,5,Home,2025-10-09,18,Low,0
P-1989,62,Male,Emergency,Elective,Diabetes with Complications,0,3,8,5,2,Home Health Care,2025-10-06,74,High,1
P-1990,65,Female,Cardiology,Emergency,Acute Kidney Injury,2,0,4,1,12,Home,2025-10-17,50,Medium,1
P-1991,29,Female,ICU,Urgent,Gastrointestinal Bleed,2,3,4,1,7,Home,2025-11-03,40,Medium,0
P-1992,58,Male,General Medicine,Emergency,Gastrointestinal Bleed,0,1,12,4,4,Skilled Nursing Facility,2025-11-14,68,High,1
P-1993,51,Male,Cardiology,Elective,Diabetes with Complications,1,0,4,1,5,Against Medical Advice,2025-10-26,26,Low,0
P-1994,45,Female,General Medicine,Elective,Diabetes with Complications,2,1,14,3,10,Home,2025-09-26,80,High,1
P-1995,57,Female,General Medicine,Urgent,Acute Kidney Injury,2,0,1,4,6,Home Health Care,2025-02-24,49,Medium,1
P-1996,90,Female,Emergency,Emergency,Pneumonia,1,0,3,1,9,Home,2025-06-13,50,Medium,0
P-1997,72,Female,Orthopedics,Emergency,Heart Failure,0,0,8,4,7,Home,2025-04-23,63,High,1
P-1998,52,Female,Emergency,Emergency,Heart Failure,2,0,1,6,13,Home,2025-05-25,68,High,0
P-1999,71,Male,Cardiology,Emergency,Acute Kidney Injury,0,0,1,0,14,Home,2025-04-13,25,Low,0
P-2000,84,Male,Orthopedics,Elective,Pneumonia,1,2,3,2,10,Home,2025-12-30,66,High,0
P-2001,76,Female,Orthopedics,Urgent,Gastrointestinal Bleed,3,0,12,1,3,Skilled Nursing Facility,2025-12-13,75,High,1
P-2002,62,Female,Cardiology,Emergency,Pneumonia,4,3,1,2,3,Home,2025-09-26,70,High,0
P-2003,51,Female,ICU,Elective,Pneumonia,1,2,15,1,6,Home,2025-09-06,69,High,1
P-2004,73,Female,ICU,Urgent,Pneumonia,1,1,6,1,7,Home,2025-11-30,52,Medium,1
P-2005,68,Female,Cardiology,Emergency,Heart Failure,3,2,3,1,6,Home Health Care,2025-06-09,62,High,1
P-2006,76,Female,Pediatrics,Emergency,Pneumonia,0,4,1,6,7,Home,2025-01-25,79,High,0
P-2007,72,Male,General Medicine,Urgent,Acute Kidney Injury,0,0,4,1,10,Home,2025-02-23,35,Medium,1
P-2008,78,Male,Emergency,Urgent,Hip Fracture,1,0,3,4,9,Home,2025-10-06,63,High,1
P-2009,53,Male,Orthopedics,Emergency,Stroke,0,0,8,5,4,Home,2025-09-02,55,Medium,1
P-2010,83,Female,Emergency,Emergency,COPD,1,0,4,1,7,Home,2025-07-22,46,Medium,0
P-2011,65,Male,Emergency,Emergency,COPD,1,0,17,2,13,Home,2025-01-02,82,High,1
P-2012,95,Female,Neurology,Elective,COPD,2,0,1,4,12,Skilled Nursing Facility,2025-08-05,77,High,1
P-2013,50,Other,Orthopedics,Emergency,Hip Fracture,0,0,12,3,6,Skilled Nursing Facility,2025-01-22,53,Medium,0
P-2014,89,Female,Orthopedics,Emergency,Hip Fracture,1,0,3,2,6,Home,2025-04-23,52,Medium,1
P-2015,65,Male,Emergency,Elective,Diabetes with Complications,2,0,4,3,4,Home,2025-08-29,54,Medium,0
P-2016,51,Male,General Medicine,Elective,Stroke,0,0,9,3,2,Home,2025-02-26,40,Medium,0
P-2017,54,Male,Cardiology,Urgent,Acute Kidney Injury,1,2,6,6,6,Against Medical Advice,2025-08-09,77,High,0
P-2018,56,Male,General Medicine,Emergency,Diabetes with Complications,4,2,14,5,1,Home,2025-10-12,94,High,1
P-2019,68,Male,Pediatrics,Emergency,Pneumonia,4,2,19,2,2,Home Health Care,2025-01-11,94,High,1
P-2020,70,Male,Cardiology,Urgent,Stroke,1,0,5,4,4,Home,2025-08-05,58,Medium,0
P-2021,52,Female,General Medicine,Elective,Sepsis,2,1,4,4,8,Home,2025-06-15,63,High,1
P-2022,61,Male,Emergency,Urgent,Sepsis,1,0,2,2,9,Home,2025-12-11,36,Medium,0
P-2023,95,Male,ICU,Transfer,Stroke,3,2,2,2,8,Home,2025-12-25,81,High,1
P-2024,89,Female,General Medicine,Urgent,Sepsis,1,2,2,1,7,Home,2025-05-04,56,Medium,1
P-2025,68,Female,Cardiology,Emergency,Diabetes with Complications,2,0,7,2,5,Home,2025-09-30,59,Medium,1
P-2026,62,Female,General Medicine,Emergency,Hip Fracture,2,1,5,2,7,Home,2025-10-13,58,Medium,0
P-2027,63,Female,ICU,Elective,Stroke,2,1,6,2,5,Home Health Care,2025-11-20,59,Medium,1
P-2028,71,Female,Neurology,Elective,Sepsis,0,1,8,5,12,Home Health Care,2025-08-28,78,High,1
P-2029,45,Female,Cardiology,Emergency,Acute Kidney Injury,1,0,11,2,3,Home,2025-11-03,45,Medium,1
P-2030,57,Female,Cardiology,Elective,Sepsis,1,1,1,3,6,Home,2025-06-13,40,Medium,1
P-2031,35,Male,Cardiology,Emergency,Pneumonia,1,0,10,0,11,Home,2025-02-01,33,Medium,0
P-2032,68,Female,Neurology,Elective,Diabetes with Complications,0,0,5,3,1,Skilled Nursing Facility,2025-03-06,38,Medium,0
P-2033,72,Male,General Medicine,Emergency,Gastrointestinal Bleed,0,1,12,3,1,Home,2025-11-15,66,High,1
P-2034,54,Female,General Medicine,Emergency,Heart Failure,3,0,12,2,5,Skilled Nursing Facility,2025-04-23,72,High,1
P-2035,87,Male,Emergency,Urgent,Diabetes with Complications,3,1,3,2,12,Skilled Nursing Facility,2025-04-26,78,High,1
P-2036,42,Female,Emergency,Emergency,Hypertension,3,3,6,2,6,Home,2025-08-03,67,High,0
P-2037,38,Female,Cardiology,Emergency,Hypertension,1,1,8,0,1,Skilled Nursing Facility,2025-06-27,24,Low,0
P-2038,65,Male,General Medicine,Emergency,Heart Failure,1,0,2,2,8,Home Health Care,2025-01-14,37,Medium,1
P-2039,78,Female,Cardiology,Urgent,Hip Fracture,1,1,3,3,8,Home Health Care,2025-04-22,61,High,1
P-2040,88,Male,Pediatrics,Urgent,COPD,2,0,2,5,6,Skilled Nursing Facility,2025-05-29,76,High,1
P-2041,54,Male,General Medicine,Urgent,Sepsis,1,2,1,5,2,Home,2025-11-21,53,Medium,0
P-2042,79,Male,Emergency,Urgent,Acute Kidney Injury,2,0,6,1,1,Home Health Care,2025-06-02,51,Medium,1
P-2043,61,Other,Cardiology,Elective,Hip Fracture,1,1,4,3,5,Home Health Care,2025-04-02,50,Medium,1
P-2044,59,Male,General Medicine,Emergency,Hypertension,1,1,3,0,8,Home Health Care,2025-06-11,30,Low,0
P-2045,76,Female,Cardiology,Emergency,Stroke,1,2,2,4,7,Home Health Care,2025-12-29,68,High,1
P-2046,72,Female,Cardiology,Emergency,Heart Failure,1,0,1,6,9,Home,2025-04-28,67,High,1
P-2047,36,Female,Cardiology,Elective,Hip Fracture,2,2,2,2,6,Home,2025-11-03,38,Medium,1
P-2048,85,Female,General Medicine,Elective,COPD,1,2,19,3,5,Rehab,2025-11-14,93,High,1
P-2049,84,Male,General Medicine,Emergency,Stroke,5,2,15,1,10,Home,2025-05-15,96,High,1
P-2050,51,Male,Emergency,Emergency,Pneumonia,3,0,9,5,6,Home,2025-07-13,80,High,1
P-2051,68,Male,ICU,Emergency,Diabetes with Complications,1,1,1,2,4,Home,2025-06-30,37,Medium,0
P-2052,69,Female,Emergency,Emergency,Heart Failure,2,0,9,2,1,Home,2025-08-01,60,Medium,0
P-2053,66,Male,General Medicine,Elective,Hypertension,0,1,7,0,3,Home,2025-05-30,31,Medium,0
P-2054,53,Male,Cardiology,Elective,Acute Kidney Injury,2,1,13,4,6,Home,2025-03-11,83,High,1
P-2055,51,Female,Cardiology,Elective,Pneumonia,1,0,3,1,1,Home,2025-10-14,20,Low,0
P-2056,61,Male,Neurology,Emergency,Pneumonia,0,1,4,3,6,Skilled Nursing Facility,2025-05-14,42,Medium,0
P-2057,80,Female,Pediatrics,Transfer,Hip Fracture,2,2,4,2,12,Home,2025-05-07,76,High,1
P-2058,70,Male,Pediatrics,Emergency,Heart Failure,0,1,4,3,3,Home Health Care,2025-10-16,44,Medium,1
P-2059,56,Male,Orthopedics,Emergency,Diabetes with Complications,0,0,2,1,5,Home,2025-05-11,18,Low,0
P-2060,74,Male,Cardiology,Elective,Heart Failure,1,2,1,2,9,Skilled Nursing Facility,2025-09-14,53,Medium,0
P-2061,18,Male,Cardiology,Emergency,Stroke,2,0,6,3,7,Home Health Care,2025-01-26,35,Medium,0
P-2062,80,Female,Emergency,Emergency,COPD,3,3,11,1,2,Home,2025-10-14,86,High,1
P-2063,34,Male,Emergency,Emergency,Pneumonia,0,2,5,3,6,Home,2025-11-01,35,Medium,1
P-2064,56,Male,Pediatrics,Elective,Pneumonia,2,1,8,1,9,Skilled Nursing Facility,2025-08-18,58,Medium,1
P-2065,44,Female,General Medicine,Urgent,Hypertension,0,1,4,2,3,Home Health Care,2025-03-31,24,Low,0
P-2066,41,Female,General Medicine,Elective,Pneumonia,2,0,4,3,6,Skilled Nursing Facility,2025-09-07,41,Medium,0
P-2067,80,Female,Cardiology,Elective,Diabetes with Complications,1,2,20,4,2,Home,2025-12-25,94,High,1
P-2068,54,Female,Neurology,Emergency,Acute Kidney Injury,0,3,24,1,5,Rehab,2025-02-11,86,High,1
P-2069,67,Female,Orthopedics,Emergency,Heart Failure,2,1,5,3,2,Home,2025-10-12,61,High,1
P-2070,61,Male,Cardiology,Emergency,Acute Kidney Injury,1,2,3,3,2,Home,2025-07-12,49,Medium,0
P-2071,69,Female,Orthopedics,Urgent,Hypertension,1,1,3,3,11,Home,2025-03-19,59,Medium,0
P-2072,63,Female,Cardiology,Emergency,Hip Fracture,0,1,6,3,5,Home,2025-01-16,48,Medium,1
P-2073,41,Male,ICU,Transfer,Stroke,1,3,2,3,13,Home Health Care,2025-05-22,54,Medium,1
P-2074,77,Male,General Medicine,Emergency,Pneumonia,1,1,18,1,4,Skilled Nursing Facility,2025-12-16,81,High,1
P-2075,54,Male,General Medicine,Elective,Gastrointestinal Bleed,0,0,6,3,7,Rehab,2025-12-28,39,Medium,0
P-2076,37,Male,ICU,Urgent,Hypertension,4,1,1,4,9,Home Health Care,2025-04-03,64,High,1
P-2077,55,Male,Emergency,Emergency,Stroke,1,0,3,2,7,Home,2025-05-21,33,Medium,0
P-2078,86,Male,Pediatrics,Elective,Heart Failure,2,1,2,0,4,Against Medical Advice,2025-07-20,46,Medium,1
P-2079,75,Female,General Medicine,Emergency,Sepsis,0,3,1,2,8,Home,2025-08-19,50,Medium,1
P-2080,56,Female,General Medicine,Emergency,COPD,2,1,5,2,1,Rehab,2025-06-30,47,Medium,0
P-2081,56,Female,Cardiology,Emergency,Sepsis,2,2,1,1,6,Skilled Nursing Facility,2025-02-23,40,Medium,0
P-2082,56,Female,ICU,Urgent,Pneumonia,2,0,3,1,9,Home,2025-12-25,38,Medium,0
P-2083,95,Male,Cardiology,Emergency,Acute Kidney Injury,1,0,5,2,5,Home,2025-09-04,61,High,1
P-2084,68,Female,Cardiology,Emergency,Pneumonia,0,0,1,1,1,Home,2025-07-10,18,Low,1
P-2085,68,Female,Cardiology,Transfer,Stroke,0,0,10,1,5,Skilled Nursing Facility,2025-05-02,43,Medium,0
P-2086,78,Male,Cardiology,Emergency,Acute Kidney Injury,1,1,1,1,9,Skilled Nursing Facility,2025-05-01,43,Medium,0
P-2087,65,Male,General Medicine,Emergency,COPD,2,2,5,2,1,Home Health Care,2025-09-16,58,Medium,0
P-2088,57,Male,Emergency,Transfer,Hypertension,0,1,12,5,6,Home,2025-11-27,75,High,1
P-2089,58,Male,Orthopedics,Emergency,Stroke,1,0,1,2,6,Home,2025-02-28,28,Low,0
P-2090,60,Male,Cardiology,Emergency,Stroke,2,1,1,1,7,Rehab,2025-01-23,38,Medium,0
P-2091,61,Male,Emergency,Urgent,Hypertension,3,1,1,2,3,Home,2025-07-10,49,Medium,1
P-2092,73,Male,ICU,Emergency,Gastrointestinal Bleed,1,1,2,4,12,Home Health Care,2025-04-17,66,High,1
P-2093,62,Male,Emergency,Emergency,Pneumonia,1,0,6,2,7,Skilled Nursing Facility,2025-06-16,46,Medium,1
P-2094,73,Other,ICU,Emergency,Hypertension,3,1,4,4,8,Skilled Nursing Facility,2025-08-27,81,High,1
P-2095,60,Male,Pediatrics,Elective,Hip Fracture,1,0,2,2,7,Home,2025-01-22,33,Medium,0
P-2096,63,Male,General Medicine,Emergency,Stroke,1,0,5,2,3,Home,2025-07-07,39,Medium,0
P-2097,30,Female,Emergency,Emergency,Gastrointestinal Bleed,1,1,3,5,11,Home Health Care,2025-05-03,49,Medium,1
P-2098,76,Female,ICU,Emergency,Diabetes with Complications,1,0,2,3,1,Home,2025-09-20,42,Medium,0
P-2099,67,Male,General Medicine,Emergency,Sepsis,1,1,3,0,6,Home Health Care,2025-01-22,32,Medium,0
P-2100,77,Female,General Medicine,Elective,Acute Kidney Injury,3,0,3,2,9,Home,2025-02-27,66,High,1
P-2101,18,Male,Cardiology,Emergency,Pneumonia,0,1,4,2,7,Skilled Nursing Facility,2025-10-21,17,Low,0
P-2102,95,Male,General Medicine,Elective,Stroke,0,2,3,2,8,Against Medical Advice,2025-01-28,62,High,0
P-2103,59,Male,Orthopedics,Emergency,Acute Kidney Injury,1,0,2,2,4,Rehab,2025-08-31,29,Low,0
P-2104,79,Female,General Medicine,Emergency,Sepsis,4,0,2,4,6,Home,2025-09-08,79,High,1
P-2105,45,Male,Orthopedics,Emergency,COPD,2,2,2,4,7,Home,2025-12-15,58,Medium,1
P-2106,71,Female,Orthopedics,Emergency,Stroke,2,2,2,4,4,Home,2025-11-06,70,High,1
P-2107,45,Male,Neurology,Emergency,Stroke,1,2,2,0,11,Home,2025-12-04,28,Low,0
P-2108,52,Female,Emergency,Elective,Acute Kidney Injury,3,1,17,3,12,Home,2025-10-31,92,High,1
P-2109,92,Male,General Medicine,Elective,Stroke,2,1,2,6,6,Home Health Care,2025-01-30,85,High,1
P-2110,58,Male,General Medicine,Emergency,Stroke,1,2,3,3,4,Home,2025-02-20,50,Medium,1
P-2111,65,Female,General Medicine,Elective,Hypertension,3,0,11,2,6,Home,2025-02-17,76,High,1
P-2112,75,Female,Pediatrics,Transfer,Hip Fracture,4,0,1,3,8,Home,2025-11-22,72,High,1
P-2113,69,Male,ICU,Emergency,Heart Failure,0,0,5,2,6,Home,2025-06-30,37,Medium,0
P-2114,64,Female,Emergency,Emergency,COPD,0,0,10,0,8,Home,2025-04-15,38,Medium,1
P-2115,67,Female,Cardiology,Elective,Heart Failure,0,0,1,2,7,Home,2025-02-17,27,Low,1
P-2116,95,Male,Cardiology,Emergency,Pneumonia,1,2,8,3,6,Home Health Care,2025-01-31,84,High,1
P-2117,61,Female,Cardiology,Elective,Hip Fracture,4,2,5,0,1,Home Health Care,2025-04-29,59,Medium,1
P-2118,65,Female,General Medicine,Transfer,Stroke,1,1,8,1,13,Home,2025-08-04,60,Medium,1
P-2119,78,Male,ICU,Emergency,Pneumonia,0,2,1,1,3,Home,2025-07-01,33,Medium,1
P-2120,79,Male,General Medicine,Urgent,COPD,2,1,1,4,5,Home,2025-11-04,67,High,1
P-2121,80,Female,General Medicine,Emergency,Diabetes with Complications,3,0,1,1,2,Home,2025-08-07,46,Medium,1
P-2122,72,Male,Cardiology,Emergency,Diabetes with Complications,2,2,18,4,7,Home,2025-06-27,95,High,1
P-2123,43,Male,Cardiology,Emergency,Acute Kidney Injury,1,0,10,5,13,Skilled Nursing Facility,2025-01-05,73,High,0
P-2124,88,Male,General Medicine,Emergency,Diabetes with Complications,2,2,4,0,6,Home,2025-01-30,62,High,1
P-2125,43,Female,General Medicine,Emergency,Stroke,4,0,4,3,2,Home,2025-05-08,55,Medium,1
P-2126,66,Male,Orthopedics,Emergency,Heart Failure,1,0,2,4,9,Home,2025-10-12,53,Medium,0
P-2127,49,Female,Orthopedics,Elective,Gastrointestinal Bleed,2,1,2,1,10,Home,2025-01-25,38,Medium,1
P-2128,60,Male,Pediatrics,Emergency,Hypertension,1,0,2,2,4,Home,2025-04-03,30,Low,0
P-2129,67,Male,General Medicine,Emergency,Heart Failure,1,0,6,2,10,Home,2025-07-15,53,Medium,1
P-2130,67,Female,Neurology,Emergency,Heart Failure,1,1,5,2,8,Home,2025-09-08,53,Medium,1
P-2131,68,Female,Orthopedics,Emergency,Gastrointestinal Bleed,0,0,4,2,11,Rehab,2025-11-03,40,Medium,0
P-2132,87,Male,Orthopedics,Emergency,Stroke,0,3,9,5,5,Skilled Nursing Facility,2025-06-24,88,High,1
P-2133,69,Male,ICU,Elective,Hypertension,0,0,1,3,12,Home Health Care,2025-04-02,40,Medium,0
P-2134,58,Male,Pediatrics,Emergency,COPD,1,0,1,1,8,Home,2025-04-23,25,Low,0
P-2135,77,Female,Emergency,Elective,Pneumonia,2,0,8,4,8,Home,2025-06-07,80,High,1
P-2136,81,Male,General Medicine,Emergency,Acute Kidney Injury,2,0,3,1,3,Home Health Care,2025-06-30,45,Medium,0
P-2137,42,Female,Cardiology,Elective,Diabetes with Complications,0,0,5,3,5,Home,2025-11-14,28,Low,0
P-2138,71,Female,Emergency,Emergency,Sepsis,2,1,3,7,9,Home,2025-11-11,86,High,1
P-2139,73,Male,Cardiology,Emergency,Sepsis,1,0,3,3,7,Home Health Care,2025-08-11,51,Medium,1
P-2140,57,Male,Cardiology,Elective,Heart Failure,3,0,1,3,8,Home,2025-09-16,53,Medium,1
P-2141,84,Male,Cardiology,Emergency,Hypertension,2,1,4,0,12,Home,2025-06-22,61,High,1
P-2142,59,Male,Orthopedics,Urgent,Gastrointestinal Bleed,1,0,1,3,2,Home,2025-10-05,31,Medium,0
P-2143,64,Female,ICU,Elective,Heart Failure,0,0,2,1,7,Home Health Care,2025-12-26,23,Low,0
P-2144,59,Female,Emergency,Emergency,Sepsis,1,1,1,0,4,Home Health Care,2025-09-28,21,Low,0
P-2145,62,Female,Cardiology,Urgent,Stroke,1,1,2,0,4,Home Health Care,2025-04-08,25,Low,0
P-2146,44,Male,General Medicine,Urgent,Hip Fracture,0,1,11,1,9,Home,2025-03-06,43,Medium,1
P-2147,38,Female,Cardiology,Emergency,Diabetes with Complications,4,1,16,3,1,Home Health Care,2025-02-05,85,High,1
P-2148,87,Male,Cardiology,Emergency,Hip Fracture,1,1,1,3,1,Rehab,2025-11-16,52,Medium,1
P-2149,48,Male,Emergency,Elective,Hypertension,2,0,12,2,6,Home Health Care,2025-04-22,62,High,0
P-2150,46,Female,General Medicine,Emergency,Diabetes with Complications,1,0,9,5,7,Home,2025-03-30,65,High,1
P-2151,27,Female,Cardiology,Emergency,Diabetes with Complications,2,1,4,2,2,Home Health Care,2025-02-05,28,Low,0
P-2152,51,Male,Cardiology,Elective,Gastrointestinal Bleed,0,0,3,0,4,Home Health Care,2025-01-04,13,Low,0
P-2153,40,Female,Cardiology,Elective,Stroke,1,2,3,3,5,Skilled Nursing Facility,2025-12-23,40,Medium,0
P-2154,88,Female,Pediatrics,Elective,Hip Fracture,1,0,5,0,11,Home Health Care,2025-07-29,50,Medium,0
P-2155,78,Female,Emergency,Elective,Heart Failure,1,2,1,1,8,Home Health Care,2025-11-18,48,Medium,0
P-2156,50,Male,General Medicine,Emergency,Hypertension,3,2,1,2,5,Home Health Care,2025-12-04,51,Medium,1
P-2157,95,Female,Cardiology,Emergency,Sepsis,1,1,18,3,4,Home,2025-02-08,92,High,1
P-2158,77,Female,Emergency,Elective,Heart Failure,3,0,8,1,8,Home,2025-05-02,71,High,1
P-2159,56,Female,ICU,Emergency,Acute Kidney Injury,0,1,3,1,3,Home,2025-04-18,22,Low,1
P-2160,22,Female,ICU,Elective,Diabetes with Complications,1,2,1,2,6,Home,2025-06-24,21,Low,1
P-2161,95,Female,Emergency,Emergency,Gastrointestinal Bleed,2,1,15,4,6,Home Health Care,2025-01-07,95,High,1
P-2162,39,Male,Emergency,Emergency,Pneumonia,1,0,1,0,5,Home,2025-03-21,12,Low,0
P-2163,35,Male,Cardiology,Elective,Hypertension,1,0,1,1,7,Home,2025-08-21,15,Low,0
P-2164,78,Male,General Medicine,Emergency,Stroke,3,0,2,4,4,Home,2025-10-09,70,High,1
P-2165,95,Male,Pediatrics,Emergency,Diabetes with Complications,0,0,7,5,10,Home,2025-08-05,80,High,1
P-2166,84,Male,Emergency,Emergency,Hypertension,0,1,9,2,11,Home Health Care,2025-05-28,70,High,1
P-2167,71,Female,General Medicine,Emergency,COPD,1,0,4,2,14,Home Health Care,2025-03-12,54,Medium,1
P-2168,71,Male,Pediatrics,Emergency,Hypertension,0,0,3,3,12,Skilled Nursing Facility,2025-06-23,47,Medium,1
P-2169,75,Female,Orthopedics,Emergency,Pneumonia,2,0,1,0,8,Home,2025-04-22,35,Medium,0
P-2170,74,Female,Emergency,Elective,Heart Failure,0,1,2,2,7,Home,2025-01-30,39,Medium,1
P-2171,66,Male,General Medicine,Urgent,Hypertension,1,0,1,3,11,Skilled Nursing Facility,2025-02-05,45,Medium,1
P-2172,63,Female,Cardiology,Emergency,Sepsis,3,0,2,0,8,Home,2025-04-24,39,Medium,0
P-2173,60,Male,Emergency,Emergency,Acute Kidney Injury,1,1,1,2,1,Home Health Care,2025-04-25,30,Low,0
P-2174,49,Female,Cardiology,Elective,Sepsis,1,3,11,1,7,Home Health Care,2025-07-31,64,High,1
P-2175,57,Female,Cardiology,Urgent,Heart Failure,1,2,6,4,4,Home,2025-01-23,65,High,0
P-2176,34,Male,Emergency,Emergency,Hip Fracture,1,1,3,4,2,Home,2025-03-14,34,Medium,0
P-2177,60,Male,Cardiology,Emergency,COPD,1,2,13,1,10,Home,2025-01-15,73,High,1
P-2178,46,Male,General Medicine,Emergency,Stroke,0,3,2,1,1,Rehab,2025-02-13,23,Low,0
P-2179,44,Female,Emergency,Emergency,Hip Fracture,1,1,14,2,5,Home,2025-08-03,62,High,1
P-2180,64,Female,Emergency,Elective,Pneumonia,0,1,1,3,8,Home,2025-09-06,38,Medium,0
P-2181,84,Male,Cardiology,Transfer,COPD,4,1,8,3,5,Home,2025-12-02,89,High,1
P-2182,76,Female,Cardiology,Elective,Gastrointestinal Bleed,0,0,2,4,2,Home,2025-09-19,42,Medium,0
P-2183,36,Male,General Medicine,Transfer,Gastrointestinal Bleed,1,1,1,1,4,Home Health Care,2025-03-06,17,Low,0
P-2184,46,Male,Pediatrics,Emergency,Stroke,4,0,5,3,6,Home,2025-11-21,64,High,1
P-2185,77,Other,ICU,Urgent,Pneumonia,1,1,5,0,1,Home,2025-11-30,37,Medium,1
P-2186,46,Male,Cardiology,Emergency,COPD,2,0,13,3,3,Home,2025-03-19,67,High,1
P-2187,58,Female,Orthopedics,Emergency,Stroke,3,0,2,2,6,Home,2025-02-05,48,Medium,1
P-2188,70,Female,ICU,Elective,Sepsis,0,0,7,1,5,Home,2025-02-11,36,Medium,0
P-2189,46,Female,Orthopedics,Emergency,Sepsis,3,1,12,3,5,Home,2025-04-20,78,High,1
P-2190,63,Male,Emergency,Emergency,COPD,3,0,3,1,5,Skilled Nursing Facility,2025-01-23,45,Medium,1
P-2191,40,Male,Emergency,Elective,Hypertension,3,2,3,1,12,Home,2025-02-19,52,Medium,0
P-2192,52,Male,Emergency,Emergency,Hip Fracture,1,2,3,1,7,Home,2025-09-16,36,Medium,1
P-2193,67,Female,Cardiology,Elective,Gastrointestinal Bleed,2,4,19,0,3,Home,2025-10-04,89,High,1
P-2194,36,Female,Emergency,Emergency,Hypertension,3,0,5,3,6,Home,2025-09-29,50,Medium,0
P-2195,69,Male,Orthopedics,Elective,Stroke,2,2,12,0,5,Home Health Care,2025-04-17,71,High,1
P-2196,61,Female,General Medicine,Emergency,Hip Fracture,2,1,3,3,5,Rehab,2025-10-12,56,Medium,0
P-2197,70,Male,General Medicine,Emergency,Hypertension,3,2,10,0,6,Home,2025-06-04,75,High,1
P-2198,65,Male,General Medicine,Emergency,Diabetes with Complications,2,0,3,0,7,Home,2025-11-28,34,Medium,1
P-2199,83,Male,Cardiology,Elective,COPD,1,0,1,4,4,Home,2025-03-15,54,Medium,1
P-2200,64,Male,General Medicine,Elective,Pneumonia,0,2,5,2,3,Home,2025-03-25,43,Medium,0
P-2201,55,Male,Emergency,Emergency,Sepsis,0,1,10,1,3,Home Health Care,2025-02-07,39,Medium,1
P-2202,63,Male,General Medicine,Emergency,Diabetes with Complications,0,1,1,0,2,Home Health Care,2025-02-03,16,Low,0
P-2203,70,Female,Emergency,Emergency,Stroke,2,0,2,3,6,Home,2025-10-10,53,Medium,0
P-2204,62,Female,General Medicine,Elective,Hip Fracture,1,0,14,2,6,Skilled Nursing Facility,2025-07-04,68,High,0
P-2205,62,Male,Orthopedics,Emergency,COPD,1,0,2,0,7,Skilled Nursing Facility,2025-12-16,23,Low,0
P-2206,50,Female,Emergency,Emergency,Hip Fracture,0,3,3,2,3,Skilled Nursing Facility,2025-08-04,35,Medium,1
P-2207,51,Female,ICU,Elective,Hip Fracture,2,2,2,0,6,Home,2025-05-12,34,Medium,1
P-2208,39,Male,Emergency,Urgent,Pneumonia,1,0,2,5,11,Home,2025-06-06,45,Medium,0
P-2209,89,Female,Emergency,Emergency,Heart Failure,1,2,3,4,7,Home,2025-10-02,77,High,1
P-2210,42,Female,General Medicine,Emergency,Pneumonia,1,0,9,2,2,Home,2025-01-26,36,Medium,0
P-2211,50,Female,Pediatrics,Elective,Hypertension,1,0,2,0,5,Home,2025-03-30,17,Low,0
P-2212,50,Female,Emergency,Elective,Heart Failure,2,1,6,1,6,Skilled Nursing Facility,2025-12-18,45,Medium,1
P-2213,76,Female,Emergency,Emergency,Diabetes with Complications,0,0,2,2,6,Home,2025-06-13,33,Medium,0
P-2214,57,Male,General Medicine,Emergency,Hip Fracture,1,0,1,2,3,Home Health Care,2025-10-21,25,Low,1
P-2215,81,Female,Cardiology,Emergency,COPD,5,0,8,1,6,Home Health Care,2025-06-27,83,High,1
P-2216,51,Male,Cardiology,Elective,Gastrointestinal Bleed,0,0,1,3,7,Home,2025-12-11,25,Low,0
P-2217,66,Female,Neurology,Elective,Stroke,0,1,7,0,8,Home,2025-08-19,36,Medium,0
P-2218,48,Male,General Medicine,Emergency,Pneumonia,3,1,5,2,13,Home Health Care,2025-07-11,65,High,0
P-2219,95,Male,ICU,Emergency,Heart Failure,4,0,4,2,8,Home Health Care,2025-06-18,82,High,0
P-2220,42,Female,Cardiology,Emergency,Heart Failure,1,0,3,0,7,Rehab,2025-07-30,17,Low,0
P-2221,66,Male,General Medicine,Urgent,Heart Failure,1,1,4,3,4,Skilled Nursing Facility,2025-09-21,52,Medium,1
P-2222,72,Female,General Medicine,Emergency,Hypertension,2,0,1,4,9,Skilled Nursing Facility,2025-11-23,62,High,1
P-2223,68,Male,Orthopedics,Emergency,Pneumonia,2,1,2,0,3,Home Health Care,2025-08-04,34,Medium,1
P-2224,59,Female,Cardiology,Elective,Acute Kidney Injury,0,4,1,2,5,Home,2025-10-20,43,Medium,0
P-2225,59,Male,Neurology,Urgent,Hip Fracture,3,0,6,1,10,Skilled Nursing Facility,2025-11-27,58,Medium,1
P-2226,62,Male,General Medicine,Elective,Hip Fracture,4,0,8,3,1,Rehab,2025-11-21,75,High,1
P-2227,59,Male,General Medicine,Emergency,Diabetes with Complications,3,3,6,1,5,Home,2025-04-18,70,High,1
P-2228,77,Female,General Medicine,Urgent,Gastrointestinal Bleed,2,0,6,1,3,Home,2025-12-29,52,Medium,0
P-2229,95,Female,Cardiology,Elective,Gastrointestinal Bleed,1,0,9,0,7,Home,2025-03-13,61,High,0
P-2230,53,Female,Pediatrics,Elective,Stroke,2,0,6,2,3,Rehab,2025-01-02,44,Medium,1
P-2231,40,Female,Cardiology,Emergency,Hypertension,0,0,2,1,4,Home,2025-03-29,12,Low,0
P-2232,60,Female,Cardiology,Emergency,Acute Kidney Injury,2,1,2,2,7,Home Health Care,2025-09-03,48,Medium,0
P-2233,95,Female,Orthopedics,Elective,Acute Kidney Injury,3,2,3,2,8,Skilled Nursing Facility,2025-02-26,82,High,1
P-2234,49,Male,General Medicine,Urgent,Hip Fracture,0,3,3,5,9,Home Health Care,2025-02-16,62,High,1
P-2235,88,Male,Orthopedics,Elective,Hip Fracture,0,1,2,2,8,Home,2025-02-08,49,Medium,0
P-2236,88,Male,Emergency,Urgent,Acute Kidney Injury,1,2,2,4,2,Rehab,2025-11-10,69,High,1
P-2237,53,Male,Emergency,Emergency,Sepsis,0,0,6,3,8,Home,2025-12-04,40,Medium,0
P-2238,71,Female,Neurology,Emergency,Sepsis,0,0,2,2,6,Home,2025-08-31,30,Low,0
P-2239,88,Female,ICU,Elective,Sepsis,4,0,7,1,8,Home,2025-05-08,81,High,1
P-2240,55,Female,Orthopedics,Elective,Acute Kidney Injury,1,1,2,1,1,Home,2025-09-20,24,Low,0
P-2241,58,Female,Cardiology,Elective,Gastrointestinal Bleed,3,0,3,3,3,Home,2025-04-04,54,Medium,0
P-2242,52,Female,Orthopedics,Urgent,Heart Failure,0,1,2,6,3,Home,2025-10-31,48,Medium,0
P-2243,45,Female,Cardiology,Emergency,Hypertension,4,0,8,1,13,Home Health Care,2025-08-06,67,High,1
P-2244,51,Male,General Medicine,Emergency,Pneumonia,0,0,3,1,8,Home,2025-02-08,20,Low,1
P-2245,42,Male,Orthopedics,Urgent,Stroke,1,0,18,2,4,Home Health Care,2025-01-02,65,High,0
P-2246,62,Male,Emergency,Emergency,Gastrointestinal Bleed,1,0,5,6,5,Home,2025-02-01,67,High,1
P-2247,49,Male,General Medicine,Elective,Diabetes with Complications,1,1,1,1,2,Home,2025-05-30,20,Low,0
P-2248,65,Female,Orthopedics,Urgent,COPD,1,0,8,3,4,Home,2025-06-23,57,Medium,1
P-2249,37,Female,General Medicine,Emergency,Hip Fracture,1,1,6,1,6,Home,2025-05-19,29,Low,0
P-2250,67,Male,Neurology,Urgent,Acute Kidney Injury,0,0,2,6,4,Home,2025-03-26,52,Medium,1
P-2251,75,Female,Emergency,Emergency,Hip Fracture,1,0,2,1,7,Home,2025-08-09,35,Medium,0
P-2252,30,Female,Cardiology,Elective,Diabetes with Complications,1,0,4,3,6,Home,2025-05-06,27,Low,0
P-2253,67,Male,ICU,Emergency,Hip Fracture,2,0,5,1,4,Home,2025-11-28,44,Medium,0
P-2254,81,Male,Cardiology,Elective,Sepsis,2,1,11,1,1,Home,2025-01-31,72,High,1
P-2255,42,Female,Cardiology,Elective,Acute Kidney Injury,1,4,1,0,5,Home,2025-05-23,28,Low,0
P-2256,88,Female,General Medicine,Emergency,Diabetes with Complications,1,1,1,4,3,Skilled Nursing Facility,2025-09-20,62,High,1
P-2257,68,Male,Cardiology,Elective,Stroke,3,0,6,1,5,Home,2025-08-12,57,Medium,0
P-2258,50,Male,ICU,Urgent,Heart Failure,1,0,2,1,11,Home,2025-09-07,26,Low,1
P-2259,61,Male,ICU,Elective,Sepsis,0,2,2,1,8,Home,2025-08-06,32,Medium,1
P-2260,70,Male,Orthopedics,Transfer,Pneumonia,1,0,6,5,4,Home Health Care,2025-04-18,67,High,0
P-2261,63,Female,General Medicine,Emergency,Sepsis,1,0,1,2,4,Home,2025-12-18,29,Low,0
P-2262,70,Male,Emergency,Emergency,Heart Failure,1,0,4,0,6,Home,2025-02-21,31,Medium,1
P-2263,47,Male,Orthopedics,Emergency,Heart Failure,0,0,5,3,4,Home Health Care,2025-02-14,29,Low,0
P-2264,64,Male,ICU,Transfer,Diabetes with Complications,0,0,3,1,10,Home,2025-06-28,28,Low,0
P-2265,39,Female,Pediatrics,Emergency,Hypertension,0,1,1,0,9,Home,2025-05-30,13,Low,0
P-2266,60,Male,General Medicine,Emergency,Stroke,1,1,2,3,2,Home,2025-11-08,40,Medium,0
P-2267,47,Male,Cardiology,Emergency,COPD,0,2,3,1,11,Rehab,2025-12-04,30,Low,0
P-2268,50,Female,General Medicine,Emergency,COPD,0,1,1,3,9,Home,2025-06-14,31,Medium,1
P-2269,81,Male,General Medicine,Urgent,COPD,1,0,4,0,5,Home,2025-09-30,36,Medium,0
P-2270,79,Male,Emergency,Emergency,Acute Kidney Injury,0,1,2,1,8,Home,2025-11-03,36,Medium,0
P-2271,71,Male,Orthopedics,Urgent,Diabetes with Complications,1,2,11,3,5,Skilled Nursing Facility,2025-02-12,79,High,1
P-2272,44,Female,Cardiology,Emergency,Stroke,2,2,1,1,4,Home,2025-09-12,31,Medium,0
P-2273,56,Female,Cardiology,Urgent,Pneumonia,0,0,5,4,3,Home,2025-01-22,39,Medium,1
P-2274,81,Male,ICU,Emergency,Pneumonia,0,0,6,8,13,Home,2025-01-04,87,High,1
P-2275,64,Male,Cardiology,Emergency,Diabetes with Complications,0,0,5,2,2,Home,2025-07-05,30,Low,0
P-2276,95,Male,Cardiology,Emergency,Sepsis,0,1,4,2,4,Against Medical Advice,2025-01-03,54,Medium,0
P-2277,68,Female,Neurology,Emergency,COPD,1,0,1,4,7,Home,2025-10-26,49,Medium,0
P-2278,65,Female,ICU,Emergency,COPD,4,2,5,1,1,Home,2025-01-17,68,High,1
P-2279,57,Female,Emergency,Emergency,Hip Fracture,1,0,4,2,1,Home,2025-01-06,30,Low,0
P-2280,64,Female,Emergency,Emergency,Diabetes with Complications,2,1,11,1,4,Home Health Care,2025-07-08,66,High,0
P-2281,59,Female,Orthopedics,Emergency,Stroke,1,1,10,2,1,Home,2025-10-25,55,Medium,1
P-2282,73,Female,Pediatrics,Elective,Diabetes with Complications,2,1,1,0,7,Home Health Care,2025-09-14,39,Medium,1
P-2283,77,Female,General Medicine,Emergency,Sepsis,1,2,19,3,12,Home,2025-04-12,94,High,1
P-2284,49,Male,Pediatrics,Elective,Acute Kidney Injury,3,0,4,2,18,Home,2025-05-08,63,High,1
P-2285,40,Male,General Medicine,Transfer,Hip Fracture,1,1,12,1,9,Home,2025-10-11,52,Medium,1
P-2286,32,Female,Pediatrics,Emergency,Sepsis,2,0,1,3,8,Home,2025-04-05,30,Low,1
P-2287,70,Female,General Medicine,Emergency,Stroke,2,0,6,4,12,Home,2025-08-11,77,High,1
P-2288,44,Female,ICU,Emergency,Sepsis,0,0,3,3,6,Home,2025-08-21,25,Low,0
P-2289,27,Male,Emergency,Emergency,Hip Fracture,3,0,1,1,13,Skilled Nursing Facility,2025-02-16,28,Low,0
P-2290,68,Female,General Medicine,Elective,Diabetes with Complications,1,0,1,2,9,Home,2025-03-29,37,Medium,0
P-2291,95,Male,Emergency,Emergency,Stroke,0,1,2,3,8,Skilled Nursing Facility,2025-09-29,60,Medium,1
P-2292,61,Female,Cardiology,Emergency,Acute Kidney Injury,3,0,1,1,6,Home,2025-06-02,40,Medium,0
P-2293,75,Male,General Medicine,Emergency,Gastrointestinal Bleed,1,4,5,0,5,Home,2025-02-06,59,Medium,1
P-2294,63,Male,Neurology,Urgent,Gastrointestinal Bleed,1,1,2,4,8,Home,2025-12-29,56,Medium,1
P-2295,60,Male,ICU,Elective,Hip Fracture,1,0,14,6,9,Home,2025-09-21,88,High,1
P-2296,76,Female,General Medicine,Transfer,Hip Fracture,0,0,5,2,5,Home,2025-09-26,40,Medium,0
P-2297,57,Male,General Medicine,Urgent,COPD,2,1,7,1,5,Home,2025-08-07,51,Medium,1
P-2298,66,Male,Pediatrics,Emergency,Hip Fracture,4,0,3,1,5,Skilled Nursing Facility,2025-09-24,56,Medium,0
P-2299,67,Male,Neurology,Emergency,Diabetes with Complications,2,0,2,2,8,Home,2025-12-18,47,Medium,1
P-2300,51,Female,General Medicine,Emergency,Acute Kidney Injury,1,1,7,2,8,Home,2025-12-16,49,Medium,1
P-2301,77,Male,Emergency,Emergency,COPD,2,2,3,2,3,Home Health Care,2025-01-02,62,High,0
P-2302,59,Female,Cardiology,Emergency,Acute Kidney Injury,3,1,30,2,10,Home,2025-05-18,98,High,1
P-2303,49,Female,Emergency,Emergency,Acute Kidney Injury,1,1,5,1,6,Skilled Nursing Facility,2025-02-25,33,Medium,0
P-2304,70,Male,General Medicine,Emergency,Acute Kidney Injury,0,2,9,5,16,Home,2025-12-18,86,High,1
P-2305,47,Female,Orthopedics,Emergency,Stroke,2,0,2,1,2,Home,2025-02-17,23,Low,0
P-2306,62,Male,General Medicine,Urgent,Heart Failure,1,1,3,0,10,Skilled Nursing Facility,2025-09-03,33,Medium,0
P-2307,61,Female,Cardiology,Urgent,Diabetes with Complications,3,4,2,2,7,Home,2025-05-01,74,High,0
P-2308,79,Male,General Medicine,Emergency,Stroke,1,1,7,2,9,Home Health Care,2025-07-06,67,High,1
P-2309,69,Female,Emergency,Emergency,Heart Failure,1,0,7,4,3,Skilled Nursing Facility,2025-03-15,62,High,0
P-2310,61,Female,ICU,Emergency,Gastrointestinal Bleed,1,0,5,1,4,Skilled Nursing Facility,2025-09-18,32,Medium,0
P-2311,75,Female,Cardiology,Urgent,Pneumonia,2,0,6,1,5,Skilled Nursing Facility,2025-08-08,53,Medium,1
P-2312,84,Male,Cardiology,Transfer,Sepsis,1,0,3,2,2,Home,2025-02-06,44,Medium,0
P-2313,70,Male,Orthopedics,Emergency,COPD,3,1,10,2,6,Home Health Care,2025-02-12,80,High,1
P-2314,62,Female,Cardiology,Emergency,Pneumonia,0,0,12,2,5,Home,2025-06-07,52,Medium,1
P-2315,41,Female,Cardiology,Emergency,Hip Fracture,0,2,5,0,10,Skilled Nursing Facility,2025-04-22,25,Low,1
P-2316,44,Male,Pediatrics,Emergency,Diabetes with Complications,3,0,3,1,7,Home,2025-01-24,36,Medium,0
P-2317,57,Male,Emergency,Elective,Pneumonia,1,1,9,2,6,Home,2025-07-28,57,Medium,0
P-2318,52,Male,ICU,Emergency,Hip Fracture,2,0,18,3,2,Skilled Nursing Facility,2025-08-05,80,High,0
P-2319,59,Female,Cardiology,Transfer,Pneumonia,2,0,4,1,6,Skilled Nursing Facility,2025-12-18,39,Medium,1
P-2320,62,Male,Cardiology,Emergency,Hip Fracture,1,0,5,2,8,Rehab,2025-11-28,44,Medium,1
P-2321,70,Male,Cardiology,Elective,Stroke,0,1,9,4,13,Home,2025-03-30,76,High,1
P-2322,60,Male,ICU,Emergency,Diabetes with Complications,0,0,6,0,4,Home,2025-10-07,22,Low,0
P-2323,69,Male,General Medicine,Emergency,Heart Failure,2,1,1,0,4,Skilled Nursing Facility,2025-03-04,33,Medium,0
P-2324,63,Male,Cardiology,Elective,Heart Failure,2,1,3,2,10,Home,2025-09-26,56,Medium,1
P-2325,30,Female,Emergency,Urgent,Diabetes with Complications,2,0,5,0,8,Skilled Nursing Facility,2025-10-26,22,Low,0
P-2326,46,Male,Orthopedics,Elective,Stroke,2,0,3,2,3,Home Health Care,2025-04-14,31,Medium,1
P-2327,59,Female,Emergency,Elective,Gastrointestinal Bleed,3,1,6,4,5,Skilled Nursing Facility,2025-06-07,76,High,1
P-2328,42,Male,Neurology,Elective,Stroke,0,3,2,2,5,Home Health Care,2025-03-30,30,Low,1
P-2329,71,Male,Emergency,Emergency,Pneumonia,2,2,1,0,7,Skilled Nursing Facility,2025-02-10,44,Medium,0
P-2330,86,Male,Emergency,Elective,Hip Fracture,1,0,1,1,6,Home,2025-03-01,38,Medium,1
P-2331,81,Female,General Medicine,Elective,Hip Fracture,1,0,1,1,9,Rehab,2025-11-28,38,Medium,0
P-2332,58,Female,ICU,Emergency,Gastrointestinal Bleed,2,0,2,0,11,Home,2025-01-22,32,Medium,1
P-2333,85,Male,ICU,Emergency,Gastrointestinal Bleed,2,1,1,4,4,Home,2025-03-02,69,High,0
P-2334,64,Male,General Medicine,Elective,Gastrointestinal Bleed,0,0,2,3,1,Home,2025-12-19,27,Low,0
P-2335,56,Female,Emergency,Urgent,COPD,2,2,4,0,7,Home Health Care,2025-03-16,43,Medium,1
P-2336,52,Female,General Medicine,Emergency,Hypertension,0,0,7,2,11,Home Health Care,2025-09-05,39,Medium,0
P-2337,57,Male,Neurology,Urgent,COPD,2,2,5,3,4,Home,2025-11-21,64,High,0
P-2338,55,Female,Emergency,Urgent,Diabetes with Complications,4,2,4,3,7,Home Health Care,2025-01-04,78,High,1
P-2339,64,Male,General Medicine,Emergency,Hip Fracture,1,2,2,3,1,Skilled Nursing Facility,2025-07-23,47,Medium,1
P-2340,64,Male,Emergency,Elective,Diabetes with Complications,2,0,1,0,7,Home Health Care,2025-02-28,28,Low,0
P-2341,62,Male,Pediatrics,Emergency,Pneumonia,0,1,1,4,7,Home,2025-10-27,42,Medium,0
P-2342,68,Male,Orthopedics,Emergency,Gastrointestinal Bleed,2,1,19,3,5,Home Health Care,2025-07-11,91,High,1
P-2343,81,Female,Neurology,Elective,Diabetes with Complications,0,2,12,2,20,Skilled Nursing Facility,2025-08-02,86,High,1
P-2344,77,Male,Cardiology,Urgent,Heart Failure,0,0,2,2,4,Skilled Nursing Facility,2025-01-07,32,Medium,0
P-2345,38,Female,General Medicine,Emergency,Acute Kidney Injury,1,0,2,4,2,Home,2025-12-03,28,Low,1
P-2346,21,Female,Cardiology,Urgent,Stroke,0,0,10,1,10,Home,2025-06-04,23,Low,1
P-2347,76,Male,Cardiology,Emergency,COPD,0,2,1,2,4,Home,2025-02-28,40,Medium,0
P-2348,40,Male,Neurology,Urgent,COPD,2,2,1,1,12,Home,2025-12-07,38,Medium,0
P-2349,58,Female,ICU,Urgent,Pneumonia,3,1,1,3,5,Home,2025-01-19,56,Medium,0
P-2350,43,Male,Pediatrics,Urgent,Sepsis,2,0,10,4,6,Home,2025-09-07,67,High,0
P-2351,33,Male,Cardiology,Elective,Hip Fracture,1,0,1,2,5,Home Health Care,2025-03-06,17,Low,0
P-2352,70,Male,Orthopedics,Urgent,Diabetes with Complications,3,0,1,3,2,Home,2025-05-27,54,Medium,1
P-2353,74,Male,Cardiology,Emergency,Sepsis,3,1,8,2,4,Home,2025-09-06,76,High,1
P-2354,52,Female,Emergency,Emergency,Hip Fracture,2,0,5,3,3,Home,2025-07-02,47,Medium,1
P-2355,20,Female,Cardiology,Emergency,Heart Failure,0,1,4,4,7,Home,2025-02-12,27,Low,0
P-2356,53,Male,General Medicine,Elective,COPD,1,2,12,1,6,Skilled Nursing Facility,2025-06-04,62,High,0
P-2357,68,Female,Emergency,Emergency,Heart Failure,1,1,3,3,7,Home,2025-10-04,54,Medium,1
P-2358,38,Female,General Medicine,Emergency,COPD,0,1,3,1,2,Home Health Care,2025-07-05,15,Low,1
P-2359,64,Male,ICU,Urgent,Gastrointestinal Bleed,1,2,3,2,2,Home,2025-12-19,44,Medium,1
P-2360,61,Male,ICU,Elective,Sepsis,2,1,5,2,8,Home Health Care,2025-10-28,58,Medium,1
P-2361,71,Female,ICU,Urgent,Sepsis,2,1,2,0,4,Home,2025-01-18,37,Medium,0
P-2362,63,Female,Emergency,Emergency,Acute Kidney Injury,1,2,5,3,9,Home,2025-07-12,65,High,1
P-2363,46,Male,Orthopedics,Emergency,Pneumonia,2,0,6,1,6,Home Health Care,2025-05-01,37,Medium,0
P-2364,81,Male,Orthopedics,Emergency,Diabetes with Complications,1,1,2,0,1,Home,2025-05-25,31,Medium,0
P-2365,59,Male,Cardiology,Emergency,Gastrointestinal Bleed,1,1,5,0,3,Home,2025-06-12,29,Low,0
P-2366,61,Male,General Medicine,Emergency,Gastrointestinal Bleed,3,0,6,1,12,Home Health Care,2025-12-12,62,High,1
P-2367,47,Female,General Medicine,Emergency,Stroke,0,0,15,1,9,Home,2025-02-16,50,Medium,1
P-2368,54,Male,Cardiology,Emergency,Diabetes with Complications,2,0,13,3,2,Home Health Care,2025-05-07,70,High,0
P-2369,47,Male,Emergency,Elective,COPD,1,0,2,2,9,Home,2025-05-21,28,Low,0
P-2370,59,Male,Emergency,Emergency,Hip Fracture,3,1,4,2,6,Home,2025-01-31,60,Medium,1
P-2371,89,Female,Cardiology,Emergency,Hypertension,3,0,3,3,10,Home,2025-01-09,78,High,1
P-2372,40,Male,ICU,Elective,Sepsis,1,0,2,3,6,Home,2025-08-15,27,Low,0
P-2373,36,Male,Cardiology,Elective,Acute Kidney Injury,1,2,2,1,3,Home,2025-04-23,22,Low,0
P-2374,85,Other,General Medicine,Urgent,Hypertension,2,1,16,1,8,Home,2025-01-16,88,High,1
P-2375,58,Female,ICU,Emergency,Diabetes with Complications,2,0,1,4,1,Home Health Care,2025-09-24,44,Medium,0
P-2376,51,Male,Cardiology,Transfer,Heart Failure,1,0,9,4,8,Skilled Nursing Facility,2025-02-25,63,High,1
P-2377,78,Male,Emergency,Urgent,Heart Failure,1,0,3,5,4,Home Health Care,2025-03-11,64,High,1
P-2378,52,Male,ICU,Elective,Heart Failure,0,2,4,3,5,Home,2025-10-27,42,Medium,0
P-2379,91,Female,Cardiology,Emergency,Sepsis,2,0,7,3,2,Home,2025-08-25,74,High,1
P-2380,72,Male,Neurology,Emergency,COPD,1,0,3,4,6,Home,2025-02-04,56,Medium,1
P-2381,54,Male,ICU,Elective,Gastrointestinal Bleed,1,1,20,1,5,Home,2025-10-24,76,High,1
P-2382,95,Male,General Medicine,Elective,Gastrointestinal Bleed,2,1,10,5,7,Home Health Care,2025-06-10,93,High,1
P-2383,52,Male,Emergency,Urgent,Pneumonia,1,0,2,1,4,Skilled Nursing Facility,2025-10-07,21,Low,1
P-2384,73,Female,General Medicine,Elective,Sepsis,1,0,5,8,3,Home,2025-10-23,81,High,1
P-2385,66,Male,General Medicine,Transfer,Sepsis,3,2,3,2,12,Home,2025-06-01,73,High,0
P-2386,82,Male,Cardiology,Urgent,Hypertension,3,0,3,1,10,Rehab,2025-02-12,63,High,0
P-2387,86,Female,Orthopedics,Transfer,Hypertension,1,1,2,4,6,Home,2025-06-18,67,High,1
P-2388,62,Female,Emergency,Emergency,Heart Failure,3,0,1,4,9,Skilled Nursing Facility,2025-03-20,64,High,0
P-2389,49,Male,Orthopedics,Emergency,Gastrointestinal Bleed,0,1,3,3,1,Skilled Nursing Facility,2025-08-31,27,Low,0
P-2390,69,Female,Emergency,Elective,COPD,0,2,5,1,12,Home,2025-08-16,50,Medium,0
P-2391,51,Male,Pediatrics,Elective,Sepsis,1,1,8,2,8,Home,2025-10-05,52,Medium,0
P-2392,94,Female,General Medicine,Emergency,Hypertension,1,0,2,2,9,Rehab,2025-08-17,56,Medium,1
P-2393,64,Female,Pediatrics,Elective,Hip Fracture,1,1,7,0,5,Home Health Care,2025-02-07,40,Medium,0
P-2394,56,Female,Emergency,Elective,Heart Failure,1,0,4,2,8,Home,2025-12-21,38,Medium,1
P-2395,64,Female,Emergency,Emergency,Hip Fracture,3,0,2,1,4,Home,2025-05-28,42,Medium,0
P-2396,40,Male,General Medicine,Emergency,Sepsis,3,4,7,2,10,Home Health Care,2025-11-02,78,High,1
P-2397,46,Female,Orthopedics,Urgent,Heart Failure,3,0,5,1,8,Home,2025-02-26,45,Medium,1
P-2398,81,Male,Pediatrics,Emergency,Gastrointestinal Bleed,2,0,14,2,3,Home,2025-09-22,80,High,1
P-2399,51,Male,Emergency,Elective,Gastrointestinal Bleed,1,1,2,2,1,Home,2025-09-15,27,Low,0
P-2400,45,Female,General Medicine,Emergency,Hypertension,0,0,17,3,4,Home,2025-02-10,62,High,0
P-2401,70,Female,Cardiology,Elective,Hip Fracture,1,1,4,2,6,Home,2025-08-29,50,Medium,1
P-2402,80,Female,Emergency,Urgent,Stroke,1,1,3,6,9,Home,2025-08-19,80,High,1
P-2403,73,Male,Cardiology,Emergency,Heart Failure,1,0,10,0,6,Home,2025-10-14,49,Medium,1
P-2404,77,Male,Emergency,Emergency,Heart Failure,0,0,1,3,1,Home,2025-06-28,32,Medium,0
P-2405,49,Male,Neurology,Elective,Hip Fracture,2,1,3,7,8,Rehab,2025-06-11,77,High,1
P-2406,39,Female,Cardiology,Urgent,Hypertension,1,0,1,3,12,Home,2025-07-08,31,Medium,0
P-2407,86,Male,General Medicine,Emergency,Hip Fracture,4,1,5,4,10,Home,2025-04-08,91,High,1
P-2408,56,Male,General Medicine,Emergency,Heart Failure,2,3,1,3,4,Home,2025-01-03,58,Medium,1
P-2409,57,Male,Cardiology,Emergency,Hip Fracture,1,0,18,4,3,Home,2025-03-29,82,High,1
P-2410,83,Female,Emergency,Emergency,Hip Fracture,1,2,1,2,8,Skilled Nursing Facility,2025-08-04,58,Medium,1
P-2411,70,Male,General Medicine,Emergency,Hypertension,0,1,13,1,9,Home,2025-03-21,64,High,1
P-2412,69,Female,Cardiology,Urgent,Hypertension,0,2,5,2,6,Home,2025-04-27,50,Medium,0
P-2413,95,Male,Orthopedics,Emergency,Pneumonia,2,0,8,4,1,Rehab,2025-02-12,82,High,1
P-2414,51,Male,Pediatrics,Elective,Heart Failure,0,2,2,1,6,Home Health Care,2025-12-15,25,Low,1
P-2415,76,Male,Cardiology,Urgent,Pneumonia,2,0,2,2,6,Home,2025-02-19,50,Medium,1
P-2416,62,Female,Cardiology,Emergency,Hip Fracture,2,0,1,4,3,Rehab,2025-10-23,49,Medium,1
P-2417,66,Male,Emergency,Elective,Hip Fracture,0,2,4,2,11,Skilled Nursing Facility,2025-07-29,51,Medium,1
P-2418,86,Male,General Medicine,Elective,Stroke,4,1,2,1,5,Rehab,2025-05-04,70,High,1
P-2419,70,Female,Cardiology,Emergency,Diabetes with Complications,2,0,10,1,5,Home,2025-11-18,62,High,1
P-2420,70,Male,ICU,Emergency,Acute Kidney Injury,1,1,1,0,11,Rehab,2025-09-12,34,Medium,1
P-2421,79,Female,Emergency,Emergency,Hypertension,1,1,1,2,4,Home,2025-10-19,44,Medium,1
P-2422,56,Male,Pediatrics,Emergency,Hip Fracture,1,1,2,1,3,Home Health Care,2025-01-09,26,Low,0
P-2423,48,Male,Emergency,Emergency,Pneumonia,1,0,1,4,4,Home,2025-03-04,33,Medium,1
P-2424,45,Male,Emergency,Transfer,Sepsis,0,0,8,0,8,Home,2025-01-29,23,Low,0
P-2425,30,Male,Pediatrics,Emergency,Diabetes with Complications,0,0,1,0,5,Home,2025-02-06,7,Low,0
P-2426,94,Female,General Medicine,Urgent,Hip Fracture,0,0,5,4,1,Home,2025-08-25,60,Medium,1
P-2427,44,Female,General Medicine,Emergency,Gastrointestinal Bleed,0,1,3,1,9,Home,2025-01-02,22,Low,0
P-2428,58,Female,General Medicine,Urgent,Heart Failure,0,0,7,1,12,Home,2025-03-19,37,Medium,0
P-2429,57,Female,Pediatrics,Elective,COPD,1,0,3,4,4,Rehab,2025-11-01,44,Medium,1
P-2430,66,Male,General Medicine,Urgent,Sepsis,1,4,5,0,9,Home Health Care,2025-05-12,59,Medium,1
P-2431,75,Male,Orthopedics,Emergency,Diabetes with Complications,2,1,5,2,12,Home,2025-06-15,71,High,1
P-2432,75,Female,General Medicine,Emergency,Sepsis,0,1,3,2,1,Home Health Care,2025-04-20,35,Medium,1
P-2433,52,Female,General Medicine,Elective,Stroke,0,0,1,1,2,Home Health Care,2025-01-25,13,Low,0
P-2434,59,Male,Cardiology,Elective,Sepsis,2,2,3,2,8,Home,2025-03-16,57,Medium,1
P-2435,66,Female,Emergency,Urgent,Hypertension,1,0,10,0,4,Home Health Care,2025-09-07,43,Medium,0
P-2436,58,Male,General Medicine,Emergency,Hypertension,2,1,8,2,7,Home Health Care,2025-10-08,64,High,1
P-2437,87,Female,Cardiology,Urgent,Hip Fracture,3,2,3,3,5,Home,2025-06-18,81,High,1
P-2438,69,Female,General Medicine,Urgent,Acute Kidney Injury,2,0,10,0,8,Home,2025-09-15,58,Medium,0
P-2439,73,Female,Cardiology,Elective,Pneumonia,2,0,3,4,6,Home,2025-06-19,65,High,0
P-2440,72,Male,Orthopedics,Emergency,Diabetes with Complications,1,0,1,2,10,Home Health Care,2025-11-24,41,Medium,0
P-2441,80,Female,Cardiology,Urgent,Diabetes with Complications,0,1,9,1,13,Home,2025-09-17,64,High,1
P-2442,64,Female,Orthopedics,Emergency,Diabetes with Complications,1,1,4,2,6,Home Health Care,2025-07-31,46,Medium,0
P-2443,41,Male,General Medicine,Urgent,Hypertension,2,0,3,0,14,Home,2025-03-26,29,Low,0
P-2444,68,Male,Cardiology,Urgent,Acute Kidney Injury,2,0,2,4,12,Home Health Care,2025-07-29,66,High,1
P-2445,51,Female,Emergency,Emergency,Hypertension,2,2,7,0,8,Rehab,2025-02-03,50,Medium,0
P-2446,53,Male,Cardiology,Elective,COPD,0,1,4,2,8,Skilled Nursing Facility,2025-01-17,34,Medium,1
P-2447,71,Male,Emergency,Emergency,Diabetes with Complications,2,1,2,4,7,Home Health Care,2025-07-21,68,High,1
P-2448,81,Male,Emergency,Urgent,Acute Kidney Injury,0,3,2,3,1,Home,2025-02-16,55,Medium,1
P-2449,62,Female,ICU,Emergency,Stroke,0,1,3,2,7,Home Health Care,2025-02-20,35,Medium,1
P-2450,66,Female,Pediatrics,Emergency,Acute Kidney Injury,5,1,4,1,9,Home Health Care,2025-11-06,76,High,0
P-2451,89,Female,ICU,Urgent,Hip Fracture,2,1,8,0,5,Home Health Care,2025-08-04,66,High,1
P-2452,65,Male,General Medicine,Emergency,Sepsis,0,0,2,2,1,Skilled Nursing Facility,2025-01-06,23,Low,1
P-2453,95,Female,Emergency,Elective,Gastrointestinal Bleed,1,0,7,1,9,Home,2025-06-07,64,High,1
P-2454,71,Female,General Medicine,Emergency,Hypertension,0,1,12,2,12,Home Health Care,2025-05-08,72,High,1
P-2455,33,Female,Emergency,Elective,Acute Kidney Injury,2,0,3,1,9,Home,2025-02-09,25,Low,0
P-2456,74,Male,General Medicine,Elective,Hip Fracture,0,1,3,1,6,Home,2025-01-11,34,Medium,1
P-2457,68,Female,General Medicine,Emergency,Sepsis,0,2,3,2,6,Home,2025-08-22,43,Medium,1
P-2458,82,Male,General Medicine,Transfer,Stroke,1,2,8,0,5,Home,2025-04-07,60,Medium,0
P-2459,72,Male,Cardiology,Emergency,Hip Fracture,2,0,1,2,8,Home Health Care,2025-06-30,47,Medium,0
P-2460,59,Female,General Medicine,Emergency,COPD,3,2,3,2,10,Home Health Care,2025-08-19,68,High,0
P-2461,42,Female,Cardiology,Emergency,COPD,1,1,1,2,8,Home Health Care,2025-11-13,27,Low,1
P-2462,58,Male,ICU,Elective,Sepsis,0,0,4,2,6,Rehab,2025-01-07,29,Low,1
P-2463,48,Female,Emergency,Emergency,Diabetes with Complications,1,0,13,3,9,Home Health Care,2025-12-26,67,High,0
P-2464,52,Male,Emergency,Emergency,Gastrointestinal Bleed,0,1,1,1,6,Against Medical Advice,2025-09-19,19,Low,0
P-2465,71,Female,Emergency,Urgent,Hip Fracture,3,0,2,4,10,Home Health Care,2025-11-06,73,High,1
P-2466,88,Male,General Medicine,Emergency,Diabetes with Complications,1,0,6,2,2,Home,2025-01-02,56,Medium,0
P-2467,68,Male,Emergency,Emergency,Heart Failure,2,0,6,3,9,Home,2025-05-16,67,High,0
P-2468,42,Female,Emergency,Emergency,Hypertension,1,1,5,3,3,Home Health Care,2025-05-29,39,Medium,0
P-2469,69,Female,ICU,Emergency,COPD,1,1,2,2,9,Home Health Care,2025-12-04,47,Medium,1
P-2470,81,Female,General Medicine,Emergency,COPD,1,1,1,3,9,Home Health Care,2025-08-10,58,Medium,1
P-2471,52,Female,General Medicine,Emergency,Diabetes with Complications,3,0,2,5,8,Home Health Care,2025-07-19,67,High,0
P-2472,59,Female,Emergency,Emergency,Acute Kidney Injury,1,1,5,2,10,Skilled Nursing Facility,2025-02-02,51,Medium,0
P-2473,62,Female,General Medicine,Emergency,Pneumonia,1,0,2,4,10,Home,2025-07-02,51,Medium,0
P-2474,49,Male,Emergency,Emergency,Pneumonia,0,3,9,1,6,Home,2025-08-29,48,Medium,1
P-2475,72,Male,Emergency,Elective,Hypertension,2,2,5,1,9,Home Health Care,2025-10-01,65,High,0
P-2476,60,Male,Emergency,Elective,Pneumonia,1,0,1,2,1,Home,2025-11-22,25,Low,0
P-2477,68,Male,General Medicine,Emergency,COPD,0,1,1,2,6,Against Medical Advice,2025-06-04,32,Medium,1
P-2478,47,Female,General Medicine,Urgent,Acute Kidney Injury,0,2,2,2,3,Home Health Care,2025-06-04,25,Low,0
P-2479,55,Male,Cardiology,Urgent,COPD,2,1,4,4,3,Home,2025-11-24,59,Medium,0
P-2480,73,Male,Cardiology,Transfer,Gastrointestinal Bleed,1,0,13,4,4,Home,2025-05-10,79,High,1
P-2481,56,Male,Cardiology,Emergency,COPD,4,0,1,2,8,Home Health Care,2025-10-19,54,Medium,1
P-2482,89,Female,General Medicine,Elective,Stroke,0,3,8,3,7,Home,2025-08-30,81,High,1
P-2483,55,Male,Orthopedics,Emergency,Hypertension,1,0,4,0,5,Home,2025-03-29,22,Low,1
P-2484,65,Male,Emergency,Urgent,Acute Kidney Injury,1,0,3,0,1,Home,2025-04-14,21,Low,0
P-2485,76,Female,Cardiology,Emergency,Hypertension,2,1,5,0,8,Skilled Nursing Facility,2025-11-15,54,Medium,0
P-2486,39,Female,General Medicine,Emergency,Gastrointestinal Bleed,2,0,7,2,2,Home Health Care,2025-06-24,37,Medium,1
P-2487,33,Male,Orthopedics,Emergency,Gastrointestinal Bleed,0,0,2,8,5,Home,2025-08-06,46,Medium,1
P-2488,37,Female,Orthopedics,Elective,Hip Fracture,1,3,12,2,2,Skilled Nursing Facility,2025-04-26,60,Medium,0
P-2489,82,Male,General Medicine,Elective,Sepsis,3,1,4,2,7,Skilled Nursing Facility,2025-07-14,74,High,1
P-2490,53,Female,Orthopedics,Emergency,Sepsis,2,0,1,4,1,Home,2025-03-08,40,Medium,1
P-2491,95,Male,ICU,Emergency,Diabetes with Complications,4,0,4,6,9,Home,2025-12-04,94,High,1
P-2492,52,Other,Cardiology,Urgent,Stroke,2,0,7,1,5,Home Health Care,2025-08-20,42,Medium,1
P-2493,64,Female,ICU,Urgent,Gastrointestinal Bleed,1,1,4,5,8,Home,2025-05-21,69,High,1
P-2494,86,Female,General Medicine,Elective,Gastrointestinal Bleed,0,1,4,0,3,Home,2025-03-26,34,Medium,1
P-2495,94,Male,ICU,Elective,Diabetes with Complications,4,0,1,0,10,Home,2025-01-26,66,High,1
P-2496,94,Female,Emergency,Emergency,Gastrointestinal Bleed,5,0,3,5,5,Home,2025-07-20,92,High,1
P-2497,81,Male,Emergency,Emergency,Stroke,3,1,3,3,1,Home,2025-01-27,71,High,1
P-2498,78,Female,Emergency,Emergency,Acute Kidney Injury,3,0,1,1,1,Home Health Care,2025-08-19,44,Medium,1
P-2499,71,Female,Orthopedics,Emergency,Acute Kidney Injury,1,0,6,1,12,Home,2025-11-06,51,Medium,1
P-2500,74,Female,Cardiology,Elective,Sepsis,0,1,1,4,8,Home Health Care,2025-09-02,51,Medium,0
P-2501,53,Female,Emergency,Emergency,Hip Fracture,0,0,2,2,9,Home Health Care,2025-03-28,25,Low,1
P-2502,48,Female,General Medicine,Emergency,Diabetes with Complications,2,3,4,2,6,Home,2025-01-01,57,Medium,1
P-2503,61,Female,ICU,Emergency,Pneumonia,0,0,3,2,7,Home Health Care,2025-09-06,29,Low,1
P-2504,59,Male,General Medicine,Emergency,Hypertension,1,0,6,1,10,Home,2025-07-03,41,Medium,0
P-2505,54,Male,Orthopedics,Elective,Stroke,0,0,9,0,6,Home Health Care,2025-06-04,27,Low,1
P-2506,73,Female,Neurology,Emergency,Pneumonia,0,0,1,2,9,Home,2025-03-20,32,Medium,1
P-2507,77,Female,Orthopedics,Emergency,Heart Failure,1,0,2,1,3,Home,2025-04-16,32,Medium,1
P-2508,63,Female,Emergency,Elective,Sepsis,1,0,1,0,12,Home,2025-01-01,26,Low,0
P-2509,85,Female,General Medicine,Emergency,Stroke,3,0,4,2,12,Home,2025-04-12,75,High,1
P-2510,43,Female,ICU,Emergency,Gastrointestinal Bleed,3,2,1,1,3,Home,2025-03-27,37,Medium,0
P-2511,58,Female,Cardiology,Elective,Heart Failure,0,1,7,3,3,Skilled Nursing Facility,2025-09-28,46,Medium,0
P-2512,50,Male,ICU,Emergency,Gastrointestinal Bleed,1,0,1,0,13,Home Health Care,2025-08-11,21,Low,0
P-2513,32,Female,Emergency,Elective,Hypertension,2,1,14,2,8,Against Medical Advice,2025-10-30,67,High,1
P-2514,60,Male,Orthopedics,Elective,Stroke,2,1,9,2,6,Skilled Nursing Facility,2025-10-05,67,High,1
P-2515,60,Male,Emergency,Emergency,Hip Fracture,1,1,16,5,1,Skilled Nursing Facility,2025-09-30,85,High,1
P-2516,86,Male,General Medicine,Emergency,Pneumonia,2,1,1,2,5,Home,2025-01-03,58,Medium,0
P-2517,72,Other,Emergency,Urgent,Acute Kidney Injury,2,0,2,1,9,Home,2025-11-29,44,Medium,1
P-2518,45,Male,Emergency,Emergency,Pneumonia,2,1,15,4,2,Skilled Nursing Facility,2025-05-29,80,High,1
P-2519,91,Female,Pediatrics,Transfer,Stroke,0,0,19,2,8,Home,2025-10-16,86,High,1
P-2520,81,Female,Cardiology,Emergency,Diabetes with Complications,3,0,2,0,7,Home,2025-01-11,49,Medium,1
P-2521,71,Female,General Medicine,Elective,Sepsis,1,0,5,3,5,Skilled Nursing Facility,2025-10-14,53,Medium,1
P-2522,58,Female,Emergency,Elective,Hypertension,4,0,2,2,11,Home,2025-09-06,62,High,0
P-2523,46,Female,ICU,Urgent,Diabetes with Complications,0,2,11,5,3,Home,2025-12-13,69,High,1
P-2524,56,Male,Emergency,Emergency,Gastrointestinal Bleed,3,1,1,3,6,Home,2025-06-10,56,Medium,1
P-2525,79,Male,Orthopedics,Emergency,Sepsis,2,2,6,5,6,Against Medical Advice,2025-06-10,87,High,1
P-2526,92,Female,ICU,Emergency,Acute Kidney Injury,1,1,2,3,7,Against Medical Advice,2025-01-24,65,High,0
P-2527,86,Male,ICU,Urgent,Sepsis,2,0,3,4,11,Home Health Care,2025-05-06,76,High,1
P-2528,54,Female,Cardiology,Emergency,Sepsis,0,3,4,4,3,Skilled Nursing Facility,2025-12-09,54,Medium,1
P-2529,44,Female,General Medicine,Urgent,Sepsis,1,0,3,1,9,Home,2025-11-13,24,Low,0
P-2530,64,Male,General Medicine,Emergency,Hypertension,2,1,4,4,8,Home,2025-04-15,70,High,1
P-2531,33,Female,General Medicine,Emergency,Sepsis,2,0,6,0,9,Home,2025-02-04,27,Low,0
P-2532,67,Female,Emergency,Emergency,Gastrointestinal Bleed,5,2,2,0,7,Home,2025-05-04,69,High,0
P-2533,59,Male,Orthopedics,Elective,Stroke,0,1,7,1,3,Home,2025-08-23,33,Medium,1
P-2534,54,Female,General Medicine,Urgent,Heart Failure,1,0,3,2,9,Home,2025-03-31,35,Medium,1
P-2535,36,Female,Orthopedics,Emergency,Hypertension,0,0,1,4,5,Home,2025-11-30,21,Low,0
P-2536,70,Male,Orthopedics,Urgent,Gastrointestinal Bleed,2,1,9,1,10,Home,2025-10-03,70,High,0
P-2537,53,Female,General Medicine,Emergency,Sepsis,1,1,2,1,3,Home,2025-04-23,25,Low,0
P-2538,43,Male,Emergency,Elective,Hypertension,0,0,9,1,12,Skilled Nursing Facility,2025-01-23,34,Medium,0
P-2539,18,Female,Orthopedics,Elective,Hip Fracture,0,0,7,2,11,Home,2025-08-15,21,Low,0
P-2540,61,Male,Neurology,Emergency,Pneumonia,3,1,3,4,5,Home,2025-05-23,70,High,1
P-2541,90,Female,ICU,Emergency,Pneumonia,2,0,5,2,4,Home,2025-11-13,65,High,1
P-2542,88,Female,ICU,Emergency,Gastrointestinal Bleed,3,0,22,3,5,Skilled Nursing Facility,2025-09-13,96,High,1
P-2543,54,Female,Pediatrics,Emergency,Gastrointestinal Bleed,1,0,2,6,6,Home,2025-04-28,55,Medium,1
P-2544,52,Female,Cardiology,Urgent,Acute Kidney Injury,1,0,3,3,7,Home,2025-09-08,38,Medium,0
P-2545,69,Male,Orthopedics,Transfer,Acute Kidney Injury,0,0,1,2,8,Home,2025-05-18,29,Low,1
P-2546,46,Female,Emergency,Elective,Pneumonia,0,0,10,1,7,Home,2025-08-24,33,Medium,1
P-2547,66,Female,Cardiology,Elective,Stroke,1,0,4,4,3,Home,2025-01-03,51,Medium,1
P-2548,74,Female,ICU,Emergency,Stroke,8,1,1,1,6,Home,2025-04-21,87,High,0
P-2549,81,Male,Cardiology,Emergency,Pneumonia,0,2,5,2,6,Home,2025-01-24,57,Medium,1
P-2550,60,Female,Cardiology,Urgent,Hip Fracture,1,1,3,1,15,Skilled Nursing Facility,2025-12-13,45,Medium,1
P-2551,58,Female,Emergency,Elective,Sepsis,0,0,2,3,2,Home,2025-10-13,26,Low,0
P-2552,47,Female,General Medicine,Elective,Pneumonia,4,2,1,0,13,Home Health Care,2025-07-16,54,Medium,1
P-2553,48,Female,Pediatrics,Elective,Sepsis,1,0,2,5,4,Home,2025-04-21,42,Medium,1
P-2554,58,Male,Emergency,Emergency,Heart Failure,1,0,2,1,2,Home,2025-10-26,22,Low,0
P-2555,67,Female,Emergency,Emergency,Sepsis,0,0,6,2,5,Home,2025-02-18,38,Medium,0
P-2556,76,Male,Emergency,Elective,Stroke,1,1,2,4,11,Skilled Nursing Facility,2025-04-24,67,High,0
P-2557,49,Male,Emergency,Emergency,COPD,3,1,18,2,10,Home,2025-10-27,89,High,0
P-2558,85,Female,Emergency,Urgent,COPD,1,0,1,2,7,Home,2025-12-12,45,Medium,1
P-2559,57,Female,ICU,Emergency,Pneumonia,2,3,11,2,7,Home,2025-05-06,80,High,0
P-2560,61,Male,ICU,Emergency,Acute Kidney Injury,0,0,3,2,9,Home,2025-09-04,31,Medium,1
P-2561,50,Male,ICU,Emergency,Heart Failure,1,1,30,0,7,Home,2025-09-16,89,High,1
P-2562,23,Male,Cardiology,Elective,Sepsis,2,1,8,2,7,Home,2025-11-22,42,Medium,0
P-2563,76,Male,General Medicine,Elective,Diabetes with Complications,1,1,5,1,1,Skilled Nursing Facility,2025-09-22,43,Medium,1
P-2564,73,Male,Cardiology,Emergency,COPD,2,0,8,2,1,Home Health Care,2025-03-13,60,Medium,1
P-2565,57,Male,Orthopedics,Emergency,Sepsis,1,1,11,1,5,Home,2025-12-10,54,Medium,0
P-2566,63,Male,Neurology,Emergency,Sepsis,1,2,28,1,1,Home Health Care,2025-10-02,92,High,1
P-2567,70,Female,Pediatrics,Emergency,Hypertension,1,2,1,2,3,Home,2025-06-01,43,Medium,0
P-2568,36,Female,Neurology,Emergency,Stroke,2,0,4,4,8,Home Health Care,2025-04-17,48,Medium,0
P-2569,53,Male,Cardiology,Emergency,Heart Failure,2,3,3,4,8,Home Health Care,2025-06-11,72,High,1
P-2570,74,Female,Emergency,Emergency,Sepsis,3,0,3,1,6,Home,2025-08-01,53,Medium,1
P-2571,41,Female,Cardiology,Emergency,Gastrointestinal Bleed,1,1,5,3,5,Skilled Nursing Facility,2025-07-24,40,Medium,0
P-2572,66,Male,Orthopedics,Emergency,Hip Fracture,3,0,4,4,8,Home,2025-06-03,73,High,0
P-2573,40,Male,Orthopedics,Emergency,Hip Fracture,2,1,8,3,4,Home,2025-09-08,56,Medium,1
P-2574,69,Male,Orthopedics,Emergency,Sepsis,1,0,2,2,2,Home Health Care,2025-04-28,33,Medium,0
P-2575,61,Male,Emergency,Emergency,COPD,1,1,4,0,6,Home,2025-12-28,31,Medium,0
P-2576,36,Male,General Medicine,Transfer,Heart Failure,1,0,16,4,5,Home,2025-04-23,70,High,0
P-2577,80,Female,ICU,Emergency,Acute Kidney Injury,2,0,1,1,3,Home,2025-03-14,39,Medium,0
P-2578,50,Female,ICU,Elective,Acute Kidney Injury,0,1,2,1,11,Skilled Nursing Facility,2025-11-30,24,Low,0
P-2579,49,Female,General Medicine,Emergency,Stroke,0,0,1,0,7,Home,2025-12-11,12,Low,0
P-2580,65,Male,Emergency,Urgent,Heart Failure,1,0,1,3,2,Home,2025-10-09,34,Medium,0
P-2581,80,Female,Pediatrics,Urgent,Sepsis,0,1,1,3,7,Home,2025-05-14,47,Medium,1
P-2582,45,Female,ICU,Emergency,Stroke,1,1,3,4,5,Home,2025-03-11,44,Medium,1
P-2583,62,Female,Orthopedics,Urgent,Heart Failure,0,1,9,2,10,Home Health Care,2025-11-22,56,Medium,1
P-2584,68,Male,Emergency,Emergency,Pneumonia,1,0,2,4,11,Home,2025-04-23,56,Medium,0
P-2585,73,Female,Orthopedics,Emergency,Hypertension,0,0,2,1,1,Home Health Care,2025-08-12,21,Low,0
P-2586,64,Female,Orthopedics,Emergency,Gastrointestinal Bleed,1,1,9,4,6,Home Health Care,2025-02-19,73,High,0
P-2587,56,Female,Neurology,Emergency,Hip Fracture,0,0,1,1,3,Home,2025-10-25,15,Low,0
P-2588,48,Female,Cardiology,Emergency,Hypertension,2,1,2,3,1,Home,2025-04-25,40,Medium,1
P-2589,63,Male,Neurology,Emergency,Sepsis,4,0,6,1,12,Home Health Care,2025-01-26,71,High,1
P-2590,44,Female,Cardiology,Emergency,Hip Fracture,1,0,7,2,6,Home,2025-10-26,37,Medium,1
P-2591,18,Male,ICU,Elective,Diabetes with Complications,2,2,2,3,8,Skilled Nursing Facility,2025-11-21,36,Medium,0
P-2592,68,Female,Emergency,Emergency,Stroke,1,0,1,1,4,Rehab,2025-07-04,26,Low,0
P-2593,76,Male,Orthopedics,Emergency,Diabetes with Complications,0,1,3,1,6,Home Health Care,2025-04-05,35,Medium,0
P-2594,24,Male,Emergency,Emergency,Pneumonia,2,1,6,3,6,Against Medical Advice,2025-06-19,43,Medium,0
P-2595,45,Female,Orthopedics,Emergency,Diabetes with Complications,2,0,6,0,4,Home,2025-07-26,28,Low,1
P-2596,71,Female,General Medicine,Emergency,Acute Kidney Injury,1,0,3,3,6,Home,2025-02-15,48,Medium,1
P-2597,94,Male,Cardiology,Emergency,Hypertension,1,1,2,0,16,Home,2025-03-04,57,Medium,0
P-2598,62,Female,Neurology,Emergency,Acute Kidney Injury,1,1,6,1,3,Home,2025-12-13,40,Medium,1
P-2599,50,Female,ICU,Emergency,Sepsis,4,1,14,3,5,Home,2025-11-16,88,High,0
P-2600,59,Male,Orthopedics,Urgent,Sepsis,2,2,8,2,11,Home,2025-02-21,74,High,1
P-2601,83,Male,Emergency,Emergency,Stroke,1,0,2,4,6,Home,2025-09-22,60,Medium,0
P-2602,51,Female,Emergency,Emergency,Hip Fracture,2,0,15,1,1,Home,2025-02-22,60,Medium,1
P-2603,49,Male,Emergency,Emergency,COPD,1,1,5,3,5,Home,2025-05-10,45,Medium,1
P-2604,54,Male,Cardiology,Transfer,Gastrointestinal Bleed,1,0,1,5,1,Home,2025-02-17,39,Medium,0
P-2605,46,Male,Emergency,Elective,Pneumonia,1,3,2,3,4,Home,2025-10-21,46,Medium,0
P-2606,63,Male,Cardiology,Emergency,Acute Kidney Injury,1,0,6,2,8,Home Health Care,2025-06-09,48,Medium,0
P-2607,87,Female,Cardiology,Emergency,Pneumonia,0,2,10,3,4,Home,2025-06-30,77,High,1
P-2608,67,Male,Cardiology,Emergency,Diabetes with Complications,0,0,4,1,8,Skilled Nursing Facility,2025-08-08,30,Low,0
P-2609,57,Male,Emergency,Emergency,Acute Kidney Injury,4,2,1,2,4,Skilled Nursing Facility,2025-03-03,62,High,1
P-2610,57,Male,General Medicine,Elective,Gastrointestinal Bleed,2,0,1,2,10,Home Health Care,2025-10-03,40,Medium,0
P-2611,36,Male,General Medicine,Elective,Sepsis,1,1,2,0,8,Home,2025-06-03,17,Low,0
P-2612,76,Male,Orthopedics,Emergency,COPD,1,0,1,3,5,Home Health Care,2025-11-29,44,Medium,0
P-2613,60,Female,General Medicine,Emergency,Stroke,3,1,3,1,2,Home,2025-12-31,46,Medium,0
P-2614,59,Female,General Medicine,Elective,Hypertension,0,3,7,4,3,Home Health Care,2025-02-07,65,High,0
P-2615,95,Male,General Medicine,Elective,Acute Kidney Injury,2,0,3,1,7,Home,2025-07-10,59,Medium,1
P-2616,66,Male,Emergency,Urgent,Stroke,2,1,8,3,7,Home Health Care,2025-01-19,74,High,1
P-2617,49,Male,General Medicine,Emergency,Diabetes with Complications,1,0,5,1,8,Home Health Care,2025-11-02,30,Low,1
P-2618,55,Male,ICU,Elective,Diabetes with Complications,0,0,1,1,7,Home,2025-12-18,17,Low,0
P-2619,80,Female,Orthopedics,Emergency,Gastrointestinal Bleed,1,1,2,0,9,Home Health Care,2025-06-08,40,Medium,0
P-2620,63,Male,General Medicine,Emergency,COPD,2,1,2,3,3,Home,2025-02-22,51,Medium,1
P-2621,38,Male,Cardiology,Elective,Heart Failure,0,1,4,2,6,Home,2025-07-09,24,Low,0
P-2622,76,Female,General Medicine,Urgent,Gastrointestinal Bleed,5,1,6,3,7,Home,2025-12-25,89,High,1
P-2623,51,Male,ICU,Emergency,Heart Failure,0,0,1,3,4,Home,2025-11-07,22,Low,0
P-2624,91,Female,Cardiology,Elective,Diabetes with Complications,1,1,1,3,1,Home,2025-12-02,55,Medium,1
P-2625,79,Female,ICU,Elective,Gastrointestinal Bleed,2,0,1,3,6,Home,2025-05-15,56,Medium,1
P-2626,54,Male,General Medicine,Emergency,Pneumonia,4,1,1,1,4,Home,2025-01-13,48,Medium,0
P-2627,82,Female,General Medicine,Urgent,Heart Failure,1,0,7,4,1,Home Health Care,2025-05-09,67,High,1
P-2628,63,Female,Orthopedics,Emergency,Pneumonia,2,0,1,2,3,Home,2025-03-28,36,Medium,1
P-2629,75,Male,ICU,Elective,Gastrointestinal Bleed,1,2,5,2,4,Home,2025-12-29,60,Medium,0
P-2630,69,Female,Emergency,Emergency,Diabetes with Complications,3,1,5,2,4,Home,2025-10-15,66,High,0
P-2631,48,Female,General Medicine,Emergency,Acute Kidney Injury,0,1,23,2,7,Home,2025-11-15,81,High,0
P-2632,51,Female,Cardiology,Urgent,Heart Failure,2,0,6,1,6,Skilled Nursing Facility,2025-11-29,40,Medium,0
P-2633,78,Female,General Medicine,Emergency,Hypertension,2,0,6,2,4,Home,2025-07-17,61,High,0
P-2634,56,Female,ICU,Emergency,Heart Failure,1,0,1,1,9,Home,2025-08-13,25,Low,0
P-2635,55,Male,Cardiology,Urgent,Stroke,2,0,10,3,10,Skilled Nursing Facility,2025-02-24,71,High,1
P-2636,46,Female,Emergency,Urgent,Hypertension,0,0,2,3,9,Home,2025-05-12,27,Low,0
P-2637,68,Male,General Medicine,Emergency,Hypertension,0,2,2,1,5,Home,2025-10-30,33,Medium,0
P-2638,95,Male,Cardiology,Emergency,Pneumonia,2,0,3,1,6,Skilled Nursing Facility,2025-12-11,58,Medium,1
P-2639,44,Female,Cardiology,Elective,Heart Failure,1,2,6,3,9,Home,2025-07-24,56,Medium,1
P-2640,62,Female,Cardiology,Emergency,Heart Failure,0,0,2,1,8,Home Health Care,2025-12-13,23,Low,0
P-2641,84,Male,Cardiology,Emergency,Acute Kidney Injury,1,2,7,1,4,Home,2025-05-12,64,High,0
P-2642,60,Female,Cardiology,Emergency,Pneumonia,3,1,2,0,5,Home,2025-06-22,40,Medium,0
P-2643,69,Male,Emergency,Elective,COPD,5,0,1,4,7,Home,2025-11-16,80,High,0
P-2644,45,Male,General Medicine,Emergency,Sepsis,0,1,6,2,8,Home,2025-06-08,34,Medium,1
P-2645,68,Male,Emergency,Elective,Diabetes with Complications,4,1,12,4,7,Home Health Care,2025-06-19,93,High,1
P-2646,59,Male,General Medicine,Elective,Stroke,1,0,11,3,3,Home,2025-12-28,61,High,1
P-2647,77,Male,General Medicine,Emergency,Acute Kidney Injury,2,1,1,2,5,Home Health Care,2025-09-22,53,Medium,0
P-2648,80,Female,Cardiology,Emergency,Hip Fracture,1,1,3,2,12,Home,2025-04-14,60,Medium,1
P-2649,95,Male,ICU,Emergency,COPD,0,0,2,2,7,Home,2025-11-09,46,Medium,0
P-2650,71,Male,Orthopedics,Emergency,Hip Fracture,0,3,3,2,7,Home Health Care,2025-09-01,52,Medium,1
P-2651,67,Female,ICU,Emergency,COPD,0,1,1,0,7,Home,2025-01-19,21,Low,0
P-2652,65,Female,Cardiology,Elective,Acute Kidney Injury,3,1,3,5,4,Home,2025-08-12,77,High,0
P-2653,56,Male,ICU,Emergency,Pneumonia,2,0,15,2,10,Home,2025-09-21,78,High,0
P-2654,67,Male,General Medicine,Elective,COPD,0,1,4,2,6,Home,2025-08-25,39,Medium,0
P-2655,57,Male,General Medicine,Elective,Gastrointestinal Bleed,3,3,2,2,4,Home,2025-06-20,63,High,1
P-2656,64,Female,Pediatrics,Emergency,Acute Kidney Injury,0,2,8,2,6,Home Health Care,2025-11-11,55,Medium,1
P-2657,83,Female,Orthopedics,Emergency,COPD,2,2,3,1,14,Home Health Care,2025-07-06,71,High,1
P-2658,45,Female,Emergency,Urgent,COPD,2,1,1,1,1,Home Health Care,2025-04-10,24,Low,0
P-2659,80,Male,Emergency,Elective,Stroke,1,1,2,4,10,Skilled Nursing Facility,2025-09-30,68,High,1
P-2660,83,Female,Cardiology,Transfer,Diabetes with Complications,3,1,8,3,3,Against Medical Advice,2025-07-10,84,High,0
P-2661,60,Male,Cardiology,Emergency,COPD,2,1,2,1,14,Home,2025-09-24,49,Medium,1
P-2662,28,Male,Cardiology,Urgent,Pneumonia,0,1,2,0,3,Home,2025-05-10,9,Low,0
P-2663,52,Male,Cardiology,Emergency,Stroke,1,0,2,0,6,Home Health Care,2025-07-14,18,Low,0
P-2664,82,Female,Cardiology,Emergency,COPD,1,1,11,1,8,Home,2025-06-20,72,High,0
P-2665,61,Female,Cardiology,Emergency,Hip Fracture,1,1,2,2,6,Home,2025-12-26,38,Medium,1
P-2666,46,Female,Emergency,Emergency,Acute Kidney Injury,2,0,2,2,8,Home,2025-07-05,34,Medium,1
P-2667,53,Female,Pediatrics,Elective,Gastrointestinal Bleed,1,0,12,1,6,Against Medical Advice,2025-12-26,50,Medium,0
P-2668,75,Male,General Medicine,Emergency,Gastrointestinal Bleed,1,0,30,2,4,Against Medical Advice,2025-10-08,95,High,1
P-2669,70,Male,Pediatrics,Urgent,Pneumonia,3,1,5,3,5,Home Health Care,2025-05-19,74,High,1
P-2670,58,Female,Emergency,Elective,Gastrointestinal Bleed,4,1,13,2,2,Home,2025-06-21,83,High,0
P-2671,56,Female,Emergency,Urgent,COPD,4,0,7,5,3,Home,2025-05-22,82,High,0
P-2672,55,Female,Emergency,Emergency,Gastrointestinal Bleed,4,0,1,2,8,Home,2025-01-21,54,Medium,1
P-2673,47,Male,Cardiology,Elective,Diabetes with Complications,0,0,6,4,6,Skilled Nursing Facility,2025-08-05,40,Medium,0
P-2674,87,Female,Cardiology,Emergency,Acute Kidney Injury,2,2,8,2,7,Home Health Care,2025-01-18,82,High,1
P-2675,56,Male,Neurology,Emergency,Sepsis,2,0,7,3,6,Home Health Care,2025-10-26,59,Medium,1
P-2676,81,Female,Pediatrics,Elective,Pneumonia,1,0,4,0,3,Home,2025-12-29,33,Medium,1
P-2677,86,Male,ICU,Emergency,Diabetes with Complications,1,0,4,5,3,Home,2025-01-15,70,High,0
P-2678,77,Female,Cardiology,Emergency,Heart Failure,2,2,8,1,10,Home,2025-11-07,76,High,0
P-2679,55,Male,Emergency,Elective,Stroke,2,0,6,0,9,Home,2025-09-16,39,Medium,1
P-2680,68,Female,Cardiology,Emergency,COPD,3,2,8,1,8,Home,2025-06-14,77,High,1
P-2681,61,Female,Emergency,Emergency,Hip Fracture,0,0,2,0,4,Home,2025-03-07,15,Low,0
P-2682,47,Male,Cardiology,Emergency,Hip Fracture,1,0,16,3,5,Rehab,2025-10-18,70,High,1
P-2683,67,Male,Emergency,Emergency,Hip Fracture,1,1,6,4,12,Home Health Care,2025-05-22,73,High,0
P-2684,43,Female,Cardiology,Elective,Diabetes with Complications,1,1,3,1,13,Home Health Care,2025-10-24,32,Medium,0
P-2685,81,Male,Emergency,Emergency,Acute Kidney Injury,1,1,5,2,10,Home,2025-11-10,64,High,0
P-2686,54,Male,ICU,Elective,Hip Fracture,0,0,5,0,10,Home,2025-01-18,22,Low,0
P-2687,65,Female,Emergency,Elective,Hypertension,1,0,8,3,13,Home,2025-09-07,67,High,0
P-2688,66,Female,Pediatrics,Elective,Diabetes with Complications,0,1,6,1,7,Home,2025-07-27,39,Medium,0
P-2689,57,Male,Emergency,Urgent,Diabetes with Complications,0,1,9,2,6,Skilled Nursing Facility,2025-05-11,48,Medium,0
P-2690,71,Female,Orthopedics,Emergency,Heart Failure,0,2,3,4,5,Home,2025-11-04,58,Medium,1
P-2691,54,Female,Orthopedics,Emergency,Sepsis,3,1,3,3,7,Home,2025-07-03,62,High,1
P-2692,75,Female,Pediatrics,Emergency,Acute Kidney Injury,0,2,1,1,4,Home,2025-04-12,33,Medium,1
P-2693,40,Female,General Medicine,Emergency,Heart Failure,1,1,4,0,5,Home Health Care,2025-09-29,20,Low,0
P-2694,64,Female,General Medicine,Emergency,Hip Fracture,1,1,3,1,3,Skilled Nursing Facility,2025-01-31,33,Medium,1
P-2695,93,Male,Orthopedics,Urgent,Hip Fracture,4,2,5,0,10,Home Health Care,2025-12-22,84,High,1
P-2696,45,Female,ICU,Urgent,Acute Kidney Injury,0,0,5,0,6,Home,2025-04-10,16,Low,0
P-2697,51,Male,Emergency,Emergency,Pneumonia,4,1,9,1,8,Home,2025-02-13,73,High,1
P-2698,70,Male,Pediatrics,Emergency,Hip Fracture,2,1,1,4,9,Home Health Care,2025-07-11,67,High,1
P-2699,64,Female,General Medicine,Emergency,Pneumonia,1,0,12,2,4,Home,2025-05-17,61,High,1
P-2700,67,Male,Pediatrics,Urgent,COPD,1,1,2,0,11,Home,2025-08-08,35,Medium,0
P-2701,69,Female,General Medicine,Urgent,Stroke,3,1,6,2,6,Home,2025-08-23,71,High,0
P-2702,72,Female,Orthopedics,Emergency,Stroke,4,0,4,7,2,Home,2025-12-29,88,High,1
P-2703,79,Male,General Medicine,Elective,COPD,2,1,6,3,3,Home,2025-12-30,72,High,0
P-2704,68,Male,General Medicine,Emergency,Gastrointestinal Bleed,2,1,4,4,3,Home Health Care,2025-12-31,67,High,1
P-2705,58,Female,Emergency,Emergency,Sepsis,1,0,5,3,16,Home,2025-04-17,58,Medium,1
P-2706,72,Female,Neurology,Emergency,Hip Fracture,2,0,7,2,6,Skilled Nursing Facility,2025-12-10,62,High,0
P-2707,92,Female,Orthopedics,Elective,Stroke,1,1,1,2,7,Skilled Nursing Facility,2025-10-01,56,Medium,1
P-2708,59,Female,Orthopedics,Emergency,COPD,2,1,2,3,3,Home,2025-04-11,49,Medium,0
P-2709,46,Male,General Medicine,Emergency,Diabetes with Complications,1,1,10,3,11,Home,2025-09-22,65,High,1
P-2710,79,Male,Emergency,Emergency,Diabetes with Complications,0,0,9,4,5,Home,2025-08-12,67,High,1
P-2711,60,Female,ICU,Emergency,Hip Fracture,0,1,6,3,2,Skilled Nursing Facility,2025-11-20,43,Medium,0
P-2712,27,Male,Neurology,Elective,Hip Fracture,0,0,2,4,2,Home,2025-09-11,17,Low,1
P-2713,75,Female,General Medicine,Emergency,Heart Failure,0,0,2,4,11,Skilled Nursing Facility,2025-06-18,52,Medium,0
P-2714,53,Male,Cardiology,Urgent,Heart Failure,0,1,1,4,1,Home Health Care,2025-06-26,30,Low,0
P-2715,60,Female,Cardiology,Emergency,COPD,0,0,13,2,9,Against Medical Advice,2025-06-28,59,Medium,0
P-2716,67,Female,Orthopedics,Emergency,Heart Failure,0,0,5,1,3,Skilled Nursing Facility,2025-07-16,27,Low,0
P-2717,65,Female,Orthopedics,Emergency,Hypertension,1,0,3,1,3,Home,2025-12-14,28,Low,1
P-2718,73,Female,Orthopedics,Emergency,Heart Failure,0,2,6,3,7,Home,2025-02-25,63,High,0
P-2719,55,Female,General Medicine,Emergency,Hypertension,2,2,3,2,3,Home,2025-09-10,49,Medium,0
P-2720,70,Female,Emergency,Emergency,Acute Kidney Injury,1,0,2,6,8,Home,2025-11-08,67,High,1
P-2721,57,Female,Emergency,Urgent,Heart Failure,3,2,4,2,3,Home Health Care,2025-08-09,61,High,0
P-2722,73,Female,ICU,Elective,Hypertension,2,0,7,4,10,Skilled Nursing Facility,2025-07-14,78,High,1
P-2723,71,Female,Orthopedics,Urgent,Sepsis,2,1,9,3,11,Rehab,2025-06-28,82,High,0
P-2724,47,Female,ICU,Emergency,COPD,2,0,1,4,5,Home,2025-12-25,42,Medium,0
P-2725,79,Male,General Medicine,Emergency,Hypertension,0,2,1,1,11,Home,2025-07-29,43,Medium,1
P-2726,53,Male,Emergency,Emergency,Acute Kidney Injury,3,0,2,4,3,Home,2025-06-14,55,Medium,1
P-2727,74,Male,Emergency,Elective,Gastrointestinal Bleed,2,0,1,3,4,Home,2025-01-06,50,Medium,0
P-2728,67,Male,Neurology,Transfer,Diabetes with Complications,1,0,4,2,8,Home,2025-12-02,44,Medium,0
P-2729,91,Male,ICU,Urgent,Pneumonia,3,0,8,4,8,Skilled Nursing Facility,2025-03-24,89,High,1
P-2730,58,Male,General Medicine,Emergency,Pneumonia,1,2,2,0,2,Skilled Nursing Facility,2025-11-30,26,Low,0
P-2731,56,Female,ICU,Emergency,Gastrointestinal Bleed,1,0,3,3,6,Skilled Nursing Facility,2025-07-05,39,Medium,0
P-2732,61,Female,ICU,Emergency,Pneumonia,1,0,4,1,6,Home,2025-01-12,32,Medium,1
P-2733,57,Male,Emergency,Emergency,Hypertension,1,1,12,1,8,Home,2025-04-07,61,High,1
P-2734,74,Male,ICU,Emergency,Acute Kidney Injury,2,0,12,0,13,Home Health Care,2025-02-17,72,High,1
P-2735,36,Female,General Medicine,Emergency,Sepsis,3,3,5,1,5,Home,2025-08-25,53,Medium,0
P-2736,45,Female,Emergency,Emergency,Sepsis,3,3,1,2,5,Skilled Nursing Facility,2025-07-18,54,Medium,1
P-2737,44,Female,ICU,Emergency,Sepsis,0,0,1,0,6,Home,2025-06-05,10,Low,0
P-2738,77,Other,ICU,Emergency,Heart Failure,1,0,2,2,2,Home Health Care,2025-08-03,37,Medium,0
P-2739,89,Female,General Medicine,Elective,Sepsis,1,1,5,1,11,Home Health Care,2025-03-10,64,High,1
P-2740,60,Male,Orthopedics,Emergency,Heart Failure,2,1,6,1,11,Home,2025-03-04,57,Medium,0
P-2741,59,Male,Emergency,Emergency,Sepsis,2,1,1,0,8,Home Health Care,2025-06-23,32,Medium,0
P-2742,63,Female,General Medicine,Elective,Hypertension,1,0,2,4,6,Home,2025-07-07,47,Medium,0
P-2743,80,Male,General Medicine,Elective,Sepsis,1,1,4,1,5,Home,2025-08-26,48,Medium,0
P-2744,47,Female,General Medicine,Emergency,Pneumonia,2,0,7,1,10,Home Health Care,2025-12-30,45,Medium,1
P-2745,65,Female,Cardiology,Urgent,Pneumonia,3,1,2,1,2,Home Health Care,2025-11-21,46,Medium,0
P-2746,77,Female,General Medicine,Emergency,Sepsis,1,1,4,2,8,Against Medical Advice,2025-06-18,57,Medium,1
P-2747,70,Male,General Medicine,Emergency,Diabetes with Complications,2,0,4,1,9,Home,2025-06-23,49,Medium,1
P-2748,65,Female,General Medicine,Emergency,Acute Kidney Injury,1,1,12,3,7,Home,2025-04-14,76,High,0
P-2749,78,Female,General Medicine,Emergency,Hypertension,1,0,9,2,7,Skilled Nursing Facility,2025-10-09,64,High,1
P-2750,18,Female,Pediatrics,Elective,Pneumonia,2,0,9,1,4,Home,2025-04-05,27,Low,0
P-2751,72,Male,Cardiology,Emergency,Acute Kidney Injury,0,0,1,1,10,Skilled Nursing Facility,2025-07-22,27,Low,0
P-2752,51,Female,Pediatrics,Emergency,Pneumonia,0,1,11,0,6,Home,2025-09-08,36,Medium,0
P-2753,32,Female,Emergency,Urgent,Diabetes with Complications,1,1,3,3,1,Home Health Care,2025-09-13,26,Low,0
P-2754,70,Female,General Medicine,Emergency,COPD,1,1,4,5,4,Skilled Nursing Facility,2025-01-07,67,High,0
P-2755,83,Female,ICU,Elective,Acute Kidney Injury,1,0,5,1,6,Skilled Nursing Facility,2025-09-09,48,Medium,1
P-2756,59,Female,Emergency,Emergency,Sepsis,2,1,3,0,5,Skilled Nursing Facility,2025-03-31,34,Medium,1
P-2757,77,Male,General Medicine,Emergency,Diabetes with Complications,3,0,2,2,9,Home,2025-09-16,63,High,0
P-2758,87,Male,General Medicine,Emergency,Pneumonia,1,1,2,3,4,Home,2025-11-18,59,Medium,0
P-2759,83,Female,ICU,Elective,Pneumonia,1,1,4,3,4,Home,2025-08-10,62,High,1
P-2760,88,Female,Emergency,Elective,Sepsis,2,0,9,6,2,Home,2025-08-02,89,High,1
P-2761,73,Male,ICU,Emergency,Heart Failure,3,4,7,2,1,Home,2025-12-25,84,High,1
P-2762,63,Female,Pediatrics,Emergency,Stroke,0,0,4,2,5,Rehab,2025-08-14,30,Low,0
P-2763,36,Male,Orthopedics,Urgent,Hip Fracture,3,0,2,5,8,Home,2025-01-27,57,Medium,0
P-2764,58,Male,ICU,Urgent,Stroke,3,0,1,3,4,Skilled Nursing Facility,2025-12-31,49,Medium,0
P-2765,48,Female,Orthopedics,Emergency,COPD,0,0,2,3,1,Rehab,2025-09-08,20,Low,0
P-2766,95,Male,Neurology,Emergency,Stroke,3,1,1,4,6,Home,2025-08-29,82,High,1
P-2767,59,Male,Emergency,Urgent,Heart Failure,2,2,4,1,1,Home,2025-05-13,45,Medium,0
P-2768,63,Male,General Medicine,Emergency,Hip Fracture,3,0,12,1,6,Home,2025-12-04,72,High,1
P-2769,70,Female,Emergency,Elective,Hypertension,1,0,2,5,7,Home Health Care,2025-11-15,60,Medium,1
P-2770,62,Male,General Medicine,Emergency,Hypertension,2,1,8,2,2,Home,2025-08-16,60,Medium,1
P-2771,89,Male,Emergency,Elective,Pneumonia,0,0,2,5,5,Home Health Care,2025-09-03,60,Medium,0
P-2772,52,Male,Emergency,Emergency,Gastrointestinal Bleed,2,1,15,1,11,Home,2025-04-22,76,High,1
P-2773,65,Male,Emergency,Elective,Heart Failure,1,0,1,3,10,Home,2025-10-05,43,Medium,1
P-2774,50,Male,Cardiology,Elective,Sepsis,2,0,3,1,10,Home,2025-10-24,35,Medium,0
P-2775,40,Male,Orthopedics,Urgent,Heart Failure,2,1,1,1,8,Home,2025-02-23,28,Low,0
P-2776,52,Male,Emergency,Elective,Hip Fracture,1,1,2,2,2,Skilled Nursing Facility,2025-05-30,29,Low,0
P-2777,61,Female,Emergency,Urgent,Pneumonia,2,0,1,4,6,Rehab,2025-08-20,52,Medium,1
P-2778,55,Male,Orthopedics,Urgent,COPD,0,0,1,5,6,Skilled Nursing Facility,2025-12-21,38,Medium,0
P-2779,50,Male,Emergency,Emergency,Sepsis,1,0,5,5,4,Home,2025-09-01,52,Medium,0
P-2780,39,Male,Emergency,Emergency,COPD,1,0,7,4,7,Home Health Care,2025-04-04,48,Medium,0
P-2781,60,Male,Pediatrics,Elective,Hip Fracture,2,1,1,3,13,Home,2025-09-27,59,Medium,1
P-2782,37,Female,Orthopedics,Urgent,Gastrointestinal Bleed,1,1,2,1,10,Home,2025-01-14,24,Low,0
P-2783,74,Male,Cardiology,Emergency,Acute Kidney Injury,2,0,2,6,5,Home,2025-03-06,73,High,1
P-2784,63,Male,Emergency,Elective,Heart Failure,1,3,13,2,9,Home,2025-08-18,82,High,1
P-2785,38,Male,Pediatrics,Emergency,Hip Fracture,0,2,5,3,4,Home,2025-07-08,35,Medium,1
P-2786,57,Female,Emergency,Emergency,Diabetes with Complications,1,2,1,2,7,Home,2025-06-09,40,Medium,0
P-2787,49,Male,Emergency,Elective,Sepsis,3,1,3,2,10,Rehab,2025-11-21,56,Medium,0
P-2788,67,Female,Cardiology,Elective,Sepsis,1,1,6,4,8,Home Health Care,2025-02-06,69,High,1
P-2789,83,Male,Cardiology,Elective,Stroke,0,0,18,3,9,Home,2025-12-03,86,High,1
P-2790,31,Male,General Medicine,Urgent,Gastrointestinal Bleed,6,3,7,4,1,Skilled Nursing Facility,2025-06-10,87,High,1
P-2791,63,Female,General Medicine,Emergency,Heart Failure,1,2,1,5,8,Rehab,2025-05-08,66,High,1
P-2792,59,Female,Pediatrics,Emergency,Hypertension,0,0,8,4,1,Skilled Nursing Facility,2025-09-20,48,Medium,1
P-2793,72,Female,General Medicine,Urgent,Hip Fracture,1,1,1,3,8,Home Health Care,2025-10-14,51,Medium,1
P-2794,65,Male,Cardiology,Emergency,Acute Kidney Injury,0,2,3,1,5,Home,2025-08-25,34,Medium,0
P-2795,49,Female,ICU,Emergency,Sepsis,0,0,2,2,2,Home,2025-01-14,17,Low,1
P-2796,56,Male,Pediatrics,Elective,Hip Fracture,2,0,14,1,3,Home,2025-07-28,62,High,1
P-2797,49,Female,Emergency,Urgent,Hip Fracture,2,0,1,1,9,Rehab,2025-10-28,28,Low,0
P-2798,79,Female,Emergency,Elective,Stroke,3,0,2,0,3,Home Health Care,2025-08-04,43,Medium,1
P-2799,62,Male,Neurology,Elective,Stroke,2,1,2,1,3,Home,2025-05-19,37,Medium,0
P-2800,92,Female,General Medicine,Emergency,Heart Failure,0,1,3,0,11,Home Health Care,2025-06-10,44,Medium,1
P-2801,61,Female,Cardiology,Emergency,Hip Fracture,1,2,12,4,3,Home,2025-06-13,80,High,1
P-2802,50,Male,Orthopedics,Urgent,Pneumonia,0,2,5,0,7,Skilled Nursing Facility,2025-03-14,27,Low,0
P-2803,37,Female,Pediatrics,Elective,Acute Kidney Injury,2,2,1,4,5,Home,2025-08-09,48,Medium,0
P-2804,33,Female,ICU,Emergency,COPD,3,1,8,5,15,Home Health Care,2025-08-31,82,High,1
P-2805,36,Male,Orthopedics,Emergency,Hypertension,1,0,5,5,7,Home,2025-10-30,48,Medium,0
P-2806,66,Female,Emergency,Elective,Pneumonia,2,0,1,1,10,Home,2025-10-26,39,Medium,0
P-2807,70,Male,Emergency,Emergency,Hypertension,0,2,12,3,9,Home Health Care,2025-10-15,78,High,0
P-2808,36,Female,Neurology,Elective,Acute Kidney Injury,1,0,1,3,6,Home,2025-03-26,23,Low,1
P-2809,76,Female,Pediatrics,Emergency,Pneumonia,1,1,5,5,2,Home Health Care,2025-11-10,71,High,0
P-2810,54,Female,Cardiology,Emergency,Gastrointestinal Bleed,2,1,5,5,9,Home,2025-06-27,74,High,1
P-2811,64,Male,Cardiology,Elective,Gastrointestinal Bleed,2,0,5,3,4,Against Medical Advice,2025-12-19,56,Medium,0
P-2812,87,Female,ICU,Emergency,Sepsis,1,0,9,1,4,Skilled Nursing Facility,2025-07-15,60,Medium,0
P-2813,76,Male,General Medicine,Emergency,Pneumonia,0,1,1,2,10,Home,2025-10-14,41,Medium,0
P-2814,57,Male,ICU,Urgent,Acute Kidney Injury,1,0,4,0,7,Home Health Care,2025-05-02,25,Low,0
P-2815,47,Male,Emergency,Elective,Hip Fracture,0,1,4,2,12,Home,2025-09-14,35,Medium,1
P-2816,27,Female,ICU,Emergency,Gastrointestinal Bleed,0,0,3,2,13,Home Health Care,2025-08-21,19,Low,0
P-2817,50,Female,Emergency,Emergency,Pneumonia,0,0,4,3,7,Home,2025-12-30,31,Medium,0
P-2818,58,Male,ICU,Emergency,Acute Kidney Injury,1,3,4,5,2,Home,2025-05-22,70,High,0
P-2819,46,Female,Orthopedics,Elective,Diabetes with Complications,1,0,7,5,7,Rehab,2025-11-14,60,Medium,1
P-2820,59,Male,Cardiology,Emergency,Diabetes with Complications,1,0,1,3,2,Home,2025-05-11,31,Medium,0
P-2821,63,Female,Emergency,Emergency,Diabetes with Complications,1,4,1,1,13,Home,2025-11-30,57,Medium,0
P-2822,58,Female,Orthopedics,Emergency,Sepsis,3,2,13,4,11,Home,2025-07-09,93,High,1
P-2823,51,Male,General Medicine,Emergency,Pneumonia,2,0,2,3,5,Home Health Care,2025-02-06,40,Medium,0
P-2824,64,Male,Cardiology,Emergency,Hypertension,0,1,8,1,9,Home,2025-06-02,46,Medium,0
P-2825,69,Male,ICU,Emergency,Acute Kidney Injury,3,0,2,3,9,Home,2025-05-09,65,High,1
P-2826,44,Male,General Medicine,Transfer,Hip Fracture,2,0,1,4,5,Home,2025-10-25,40,Medium,0
P-2827,84,Female,Emergency,Transfer,Acute Kidney Injury,2,1,2,3,8,Home,2025-07-26,70,High,0
P-2828,60,Male,General Medicine,Emergency,Diabetes with Complications,1,0,1,4,8,Rehab,2025-01-30,45,Medium,0
P-2829,62,Female,Emergency,Elective,Sepsis,1,2,8,4,6,Skilled Nursing Facility,2025-05-12,75,High,1
P-2830,73,Female,Emergency,Elective,Diabetes with Complications,1,1,1,0,5,Skilled Nursing Facility,2025-05-09,29,Low,0
P-2831,65,Female,Emergency,Emergency,Hip Fracture,1,1,23,1,1,Home,2025-06-17,83,High,1
P-2832,77,Male,General Medicine,Emergency,Diabetes with Complications,5,2,5,1,5,Home,2025-10-13,83,High,1
P-2833,66,Female,Neurology,Emergency,Stroke,4,1,2,2,1,Home Health Care,2025-03-10,61,High,1
P-2834,52,Female,ICU,Elective,COPD,1,2,4,1,7,Rehab,2025-04-22,39,Medium,0
P-2835,67,Female,Emergency,Elective,COPD,1,0,15,4,6,Home Health Care,2025-12-01,82,High,1
P-2836,43,Female,ICU,Urgent,Hip Fracture,2,1,5,2,11,Home,2025-06-20,51,Medium,0
P-2837,63,Male,Emergency,Elective,COPD,2,0,7,5,7,Skilled Nursing Facility,2025-10-26,76,High,1
P-2838,61,Male,Orthopedics,Urgent,Hip Fracture,2,1,4,2,7,Home,2025-05-13,54,Medium,1
P-2839,58,Female,Emergency,Urgent,Gastrointestinal Bleed,1,1,4,3,3,Skilled Nursing Facility,2025-05-13,46,Medium,1
P-2840,59,Female,Neurology,Urgent,Hip Fracture,2,0,19,2,3,Rehab,2025-07-08,81,High,1
P-2841,31,Female,General Medicine,Emergency,COPD,1,1,5,0,3,Rehab,2025-08-08,17,Low,0
P-2842,53,Male,Neurology,Emergency,Acute Kidney Injury,2,0,4,2,6,Home,2025-01-28,42,Medium,1
P-2843,63,Female,General Medicine,Elective,Sepsis,2,1,10,1,10,Home,2025-01-12,69,High,1
P-2844,64,Male,Cardiology,Elective,Gastrointestinal Bleed,1,3,3,2,2,Home,2025-12-19,50,Medium,0
P-2845,45,Male,Cardiology,Emergency,Acute Kidney Injury,0,1,3,4,5,Home,2025-04-09,36,Medium,1
P-2846,82,Male,Emergency,Urgent,Diabetes with Complications,1,1,6,1,8,Home,2025-07-01,59,Medium,1
P-2847,48,Male,Cardiology,Transfer,Stroke,2,1,1,1,13,Home Health Care,2025-03-28,38,Medium,1
P-2848,77,Male,Emergency,Elective,Sepsis,1,0,1,1,10,Home,2025-07-11,37,Medium,0
P-2849,68,Female,Emergency,Emergency,Pneumonia,0,1,5,3,7,Home,2025-03-26,51,Medium,1
P-2850,51,Female,Pediatrics,Urgent,Hip Fracture,0,1,1,2,6,Home,2025-02-08,23,Low,1
P-2851,90,Female,Emergency,Emergency,Pneumonia,2,1,3,2,6,Rehab,2025-08-05,67,High,1
P-2852,42,Female,General Medicine,Emergency,Hypertension,1,0,8,3,6,Skilled Nursing Facility,2025-11-11,45,Medium,0
P-2853,76,Male,Neurology,Urgent,COPD,1,3,2,2,4,Home Health Care,2025-03-22,57,Medium,0
P-2854,78,Female,Orthopedics,Elective,Gastrointestinal Bleed,1,0,7,4,9,Home,2025-02-17,73,High,1
P-2855,51,Female,Cardiology,Emergency,COPD,2,1,2,0,7,Home Health Care,2025-08-04,29,Low,0
P-2856,84,Female,Emergency,Urgent,Diabetes with Complications,1,0,1,0,6,Home,2025-01-07,30,Low,1
P-2857,57,Female,Emergency,Emergency,Gastrointestinal Bleed,1,2,1,3,4,Home Health Care,2025-03-07,43,Medium,0
P-2858,66,Male,Emergency,Elective,Hypertension,0,1,3,3,1,Home Health Care,2025-11-11,37,Medium,0
P-2859,66,Male,Emergency,Elective,Hip Fracture,2,2,2,2,5,Skilled Nursing Facility,2025-06-04,55,Medium,1
P-2860,59,Male,Orthopedics,Emergency,COPD,1,1,3,2,5,Home,2025-07-29,39,Medium,1
P-2861,74,Female,Emergency,Emergency,Sepsis,1,1,4,2,4,Home,2025-11-11,50,Medium,1
P-2862,74,Male,Emergency,Urgent,Sepsis,2,0,13,3,1,Skilled Nursing Facility,2025-05-14,79,High,1
P-2863,34,Female,Pediatrics,Emergency,Diabetes with Complications,0,0,3,1,6,Skilled Nursing Facility,2025-03-05,13,Low,0
P-2864,82,Male,ICU,Emergency,Gastrointestinal Bleed,1,0,9,2,3,Home,2025-08-14,62,High,0
P-2865,35,Female,Emergency,Emergency,Sepsis,0,0,9,2,2,Home,2025-11-12,25,Low,0
P-2866,78,Male,General Medicine,Emergency,Acute Kidney Injury,3,0,10,3,8,Home,2025-12-23,85,High,0
P-2867,80,Male,Cardiology,Urgent,Diabetes with Complications,2,1,4,0,2,Home,2025-01-01,46,Medium,0
P-2868,44,Male,General Medicine,Emergency,Hypertension,2,0,2,0,11,Skilled Nursing Facility,2025-08-29,25,Low,1
P-2869,55,Female,Cardiology,Elective,Heart Failure,0,1,7,2,5,Home Health Care,2025-10-03,40,Medium,0
P-2870,44,Male,Orthopedics,Emergency,Stroke,1,1,2,3,8,Home,2025-12-12,37,Medium,1
P-2871,58,Female,Emergency,Urgent,COPD,0,0,11,3,12,Home Health Care,2025-04-02,62,High,0
P-2872,57,Male,Emergency,Elective,Stroke,0,1,1,1,6,Home,2025-07-31,21,Low,0
P-2873,74,Female,General Medicine,Emergency,Acute Kidney Injury,3,0,6,3,7,Home,2025-01-16,75,High,1
P-2874,82,Male,Cardiology,Transfer,Heart Failure,2,0,3,6,6,Home,2025-05-17,80,High,1
P-2875,84,Female,Cardiology,Emergency,Acute Kidney Injury,1,1,5,1,10,Home,2025-02-02,59,Medium,0
P-2876,53,Male,Emergency,Elective,COPD,2,0,1,0,8,Skilled Nursing Facility,2025-07-10,24,Low,0
P-2877,58,Female,Emergency,Transfer,Heart Failure,1,1,16,2,2,Home,2025-03-01,72,High,0
P-2878,35,Male,Emergency,Elective,Hypertension,4,0,6,1,1,Home,2025-12-12,41,Medium,0
P-2879,49,Female,General Medicine,Elective,Diabetes with Complications,3,0,2,1,6,Home,2025-01-07,35,Medium,0
P-2880,77,Female,General Medicine,Emergency,Gastrointestinal Bleed,1,1,10,1,10,Rehab,2025-06-28,69,High,0
P-2881,87,Male,General Medicine,Emergency,Heart Failure,2,0,3,0,3,Skilled Nursing Facility,2025-02-27,42,Medium,0
P-2882,42,Male,Emergency,Emergency,Hypertension,2,2,1,2,6,Skilled Nursing Facility,2025-05-15,38,Medium,1
P-2883,52,Female,Cardiology,Transfer,COPD,1,0,3,1,1,Home,2025-02-09,20,Low,1
P-2884,61,Female,General Medicine,Transfer,Hip Fracture,1,0,2,4,1,Home,2025-01-28,40,Medium,0
P-2885,66,Male,Orthopedics,Emergency,Acute Kidney Injury,4,0,6,2,2,Home,2025-10-28,67,High,1
P-2886,49,Female,Cardiology,Emergency,Hypertension,2,0,1,0,10,Home,2025-07-01,24,Low,1
P-2887,68,Male,Emergency,Emergency,Stroke,5,3,10,3,1,Home,2025-06-13,93,High,1
P-2888,54,Male,Emergency,Emergency,Diabetes with Complications,2,0,3,3,3,Home,2025-03-29,43,Medium,1
P-2889,61,Male,Emergency,Emergency,COPD,0,1,1,1,1,Home,2025-11-25,19,Low,0
P-2890,70,Female,General Medicine,Elective,COPD,0,2,7,3,1,Home Health Care,2025-07-28,57,Medium,0
P-2891,62,Male,ICU,Urgent,Heart Failure,0,0,21,2,10,Home Health Care,2025-01-30,81,High,1
P-2892,55,Female,General Medicine,Elective,Hip Fracture,1,1,11,0,7,Home Health Care,2025-01-31,49,Medium,0
P-2893,60,Female,ICU,Elective,Pneumonia,0,0,1,3,7,Home,2025-07-07,29,Low,0
P-2894,60,Male,Emergency,Elective,COPD,0,1,2,6,6,Home,2025-12-27,57,Medium,0
P-2895,56,Female,Orthopedics,Elective,Diabetes with Complications,1,0,20,6,6,Home,2025-05-15,92,High,1
P-2896,57,Female,Emergency,Emergency,Hypertension,1,0,2,1,6,Rehab,2025-12-04,25,Low,0
P-2897,87,Male,Cardiology,Emergency,Acute Kidney Injury,1,1,2,3,6,Home,2025-02-16,61,High,1
P-2898,70,Male,Pediatrics,Emergency,Acute Kidney Injury,0,1,5,3,6,Home,2025-12-10,51,Medium,0
P-2899,57,Female,Orthopedics,Elective,Pneumonia,2,1,2,6,7,Home,2025-09-20,72,High,1
P-2900,73,Female,General Medicine,Transfer,Hip Fracture,2,2,3,3,5,Home,2025-08-09,68,High,1
P-2901,56,Male,Emergency,Elective,Heart Failure,2,2,7,6,8,Home,2025-09-22,86,High,1
P-2902,80,Male,Cardiology,Urgent,Diabetes with Complications,1,0,5,5,10,Home Health Care,2025-06-17,76,High,1
P-2903,67,Male,Neurology,Emergency,Heart Failure,1,1,8,1,6,Home,2025-05-29,53,Medium,0
P-2904,60,Male,Emergency,Elective,Sepsis,0,0,7,2,11,Home,2025-03-05,44,Medium,0
P-2905,69,Male,Orthopedics,Urgent,COPD,1,1,8,1,1,Home,2025-02-26,48,Medium,0
P-2906,36,Female,Emergency,Elective,Hypertension,2,0,1,0,9,Home,2025-09-18,18,Low,0
P-2907,43,Female,Emergency,Urgent,Heart Failure,3,1,2,0,8,Home,2025-07-20,34,Medium,0
P-2908,42,Male,Pediatrics,Elective,Stroke,2,1,1,2,4,Home,2025-03-16,31,Medium,0
P-2909,64,Female,Emergency,Emergency,Gastrointestinal Bleed,3,0,1,0,5,Skilled Nursing Facility,2025-11-06,34,Medium,0
P-2910,89,Male,Cardiology,Emergency,Acute Kidney Injury,1,0,9,3,8,Home,2025-10-19,77,High,0
P-2911,95,Male,Cardiology,Elective,Stroke,2,0,1,1,4,Home,2025-05-02,49,Medium,0
P-2912,72,Female,Emergency,Urgent,COPD,4,1,5,1,12,Home,2025-12-21,77,High,1
P-2913,70,Male,ICU,Emergency,COPD,2,1,10,0,2,Home Health Care,2025-05-12,57,Medium,1
P-2914,33,Male,Emergency,Elective,COPD,1,1,1,0,2,Home Health Care,2025-11-09,11,Low,0
P-2915,53,Female,Emergency,Elective,Acute Kidney Injury,2,1,13,3,11,Home Health Care,2025-10-20,82,High,1
P-2916,49,Male,General Medicine,Emergency,Hip Fracture,1,0,15,2,9,Home Health Care,2025-01-05,66,High,1
P-2917,52,Female,Emergency,Emergency,COPD,2,1,4,1,17,Home,2025-12-28,54,Medium,1
P-2918,59,Male,Pediatrics,Emergency,Stroke,2,0,5,3,1,Skilled Nursing Facility,2025-07-15,49,Medium,1
P-2919,54,Male,Cardiology,Emergency,Gastrointestinal Bleed,2,0,1,3,5,Home,2025-10-20,39,Medium,1
P-2920,30,Female,General Medicine,Emergency,Sepsis,2,1,19,1,3,Home,2025-10-30,67,High,0
P-2921,73,Female,ICU,Emergency,COPD,0,2,7,1,6,Home Health Care,2025-06-26,51,Medium,0
P-2922,44,Male,General Medicine,Emergency,Acute Kidney Injury,0,1,4,5,6,Home Health Care,2025-11-22,46,Medium,0
P-2923,65,Female,Pediatrics,Elective,Hip Fracture,1,1,4,4,13,Home,2025-11-20,68,High,0
P-2924,95,Female,Orthopedics,Elective,COPD,0,0,5,1,4,Rehab,2025-02-06,44,Medium,1
P-2925,47,Female,General Medicine,Elective,COPD,3,0,1,1,8,Home,2025-11-19,34,Medium,0
P-2926,21,Male,Emergency,Emergency,Stroke,0,1,5,3,9,Home,2025-02-12,26,Low,0
P-2927,57,Female,Orthopedics,Transfer,Sepsis,1,0,1,3,5,Home,2025-05-02,33,Medium,0
P-2928,79,Female,Neurology,Urgent,Heart Failure,3,1,5,3,9,Home,2025-01-29,81,High,1
P-2929,93,Female,Pediatrics,Transfer,Gastrointestinal Bleed,1,1,4,0,6,Rehab,2025-03-02,50,Medium,0
P-2930,42,Female,Emergency,Emergency,Acute Kidney Injury,0,0,2,3,8,Home Health Care,2025-07-04,24,Low,0
P-2931,69,Male,Pediatrics,Urgent,Hypertension,1,0,1,6,5,Home,2025-09-08,60,Medium,1
P-2932,54,Female,Cardiology,Elective,Diabetes with Complications,1,0,4,2,1,Home Health Care,2025-04-23,29,Low,0
P-2933,60,Female,Cardiology,Emergency,Acute Kidney Injury,1,0,3,4,6,Skilled Nursing Facility,2025-09-02,48,Medium,0
P-2934,95,Female,ICU,Emergency,Hip Fracture,1,0,2,1,13,Home Health Care,2025-12-20,55,Medium,1
P-2935,37,Female,Cardiology,Elective,Sepsis,0,1,3,1,6,Home,2025-07-24,17,Low,0
P-2936,66,Female,General Medicine,Emergency,Hip Fracture,3,0,1,4,6,Home Health Care,2025-07-22,63,High,1
P-2937,69,Male,Orthopedics,Emergency,Acute Kidney Injury,2,0,1,2,13,Home,2025-08-25,51,Medium,0
P-2938,79,Male,General Medicine,Emergency,COPD,3,1,1,1,1,Rehab,2025-06-05,51,Medium,1
P-2939,63,Female,General Medicine,Elective,Hypertension,0,2,4,1,6,Home Health Care,2025-05-19,36,Medium,0
P-2940,66,Female,Emergency,Urgent,Pneumonia,2,1,2,1,1,Home,2025-07-18,37,Medium,1
P-2941,55,Female,General Medicine,Elective,Diabetes with Complications,1,0,2,1,3,Home,2025-02-03,21,Low,0
P-2942,66,Female,Emergency,Elective,Gastrointestinal Bleed,4,2,5,3,6,Home,2025-03-12,83,High,1
P-2943,56,Male,Orthopedics,Emergency,Heart Failure,0,2,5,2,11,Home Health Care,2025-06-20,48,Medium,0
P-2944,71,Female,General Medicine,Elective,Hypertension,1,1,2,3,4,Home,2025-04-22,49,Medium,1
P-2945,56,Female,General Medicine,Emergency,Diabetes with Complications,1,0,13,3,7,Home Health Care,2025-05-17,69,High,1
P-2946,68,Female,Emergency,Urgent,Sepsis,2,1,3,1,5,Skilled Nursing Facility,2025-07-17,46,Medium,0
P-2947,61,Female,Orthopedics,Emergency,Sepsis,1,0,1,0,9,Home,2025-09-05,22,Low,0
P-2948,80,Male,Cardiology,Emergency,Heart Failure,1,0,10,3,9,Home Health Care,2025-09-19,76,High,1
P-2949,61,Male,Emergency,Emergency,Hip Fracture,0,0,6,3,11,Home,2025-03-23,48,Medium,0
P-2950,33,Male,General Medicine,Urgent,COPD,1,1,7,4,8,Home,2025-08-01,52,Medium,1
P-2951,82,Male,Emergency,Transfer,Stroke,2,1,9,2,8,Home,2025-08-16,79,High,1
P-2952,47,Male,Orthopedics,Emergency,Hypertension,0,0,8,5,6,Home Health Care,2025-05-16,53,Medium,0
P-2953,51,Female,Emergency,Emergency,Gastrointestinal Bleed,0,2,9,3,14,Rehab,2025-03-01,67,High,0
P-2954,52,Male,Emergency,Elective,Diabetes with Complications,4,2,2,2,7,Home Health Care,2025-09-13,66,High,1
P-2955,83,Female,Orthopedics,Urgent,Stroke,1,2,5,2,6,Home,2025-12-01,66,High,0
P-2956,27,Male,Emergency,Emergency,Heart Failure,1,2,6,1,11,Home,2025-02-25,35,Medium,0
P-2957,95,Male,Emergency,Emergency,Pneumonia,1,1,2,1,9,Home Health Care,2025-09-18,56,Medium,0
P-2958,78,Male,Emergency,Emergency,COPD,0,1,24,2,3,Home,2025-05-25,89,High,1
P-2959,65,Male,Cardiology,Elective,Pneumonia,1,0,8,1,9,Home Health Care,2025-08-10,49,Medium,0
P-2960,61,Female,General Medicine,Emergency,Hip Fracture,2,1,12,1,3,Home,2025-12-20,66,High,1
P-2961,66,Male,Cardiology,Emergency,Stroke,0,0,1,2,9,Home,2025-05-12,28,Low,1
P-2962,70,Male,Orthopedics,Emergency,Pneumonia,2,0,1,2,2,Home,2025-12-30,38,Medium,1
P-2963,72,Female,General Medicine,Elective,Stroke,2,0,1,1,6,Home Health Care,2025-09-18,38,Medium,0
P-2964,70,Male,Cardiology,Transfer,Diabetes with Complications,3,0,10,5,9,Home,2025-08-18,90,High,1
P-2965,63,Male,General Medicine,Urgent,Pneumonia,1,2,4,2,6,Home,2025-05-18,52,Medium,1
P-2966,58,Male,General Medicine,Elective,Stroke,0,1,2,5,3,Home,2025-11-27,45,Medium,1
P-2967,59,Female,Cardiology,Urgent,Hypertension,0,0,8,1,1,Home,2025-06-13,28,Low,0
P-2968,58,Male,Cardiology,Emergency,Acute Kidney Injury,1,1,5,1,5,Rehab,2025-01-18,37,Medium,1
P-2969,80,Male,Emergency,Elective,Gastrointestinal Bleed,1,3,5,2,9,Home,2025-02-04,73,High,1
P-2970,71,Female,General Medicine,Emergency,Hip Fracture,0,3,8,3,9,Home,2025-11-24,75,High,1
P-2971,18,Female,General Medicine,Elective,Sepsis,0,0,3,1,11,Home,2025-11-02,11,Low,0
P-2972,72,Male,Emergency,Transfer,COPD,3,3,1,0,6,Home,2025-03-12,58,Medium,0
P-2973,65,Male,General Medicine,Urgent,Pneumonia,3,0,12,2,8,Home,2025-03-14,80,High,1
P-2974,61,Male,General Medicine,Emergency,Sepsis,0,2,10,2,4,Home,2025-08-02,57,Medium,1
P-2975,55,Female,General Medicine,Elective,Gastrointestinal Bleed,3,2,2,1,3,Skilled Nursing Facility,2025-01-15,47,Medium,1
P-2976,79,Male,General Medicine,Urgent,Acute Kidney Injury,0,1,2,1,1,Home,2025-04-24,29,Low,0
P-2977,77,Female,Emergency,Emergency,Stroke,1,1,8,1,7,Home Health Care,2025-08-09,60,Medium,1
P-2978,49,Female,Orthopedics,Elective,Stroke,2,1,17,4,7,Rehab,2025-10-28,88,High,1
P-2979,68,Male,General Medicine,Emergency,Stroke,0,1,7,0,5,Rehab,2025-03-17,34,Medium,1
P-2980,46,Female,Orthopedics,Urgent,Gastrointestinal Bleed,0,1,1,2,11,Home,2025-05-12,26,Low,0
P-2981,39,Male,Emergency,Emergency,Diabetes with Complications,1,0,3,2,4,Against Medical Advice,2025-03-27,22,Low,0
P-2982,51,Male,Cardiology,Emergency,Hip Fracture,1,1,7,1,14,Home Health Care,2025-04-24,50,Medium,0
P-2983,75,Male,Emergency,Elective,Diabetes with Complications,2,2,3,5,3,Home,2025-10-19,78,High,1
P-2984,77,Male,Emergency,Emergency,Heart Failure,0,1,6,2,5,Skilled Nursing Facility,2025-09-04,50,Medium,1
P-2985,70,Female,General Medicine,Emergency,Hypertension,1,1,1,3,5,Home,2025-05-14,47,Medium,1
P-2986,73,Female,Emergency,Elective,Sepsis,1,0,2,1,8,Home,2025-03-27,35,Medium,1
P-2987,70,Male,Orthopedics,Urgent,Diabetes with Complications,4,1,7,1,6,Home Health Care,2025-09-03,75,High,1
P-2988,51,Other,General Medicine,Emergency,Acute Kidney Injury,0,0,1,2,2,Home Health Care,2025-07-18,16,Low,0
P-2989,68,Male,General Medicine,Urgent,Heart Failure,3,2,16,2,1,Skilled Nursing Facility,2025-09-08,89,High,0
P-2990,74,Male,Cardiology,Urgent,Stroke,2,0,3,2,9,Skilled Nursing Facility,2025-01-11,55,Medium,0
P-2991,74,Male,Pediatrics,Elective,Heart Failure,0,0,1,2,1,Home,2025-12-09,25,Low,0
P-2992,81,Female,Orthopedics,Elective,Hip Fracture,2,2,1,1,4,Home,2025-02-13,53,Medium,1
P-2993,73,Female,General Medicine,Emergency,Acute Kidney Injury,0,1,1,5,8,Home Health Care,2025-09-19,57,Medium,1
P-2994,67,Female,Emergency,Emergency,Acute Kidney Injury,2,0,2,1,8,Home,2025-09-09,40,Medium,1
P-2995,79,Female,Emergency,Emergency,Pneumonia,0,0,4,4,2,Home,2025-08-07,49,Medium,0
P-2996,61,Male,Cardiology,Emergency,Diabetes with Complications,3,1,10,5,4,Home,2025-08-01,87,High,1
P-2997,47,Male,Emergency,Emergency,Sepsis,1,1,13,2,10,Home,2025-06-11,67,High,1
P-2998,59,Female,Cardiology,Emergency,COPD,1,0,5,2,5,Home,2025-06-12,39,Medium,0
P-2999,50,Female,General Medicine,Elective,Hypertension,1,0,5,4,10,Home,2025-08-21,53,Medium,0
P-3000,51,Male,General Medicine,Elective,COPD,3,1,4,1,1,Home,2025-12-18,42,Medium,0
P-3001,59,Female,Emergency,Urgent,Sepsis,0,1,2,1,5,Home,2025-09-12,23,Low,0
P-3002,49,Male,Emergency,Emergency,Diabetes with Complications,3,0,4,2,3,Home,2025-08-16,44,Medium,1
P-3003,57,Male,Orthopedics,Emergency,Diabetes with Complications,1,0,1,1,3,Home,2025-02-02,20,Low,0
P-3004,31,Female,Cardiology,Emergency,Hypertension,0,1,2,3,4,Skilled Nursing Facility,2025-12-12,20,Low,0
P-3005,65,Female,General Medicine,Emergency,Hypertension,0,0,2,2,12,Home Health Care,2025-11-16,34,Medium,0
P-3006,62,Male,Cardiology,Elective,COPD,2,0,9,1,6,Home,2025-07-18,55,Medium,0
P-3007,48,Male,ICU,Emergency,Sepsis,0,1,1,4,1,Skilled Nursing Facility,2025-03-11,28,Low,1
P-3008,72,Male,Cardiology,Emergency,Diabetes with Complications,2,0,7,1,6,Home,2025-03-24,55,Medium,1
P-3009,77,Female,General Medicine,Emergency,Stroke,0,2,1,1,4,Home,2025-05-20,34,Medium,0
P-3010,36,Female,Emergency,Emergency,Hip Fracture,2,0,5,3,8,Home,2025-09-18,44,Medium,0
P-3011,49,Female,Orthopedics,Emergency,Gastrointestinal Bleed,0,0,7,1,6,Home Health Care,2025-08-10,26,Low,0
P-3012,49,Male,Emergency,Emergency,Sepsis,1,0,1,1,4,Home,2025-04-18,18,Low,0
P-3013,46,Other,ICU,Emergency,Diabetes with Complications,2,0,7,2,13,Home,2025-04-25,55,Medium,1
P-3014,75,Female,General Medicine,Emergency,Sepsis,5,0,4,0,7,Home Health Care,2025-11-30,68,High,1
P-3015,58,Male,Cardiology,Emergency,Hip Fracture,2,1,6,2,6,Home Health Care,2025-01-24,57,Medium,1
P-3016,57,Male,General Medicine,Elective,Hypertension,4,1,6,3,8,Home,2025-06-02,79,High,1
P-3017,29,Male,Cardiology,Emergency,Heart Failure,2,0,1,3,3,Home Health Care,2025-05-19,24,Low,0
P-3018,72,Male,Emergency,Emergency,Sepsis,1,1,8,1,4,Home,2025-12-15,53,Medium,0
P-3019,42,Female,General Medicine,Emergency,Heart Failure,1,2,7,5,11,Home Health Care,2025-05-12,73,High,1
P-3020,62,Female,Pediatrics,Emergency,Sepsis,1,1,5,3,3,Home,2025-08-15,51,Medium,1
P-3021,66,Female,Emergency,Emergency,Hypertension,3,3,4,1,2,Home,2025-07-26,65,High,1
P-3022,83,Male,Orthopedics,Emergency,COPD,0,1,9,5,2,Skilled Nursing Facility,2025-09-27,77,High,0
P-3023,41,Female,Cardiology,Emergency,Pneumonia,0,0,10,1,4,Skilled Nursing Facility,2025-01-05,27,Low,1
P-3024,18,Male,Orthopedics,Emergency,Pneumonia,0,4,2,1,11,Rehab,2025-11-01,24,Low,1
P-3025,64,Male,General Medicine,Urgent,COPD,2,0,4,3,4,Home,2025-12-27,53,Medium,1
P-3026,90,Female,Cardiology,Urgent,Pneumonia,1,0,3,4,11,Home Health Care,2025-07-29,72,High,0
P-3027,81,Male,Emergency,Emergency,Gastrointestinal Bleed,0,1,3,1,8,Skilled Nursing Facility,2025-06-10,40,Medium,1
P-3028,65,Female,Cardiology,Emergency,COPD,1,1,8,1,2,Home,2025-10-09,47,Medium,0
P-3029,54,Female,Emergency,Elective,Heart Failure,2,1,5,1,2,Skilled Nursing Facility,2025-06-05,40,Medium,0
P-3030,74,Female,Cardiology,Urgent,COPD,2,1,3,2,3,Home,2025-08-14,54,Medium,1
P-3031,46,Male,General Medicine,Transfer,Heart Failure,3,2,7,2,12,Home,2025-03-11,73,High,1
P-3032,69,Female,Pediatrics,Emergency,Hypertension,1,2,13,3,9,Home,2025-11-11,85,High,1
P-3033,70,Other,ICU,Emergency,Hypertension,2,0,3,1,1,Home,2025-07-30,36,Medium,0
P-3034,78,Female,Emergency,Elective,Pneumonia,3,0,1,6,5,Home,2025-08-20,79,High,0
P-3035,95,Female,General Medicine,Urgent,COPD,2,1,12,3,8,Home,2025-05-03,91,High,1
P-3036,68,Female,Neurology,Emergency,COPD,2,0,15,2,4,Home Health Care,2025-08-07,78,High,1
P-3037,53,Male,Emergency,Elective,Gastrointestinal Bleed,1,1,3,3,12,Home,2025-11-21,51,Medium,0
P-3038,61,Female,Emergency,Emergency,Sepsis,1,1,5,1,7,Skilled Nursing Facility,2025-06-05,41,Medium,0
P-3039,33,Female,Emergency,Emergency,Pneumonia,1,1,1,1,9,Home,2025-05-27,19,Low,1
P-3040,50,Female,Cardiology,Emergency,Stroke,5,0,1,1,10,Home,2025-05-11,55,Medium,0
P-3041,55,Female,ICU,Emergency,COPD,2,2,1,3,4,Home,2025-05-14,51,Medium,1
P-3042,53,Male,Emergency,Elective,Stroke,1,0,7,2,13,Home,2025-10-15,51,Medium,0
P-3043,64,Male,ICU,Elective,Diabetes with Complications,1,1,3,1,7,Home,2025-06-26,38,Medium,1
P-3044,48,Female,General Medicine,Urgent,Stroke,3,0,5,1,7,Home,2025-08-05,45,Medium,1
P-3045,79,Male,Emergency,Emergency,Hip Fracture,4,1,4,7,7,Home,2025-07-01,94,High,1
P-3046,62,Male,Emergency,Emergency,Stroke,1,3,1,4,6,Skilled Nursing Facility,2025-08-05,62,High,1
P-3047,61,Male,Cardiology,Emergency,Sepsis,1,0,8,2,3,Home,2025-12-17,46,Medium,1
P-3048,56,Male,Neurology,Emergency,COPD,2,2,2,3,9,Home,2025-12-26,61,High,1
P-3049,64,Female,Orthopedics,Elective,Gastrointestinal Bleed,0,0,1,1,6,Home,2025-06-18,20,Low,0
P-3050,75,Female,Cardiology,Emergency,Heart Failure,2,1,5,5,5,Home,2025-06-29,80,High,0
P-3051,48,Male,Emergency,Emergency,Acute Kidney Injury,1,2,10,1,5,Home,2025-04-14,52,Medium,0
P-3052,51,Male,General Medicine,Emergency,Heart Failure,1,0,10,2,6,Home,2025-03-18,50,Medium,1
P-3053,57,Male,ICU,Emergency,Hypertension,0,0,3,5,9,Home,2025-11-28,48,Medium,0
P-3054,40,Male,Emergency,Elective,Heart Failure,1,0,6,1,8,Skilled Nursing Facility,2025-08-03,28,Low,0
P-3055,48,Male,Cardiology,Emergency,Sepsis,1,0,8,2,13,Skilled Nursing Facility,2025-01-18,50,Medium,1
P-3056,54,Female,Neurology,Urgent,Sepsis,1,0,2,1,6,Home,2025-02-05,24,Low,0
P-3057,75,Male,Orthopedics,Elective,Stroke,5,0,3,6,4,Home,2025-02-13,90,High,1
P-3058,66,Female,General Medicine,Emergency,Hypertension,2,0,5,2,7,Skilled Nursing Facility,2025-02-05,54,Medium,0
P-3059,65,Female,Emergency,Emergency,Gastrointestinal Bleed,1,0,9,2,9,Home Health Care,2025-03-16,59,Medium,1
P-3060,75,Female,Neurology,Elective,Sepsis,1,0,2,3,8,Home Health Care,2025-03-19,50,Medium,0
P-3061,59,Male,Neurology,Emergency,Diabetes with Complications,3,2,5,2,7,Home,2025-10-12,70,High,0
P-3062,68,Female,Pediatrics,Elective,COPD,2,1,1,1,7,Home Health Care,2025-07-21,43,Medium,1
P-3063,60,Male,Cardiology,Emergency,Gastrointestinal Bleed,4,1,13,4,2,Skilled Nursing Facility,2025-04-19,90,High,1
P-3064,66,Female,Cardiology,Emergency,Diabetes with Complications,2,1,11,3,8,Home Health Care,2025-07-20,81,High,1
P-3065,52,Male,General Medicine,Urgent,Stroke,1,0,12,0,4,Home Health Care,2025-04-10,40,Medium,1
P-3066,22,Female,Emergency,Elective,COPD,1,1,16,1,6,Home Health Care,2025-01-10,49,Medium,0
P-3067,59,Male,ICU,Emergency,Hypertension,0,0,9,1,6,Home,2025-06-21,36,Medium,0
P-3068,84,Female,ICU,Emergency,Sepsis,0,1,2,2,6,Skilled Nursing Facility,2025-08-26,44,Medium,1
P-3069,76,Female,Orthopedics,Emergency,Heart Failure,1,0,4,2,8,Home Health Care,2025-04-25,50,Medium,0
P-3070,77,Female,Orthopedics,Elective,Hip Fracture,3,2,1,2,5,Skilled Nursing Facility,2025-03-14,67,High,0
P-3071,81,Female,Emergency,Emergency,Sepsis,0,0,1,3,4,Rehab,2025-03-06,37,Medium,1
P-3072,63,Male,Orthopedics,Emergency,Stroke,1,1,1,5,6,Home,2025-07-21,57,Medium,1
P-3073,65,Male,General Medicine,Urgent,Sepsis,0,1,9,2,9,Home,2025-11-17,57,Medium,0
P-3074,52,Male,Orthopedics,Emergency,Stroke,2,1,7,2,4,Home,2025-09-02,54,Medium,0
P-3075,56,Female,Emergency,Emergency,Acute Kidney Injury,2,1,7,0,13,Rehab,2025-07-18,53,Medium,1
P-3076,71,Female,Cardiology,Elective,Pneumonia,2,1,3,3,7,Home,2025-11-06,64,High,1
P-3077,81,Female,Emergency,Emergency,Sepsis,1,1,1,1,3,Home,2025-09-14,37,Medium,1
P-3078,59,Male,Emergency,Emergency,Hypertension,3,1,2,3,6,Home,2025-07-30,61,High,0
P-3079,54,Female,General Medicine,Emergency,Gastrointestinal Bleed,0,0,3,1,6,Home,2025-07-27,20,Low,1
P-3080,62,Female,Cardiology,Urgent,Sepsis,2,0,2,1,3,Home,2025-06-25,31,Medium,0
P-3081,71,Female,Pediatrics,Emergency,Gastrointestinal Bleed,0,1,4,6,3,Home Health Care,2025-03-19,65,High,1
P-3082,38,Female,Cardiology,Emergency,Diabetes with Complications,1,2,5,1,10,Home,2025-04-06,37,Medium,0
P-3083,25,Male,Cardiology,Elective,Heart Failure,2,0,1,0,7,Home Health Care,2025-01-28,13,Low,0
P-3084,53,Male,Emergency,Emergency,COPD,2,0,11,3,4,Home Health Care,2025-07-06,66,High,0
P-3085,42,Male,Emergency,Elective,Acute Kidney Injury,2,0,4,3,1,Home,2025-10-16,36,Medium,1
P-3086,53,Female,Emergency,Emergency,Hypertension,2,1,9,1,7,Home,2025-04-23,57,Medium,0
P-3087,59,Female,General Medicine,Elective,Stroke,1,1,3,3,2,Skilled Nursing Facility,2025-07-20,42,Medium,1
P-3088,54,Male,Emergency,Elective,Hip Fracture,3,0,6,2,3,Home,2025-05-11,53,Medium,0
P-3089,85,Male,General Medicine,Urgent,Heart Failure,0,1,11,0,7,Home,2025-06-17,59,Medium,1
P-3090,67,Male,General Medicine,Emergency,Sepsis,1,1,5,2,2,Home Health Care,2025-01-30,46,Medium,1
P-3091,66,Female,ICU,Urgent,Heart Failure,3,1,3,4,3,Rehab,2025-09-22,71,High,1
P-3092,71,Male,General Medicine,Emergency,Hip Fracture,0,1,4,1,7,Home,2025-10-06,36,Medium,0
P-3093,43,Male,Orthopedics,Elective,Heart Failure,3,1,1,2,9,Home Health Care,2025-12-21,45,Medium,1
P-3094,78,Male,ICU,Emergency,COPD,1,1,6,5,4,Home,2025-01-13,76,High,0
P-3095,60,Male,Emergency,Emergency,Pneumonia,1,2,1,1,12,Home,2025-07-22,41,Medium,1
P-3096,72,Female,Neurology,Emergency,Diabetes with Complications,0,0,3,5,1,Home,2025-12-09,48,Medium,0
P-3097,44,Female,Emergency,Emergency,Hip Fracture,1,1,4,2,3,Home,2025-09-27,31,Medium,0
P-3098,37,Male,Emergency,Emergency,Sepsis,1,0,3,3,1,Home,2025-07-31,24,Low,0
P-3099,75,Female,Pediatrics,Elective,COPD,1,1,3,4,3,Home,2025-09-16,60,Medium,0
P-3100,68,Male,Cardiology,Emergency,Pneumonia,1,2,1,1,1,Home,2025-09-22,33,Medium,1
P-3101,47,Female,ICU,Elective,Sepsis,0,0,1,1,1,Skilled Nursing Facility,2025-11-15,11,Low,0
P-3102,48,Male,Orthopedics,Emergency,Sepsis,1,2,3,5,4,Against Medical Advice,2025-02-23,58,Medium,1
P-3103,80,Male,Orthopedics,Emergency,Acute Kidney Injury,0,0,13,2,4,Home,2025-01-13,65,High,0
P-3104,42,Female,Emergency,Emergency,Pneumonia,1,2,1,1,3,Home,2025-07-15,22,Low,0
P-3105,88,Male,Emergency,Emergency,Hypertension,2,1,2,2,8,Home,2025-11-03,66,High,0
P-3106,47,Male,Orthopedics,Emergency,Gastrointestinal Bleed,2,3,10,2,4,Home Health Care,2025-04-11,71,High,0
P-3107,72,Female,General Medicine,Transfer,Sepsis,2,0,2,2,10,Home Health Care,2025-10-31,52,Medium,1
P-3108,56,Female,Cardiology,Emergency,Acute Kidney Injury,0,1,3,2,7,Home,2025-01-28,31,Medium,0
P-3109,71,Male,ICU,Elective,Stroke,0,2,1,2,4,Home,2025-08-07,37,Medium,0
P-3110,53,Female,Emergency,Emergency,Heart Failure,2,1,1,1,1,Home Health Care,2025-04-07,27,Low,0
P-3111,59,Female,Orthopedics,Urgent,Stroke,2,2,5,1,5,Home,2025-03-16,53,Medium,0
P-3112,62,Female,Orthopedics,Emergency,Heart Failure,1,0,1,2,11,Home Health Care,2025-08-16,36,Medium,0
P-3113,45,Female,Pediatrics,Urgent,Gastrointestinal Bleed,0,1,4,4,12,Rehab,2025-03-31,47,Medium,0
P-3114,73,Female,Orthopedics,Emergency,Sepsis,1,1,3,2,1,Home Health Care,2025-08-27,42,Medium,1
P-3115,53,Male,General Medicine,Emergency,Stroke,0,1,1,5,9,Home,2025-12-10,46,Medium,1
P-3116,58,Male,Emergency,Emergency,Stroke,5,0,3,4,2,Home Health Care,2025-11-17,75,High,1
P-3117,46,Male,General Medicine,Emergency,Heart Failure,0,0,2,2,3,Home,2025-09-26,17,Low,0
P-3118,21,Male,General Medicine,Emergency,Diabetes with Complications,0,3,9,1,10,Home Health Care,2025-03-08,36,Medium,0
P-3119,58,Female,Emergency,Emergency,Hypertension,1,0,2,1,4,Skilled Nursing Facility,2025-01-14,24,Low,0
P-3120,95,Male,ICU,Elective,Pneumonia,2,0,6,3,4,Home,2025-03-20,76,High,1
P-3121,74,Male,Neurology,Emergency,Hip Fracture,1,1,6,7,7,Home,2025-10-22,86,High,1
P-3122,61,Male,Emergency,Emergency,Gastrointestinal Bleed,1,0,1,0,5,Home,2025-11-01,19,Low,0
P-3123,57,Male,Emergency,Emergency,Hip Fracture,2,0,4,3,7,Home,2025-06-14,52,Medium,0
P-3124,62,Female,General Medicine,Elective,Sepsis,2,1,9,1,4,Home Health Care,2025-02-04,59,Medium,1
P-3125,70,Male,General Medicine,Emergency,Diabetes with Complications,2,2,1,4,10,Home Health Care,2025-02-13,73,High,1
P-3126,43,Female,Cardiology,Elective,Diabetes with Complications,0,1,5,5,4,Home,2025-02-13,46,Medium,0
P-3127,79,Male,Orthopedics,Emergency,Hypertension,1,1,1,4,13,Home,2025-09-16,68,High,0
P-3128,73,Female,Cardiology,Emergency,Stroke,2,0,2,0,6,Home,2025-07-23,35,Medium,0
P-3129,73,Female,Cardiology,Emergency,Gastrointestinal Bleed,2,1,5,4,6,Home,2025-11-27,75,High,1
P-3130,69,Female,Emergency,Urgent,Sepsis,1,1,5,1,6,Home Health Care,2025-07-29,45,Medium,1
P-3131,62,Female,General Medicine,Emergency,Heart Failure,1,0,5,1,10,Home,2025-10-20,40,Medium,0
P-3132,72,Female,Pediatrics,Emergency,Gastrointestinal Bleed,1,1,4,2,3,Home Health Care,2025-04-30,47,Medium,0
P-3133,71,Female,Orthopedics,Elective,Stroke,1,0,7,4,4,Home Health Care,2025-05-13,64,High,0
P-3134,56,Female,Neurology,Emergency,Pneumonia,3,0,5,5,10,Home Health Care,2025-05-04,78,High,0
P-3135,52,Other,Cardiology,Elective,Diabetes with Complications,1,1,2,2,4,Home,2025-07-09,31,Medium,1
P-3136,63,Female,ICU,Transfer,Pneumonia,2,1,1,2,7,Home Health Care,2025-06-08,46,Medium,0
P-3137,86,Female,General Medicine,Transfer,Diabetes with Complications,1,1,1,2,6,Home Health Care,2025-03-30,51,Medium,1
P-3138,42,Female,Cardiology,Emergency,Hypertension,4,1,1,0,4,Home Health Care,2025-08-01,34,Medium,0
P-3139,38,Male,Orthopedics,Emergency,Diabetes with Complications,1,1,1,1,5,Home,2025-07-03,18,Low,0
P-3140,64,Male,General Medicine,Urgent,COPD,1,0,3,2,12,Home,2025-10-07,44,Medium,0
P-3141,62,Female,Pediatrics,Emergency,Sepsis,1,0,1,2,9,Skilled Nursing Facility,2025-01-02,34,Medium,0
P-3142,64,Male,Cardiology,Emergency,Pneumonia,0,3,3,2,11,Home,2025-03-15,53,Medium,1
P-3143,65,Female,Emergency,Emergency,Gastrointestinal Bleed,3,0,7,2,1,Home,2025-06-17,60,Medium,0
P-3144,58,Male,Emergency,Emergency,Acute Kidney Injury,1,1,1,6,9,Home,2025-03-25,65,High,0
P-3145,85,Male,Cardiology,Transfer,Acute Kidney Injury,2,0,7,2,9,Home,2025-08-15,73,High,0
P-3146,36,Female,General Medicine,Elective,Stroke,2,1,1,1,7,Home,2025-07-29,25,Low,0
P-3147,48,Female,Emergency,Emergency,Gastrointestinal Bleed,1,1,2,1,1,Home,2025-07-23,21,Low,0
P-3148,60,Female,Emergency,Urgent,Heart Failure,0,3,2,1,14,Home,2025-01-22,44,Medium,0
P-3149,35,Male,Emergency,Emergency,Gastrointestinal Bleed,4,2,2,3,9,Home,2025-05-20,65,High,0
P-3150,59,Male,ICU,Urgent,Diabetes with Complications,2,0,4,4,13,Skilled Nursing Facility,2025-10-14,67,High,1
P-3151,88,Male,Emergency,Emergency,Pneumonia,0,0,6,2,1,Home,2025-05-05,46,Medium,0
P-3152,62,Male,Emergency,Emergency,Acute Kidney Injury,1,0,7,1,10,Home Health Care,2025-08-16,46,Medium,0
P-3153,65,Male,ICU,Emergency,Hypertension,0,2,1,1,5,Home,2025-04-21,28,Low,0
P-3154,41,Female,Emergency,Emergency,COPD,1,1,1,4,5,Skilled Nursing Facility,2025-08-11,36,Medium,0
P-3155,52,Male,Cardiology,Emergency,Acute Kidney Injury,2,0,7,1,5,Home,2025-12-12,42,Medium,0
P-3156,55,Female,Emergency,Emergency,Hypertension,2,3,7,6,8,Home,2025-06-18,89,High,1
P-3157,56,Male,Cardiology,Transfer,Acute Kidney Injury,2,1,13,1,3,Home Health Care,2025-05-03,65,High,1
P-3158,82,Male,Emergency,Urgent,Acute Kidney Injury,2,2,2,3,2,Home,2025-08-21,67,High,0
P-3159,70,Male,General Medicine,Elective,Hypertension,2,1,2,2,3,Home,2025-09-14,49,Medium,0
P-3160,44,Other,General Medicine,Urgent,Hypertension,0,0,4,1,5,Home,2025-04-04,17,Low,0
P-3161,65,Female,Orthopedics,Urgent,Hypertension,2,1,1,2,6,Home,2025-08-02,46,Medium,1
P-3162,69,Male,Emergency,Elective,Acute Kidney Injury,4,0,6,2,6,Home Health Care,2025-11-16,73,High,0
P-3163,80,Female,Emergency,Emergency,Diabetes with Complications,1,0,3,1,7,Rehab,2025-02-20,41,Medium,1
P-3164,87,Female,Orthopedics,Urgent,Heart Failure,2,1,6,1,11,Home,2025-01-28,73,High,1
P-3165,45,Female,Emergency,Elective,Hypertension,3,0,1,3,9,Home,2025-07-14,47,Medium,0
P-3166,49,Female,General Medicine,Emergency,Hip Fracture,3,2,3,1,9,Home,2025-09-24,54,Medium,0
P-3167,41,Male,Emergency,Emergency,Pneumonia,1,0,2,1,5,Home,2025-01-19,17,Low,0
P-3168,58,Female,Emergency,Emergency,Stroke,1,3,3,0,5,Home,2025-05-12,37,Medium,0
P-3169,69,Female,General Medicine,Urgent,Hip Fracture,3,1,4,2,6,Home Health Care,2025-10-24,66,High,1
P-3170,77,Female,Cardiology,Elective,Sepsis,0,0,6,2,4,Home,2025-06-17,43,Medium,1
P-3171,60,Female,Emergency,Urgent,Sepsis,1,3,10,3,8,Home Health Care,2025-07-10,79,High,1
P-3172,56,Male,Cardiology,Elective,Pneumonia,2,0,2,3,7,Home,2025-03-17,46,Medium,1
P-3173,64,Male,Emergency,Emergency,Gastrointestinal Bleed,0,1,3,0,6,Home Health Care,2025-06-06,23,Low,1
P-3174,48,Female,Cardiology,Elective,Pneumonia,3,1,1,3,9,Home Health Care,2025-10-18,55,Medium,1
P-3175,95,Female,General Medicine,Emergency,Acute Kidney Injury,2,0,2,2,9,Home,2025-02-26,65,High,1
P-3176,36,Male,General Medicine,Emergency,Sepsis,1,0,3,4,1,Home Health Care,2025-09-11,28,Low,0
P-3177,64,Male,General Medicine,Urgent,Heart Failure,2,1,3,0,2,Home,2025-02-13,33,Medium,1
P-3178,94,Female,Emergency,Elective,Gastrointestinal Bleed,4,4,12,2,9,Home,2025-06-26,97,High,1
P-3179,62,Male,Pediatrics,Urgent,Stroke,0,0,11,2,8,Home,2025-07-10,53,Medium,0
P-3180,58,Male,General Medicine,Emergency,Heart Failure,2,2,1,3,11,Home,2025-02-04,61,High,0
P-3181,56,Male,Emergency,Elective,Sepsis,4,1,3,5,8,Home,2025-12-05,82,High,1
P-3182,59,Female,Orthopedics,Emergency,Stroke,0,1,2,1,11,Home,2025-12-30,29,Low,1
P-3183,83,Female,General Medicine,Emergency,Acute Kidney Injury,2,0,3,2,9,Home,2025-04-07,61,High,1
P-3184,26,Female,General Medicine,Emergency,Acute Kidney Injury,2,1,7,1,9,Home,2025-02-11,37,Medium,1
P-3185,86,Female,Cardiology,Elective,Stroke,1,0,1,0,8,Rehab,2025-03-01,34,Medium,1
P-3186,39,Male,Emergency,Emergency,Pneumonia,2,0,7,3,10,Home Health Care,2025-11-05,54,Medium,0
P-3187,57,Male,Orthopedics,Emergency,Pneumonia,1,0,12,3,4,Home,2025-10-03,64,High,0
P-3188,55,Female,Emergency,Elective,Heart Failure,1,1,6,2,8,Home Health Care,2025-08-09,49,Medium,0
P-3189,71,Male,General Medicine,Elective,Hip Fracture,1,0,3,2,6,Home Health Care,2025-09-12,41,Medium,0
P-3190,36,Male,General Medicine,Emergency,Diabetes with Complications,5,0,1,3,7,Home,2025-01-23,56,Medium,0
P-3191,69,Female,Orthopedics,Emergency,Pneumonia,1,0,1,0,3,Home,2025-04-20,21,Low,1
P-3192,94,Male,Cardiology,Urgent,Stroke,0,0,6,1,8,Skilled Nursing Facility,2025-05-03,51,Medium,1
P-3193,40,Female,General Medicine,Urgent,Hypertension,0,0,1,3,7,Home Health Care,2025-12-07,20,Low,0
P-3194,65,Female,Cardiology,Emergency,Hypertension,2,0,3,2,5,Home Health Care,2025-01-21,45,Medium,0
P-3195,51,Female,General Medicine,Emergency,Hip Fracture,2,0,10,2,7,Home,2025-11-25,60,Medium,1
P-3196,68,Male,General Medicine,Elective,Gastrointestinal Bleed,0,0,4,3,11,Home Health Care,2025-11-03,47,Medium,0
P-3197,62,Male,ICU,Emergency,Hip Fracture,0,1,2,4,9,Home,2025-02-15,48,Medium,1
P-3198,51,Female,General Medicine,Emergency,Stroke,0,0,2,2,8,Home Health Care,2025-09-17,23,Low,1
P-3199,69,Female,Emergency,Emergency,Hypertension,2,0,4,2,2,Home Health Care,2025-09-16,47,Medium,0
P-3200,90,Male,Cardiology,Emergency,Heart Failure,1,0,2,2,2,Home,2025-12-24,45,Medium,1
P-3201,58,Female,Emergency,Elective,Heart Failure,2,0,15,4,4,Home Health Care,2025-06-22,83,High,1
P-3202,73,Female,Cardiology,Emergency,Hip Fracture,3,1,1,2,1,Home Health Care,2025-05-13,54,Medium,0
P-3203,41,Female,Emergency,Emergency,Stroke,1,0,14,1,5,Home,2025-05-31,47,Medium,0
P-3204,46,Male,Emergency,Urgent,Diabetes with Complications,1,0,2,0,8,Home,2025-12-25,17,Low,0
P-3205,69,Male,General Medicine,Urgent,Gastrointestinal Bleed,1,1,4,3,1,Skilled Nursing Facility,2025-08-14,50,Medium,0
P-3206,85,Male,General Medicine,Urgent,Hypertension,4,1,2,8,5,Rehab,2025-03-20,94,High,1
P-3207,67,Male,General Medicine,Emergency,Stroke,1,1,8,3,4,Home Health Care,2025-11-03,64,High,1
P-3208,56,Female,ICU,Emergency,Gastrointestinal Bleed,2,1,6,2,1,Home,2025-01-03,50,Medium,1
P-3209,61,Male,Neurology,Emergency,Heart Failure,2,2,2,2,1,Home,2025-02-10,47,Medium,0
P-3210,41,Female,General Medicine,Emergency,Pneumonia,1,1,4,5,1,Home,2025-04-18,46,Medium,0
P-3211,71,Male,ICU,Emergency,Hypertension,1,1,11,3,9,Home Health Care,2025-12-20,78,High,0
P-3212,76,Female,Orthopedics,Urgent,Diabetes with Complications,2,0,2,6,5,Home Health Care,2025-08-21,74,High,1
P-3213,54,Male,Cardiology,Transfer,Sepsis,1,1,8,1,4,Skilled Nursing Facility,2025-01-11,42,Medium,0
P-3214,54,Male,General Medicine,Urgent,Hypertension,4,1,8,3,8,Skilled Nursing Facility,2025-02-21,82,High,1
P-3215,66,Male,Emergency,Elective,COPD,1,1,3,0,11,Home,2025-08-06,37,Medium,1
P-3216,55,Female,Emergency,Elective,Diabetes with Complications,4,1,1,0,12,Home,2025-01-29,51,Medium,1
P-3217,60,Male,Orthopedics,Elective,Diabetes with Complications,3,0,1,3,2,Skilled Nursing Facility,2025-07-25,48,Medium,0
P-3218,95,Male,Emergency,Urgent,Sepsis,2,2,3,1,7,Skilled Nursing Facility,2025-04-30,70,High,0
P-3219,58,Male,ICU,Elective,Gastrointestinal Bleed,1,0,3,4,11,Home,2025-05-27,53,Medium,0
P-3220,56,Female,Neurology,Emergency,Sepsis,0,2,1,0,12,Home,2025-02-27,25,Low,0
P-3221,51,Female,Neurology,Emergency,COPD,1,0,2,4,5,Home,2025-10-22,39,Medium,1
P-3222,73,Female,General Medicine,Elective,Gastrointestinal Bleed,1,1,3,0,4,Home,2025-09-20,33,Medium,0
P-3223,59,Female,Emergency,Emergency,Diabetes with Complications,1,0,8,3,3,Home,2025-05-07,52,Medium,0
P-3224,51,Male,ICU,Urgent,Sepsis,0,0,11,3,5,Home,2025-05-12,50,Medium,0
P-3225,83,Female,General Medicine,Elective,Stroke,3,0,5,1,8,Home Health Care,2025-09-02,67,High,0
P-3226,84,Male,ICU,Elective,Pneumonia,2,0,2,5,2,Home,2025-07-06,70,High,0
P-3227,52,Male,ICU,Emergency,COPD,2,1,6,3,3,Against Medical Advice,2025-09-14,56,Medium,1
P-3228,32,Female,Emergency,Emergency,Stroke,1,0,14,2,6,Home,2025-07-27,50,Medium,0
P-3229,78,Female,Cardiology,Emergency,Gastrointestinal Bleed,1,0,1,4,5,Home,2025-12-10,52,Medium,1
P-3230,51,Male,ICU,Elective,Acute Kidney Injury,2,0,2,3,2,Home,2025-12-11,37,Medium,0
P-3231,74,Male,Emergency,Emergency,Diabetes with Complications,2,0,4,2,11,Home,2025-06-28,61,High,1
P-3232,30,Female,Cardiology,Transfer,Hip Fracture,2,0,2,1,1,Home,2025-09-01,16,Low,0
P-3233,76,Female,Cardiology,Elective,Gastrointestinal Bleed,0,0,9,1,3,Home,2025-08-25,43,Medium,0
P-3234,42,Male,ICU,Elective,Diabetes with Complications,5,0,2,2,3,Home,2025-11-17,51,Medium,1
P-3235,73,Male,Cardiology,Urgent,Hypertension,0,0,10,2,2,Home,2025-08-02,50,Medium,0
P-3236,62,Female,General Medicine,Transfer,Hypertension,2,1,9,3,13,Home,2025-10-26,80,High,1
P-3237,46,Female,Orthopedics,Emergency,Heart Failure,1,1,1,2,13,Home,2025-03-27,35,Medium,1
P-3238,55,Other,Emergency,Urgent,COPD,1,2,1,3,4,Rehab,2025-11-09,42,Medium,0
P-3239,72,Male,Emergency,Emergency,Heart Failure,0,1,6,1,7,Home Health Care,2025-10-04,43,Medium,0
P-3240,63,Male,ICU,Emergency,Heart Failure,0,3,3,3,6,Home,2025-12-25,53,Medium,0
P-3241,71,Male,ICU,Emergency,Acute Kidney Injury,1,1,2,3,8,Rehab,2025-08-13,54,Medium,0
P-3242,93,Female,Cardiology,Elective,Stroke,0,3,12,0,11,Home,2025-12-30,80,High,1
P-3243,36,Male,Emergency,Emergency,Pneumonia,2,2,1,2,3,Home,2025-06-02,32,Medium,0
P-3244,87,Male,General Medicine,Elective,Stroke,0,0,9,2,5,Home,2025-08-11,59,Medium,1
P-3245,63,Male,General Medicine,Elective,Acute Kidney Injury,1,0,4,1,16,Home Health Care,2025-01-30,45,Medium,0
P-3246,47,Female,Emergency,Elective,Hypertension,1,1,1,3,2,Home,2025-09-12,30,Low,0
P-3247,40,Female,Cardiology,Emergency,Hip Fracture,1,0,3,2,5,Home,2025-08-25,24,Low,0
P-3248,58,Female,General Medicine,Urgent,Stroke,1,0,4,6,2,Home,2025-03-14,59,Medium,0
P-3249,76,Female,Emergency,Elective,Heart Failure,2,0,1,2,13,Home,2025-10-07,56,Medium,1
P-3250,59,Female,General Medicine,Emergency,Heart Failure,2,1,1,2,4,Home Health Care,2025-01-12,40,Medium,1
P-3251,86,Male,Emergency,Transfer,Stroke,2,0,2,1,10,Skilled Nursing Facility,2025-11-29,54,Medium,1
P-3252,38,Female,General Medicine,Emergency,Sepsis,2,0,4,4,1,Home,2025-06-07,40,Medium,1
P-3253,61,Male,Neurology,Emergency,Gastrointestinal Bleed,1,0,7,4,5,Home Health Care,2025-05-06,60,Medium,0
P-3254,41,Male,Neurology,Elective,Hip Fracture,0,0,15,0,8,Home Health Care,2025-12-19,38,Medium,1
P-3255,67,Other,Emergency,Emergency,Sepsis,1,0,1,2,1,Home Health Care,2025-11-14,28,Low,0
P-3256,76,Male,Emergency,Emergency,Sepsis,1,1,1,1,2,Home,2025-01-24,33,Medium,1
P-3257,55,Female,Cardiology,Urgent,Gastrointestinal Bleed,0,0,19,3,1,Home,2025-03-20,70,High,1
P-3258,20,Male,Neurology,Emergency,COPD,1,1,1,2,5,Home Health Care,2025-05-24,16,Low,0
P-3259,65,Female,Emergency,Emergency,Gastrointestinal Bleed,0,0,7,1,9,Home Health Care,2025-10-03,38,Medium,1
P-3260,68,Female,Cardiology,Elective,Hip Fracture,2,1,7,1,5,Home,2025-03-24,58,Medium,1
P-3261,68,Male,Emergency,Elective,Pneumonia,0,0,1,1,1,Home,2025-06-22,18,Low,0
P-3262,81,Female,Cardiology,Elective,COPD,0,1,8,1,1,Home,2025-08-29,47,Medium,0
P-3263,44,Female,Emergency,Urgent,Stroke,0,1,2,1,11,Home,2025-11-11,22,Low,0
P-3264,72,Male,General Medicine,Emergency,Pneumonia,3,3,8,2,8,Home,2025-05-27,86,High,1
P-3265,81,Male,Emergency,Elective,Pneumonia,3,2,2,1,5,Home,2025-01-25,66,High,0
P-3266,33,Male,ICU,Elective,Hip Fracture,0,2,7,1,9,Home,2025-02-19,31,Medium,0
P-3267,67,Female,Neurology,Emergency,Acute Kidney Injury,1,0,9,4,8,Home,2025-09-11,72,High,1
P-3268,53,Female,General Medicine,Transfer,Acute Kidney Injury,2,1,1,3,3,Home,2025-06-07,42,Medium,0
P-3269,60,Female,Orthopedics,Urgent,Hip Fracture,0,0,4,2,12,Home,2025-11-25,36,Medium,1
P-3270,67,Male,Emergency,Emergency,Sepsis,3,0,2,1,1,Home,2025-02-18,40,Medium,0
P-3271,54,Male,General Medicine,Elective,Acute Kidney Injury,3,0,9,4,8,Home,2025-07-21,79,High,1
P-3272,51,Male,Emergency,Elective,Heart Failure,0,2,3,4,8,Home,2025-10-15,49,Medium,0
P-3273,62,Male,Cardiology,Emergency,Acute Kidney Injury,1,2,3,0,6,Home,2025-01-07,35,Medium,1
P-3274,44,Female,Cardiology,Urgent,Hip Fracture,2,4,1,3,2,Home Health Care,2025-11-13,54,Medium,1
P-3275,44,Female,Emergency,Elective,Gastrointestinal Bleed,0,0,2,4,6,Home Health Care,2025-04-07,28,Low,0
P-3276,72,Male,Cardiology,Elective,Sepsis,1,2,24,3,6,Home,2025-07-21,95,High,1
P-3277,43,Female,Pediatrics,Emergency,Hypertension,0,0,9,1,6,Home,2025-10-20,28,Low,0
P-3278,72,Male,ICU,Emergency,Pneumonia,1,2,2,2,3,Home,2025-03-11,48,Medium,0
P-3279,69,Female,Emergency,Emergency,Hip Fracture,2,1,5,2,5,Home Health Care,2025-12-01,60,Medium,0
P-3280,34,Male,Emergency,Elective,Acute Kidney Injury,2,2,28,2,8,Home,2025-09-30,94,High,1
P-3281,51,Female,Emergency,Elective,Diabetes with Complications,2,1,6,3,3,Home Health Care,2025-07-19,56,Medium,1
P-3282,81,Male,General Medicine,Emergency,Heart Failure,1,1,2,3,1,Home Health Care,2025-02-07,51,Medium,0
P-3283,46,Female,Cardiology,Emergency,Hip Fracture,3,0,1,3,2,Home Health Care,2025-03-14,39,Medium,1
P-3284,54,Male,General Medicine,Emergency,Diabetes with Complications,0,1,8,1,2,Against Medical Advice,2025-12-07,32,Medium,1
P-3285,69,Male,Emergency,Elective,Pneumonia,1,2,2,1,6,Skilled Nursing Facility,2025-12-29,42,Medium,0
P-3286,74,Female,General Medicine,Elective,Gastrointestinal Bleed,1,0,1,4,8,Home,2025-07-28,53,Medium,0
P-3287,57,Male,General Medicine,Emergency,Heart Failure,0,0,1,4,6,Skilled Nursing Facility,2025-12-04,32,Medium,0
P-3288,52,Female,Orthopedics,Emergency,Hip Fracture,2,1,1,3,10,Home,2025-06-19,50,Medium,0
P-3289,84,Female,Orthopedics,Emergency,Diabetes with Complications,0,1,1,3,5,Home,2025-12-10,47,Medium,1
P-3290,89,Female,General Medicine,Emergency,Hip Fracture,3,1,4,1,8,Home,2025-12-16,73,High,1
P-3291,77,Female,Emergency,Elective,Diabetes with Complications,1,1,7,4,4,Rehab,2025-04-10,73,High,0
P-3292,63,Male,Emergency,Emergency,Stroke,0,0,11,2,6,Home Health Care,2025-06-12,51,Medium,1
P-3293,49,Female,General Medicine,Emergency,Pneumonia,3,0,6,1,6,Home,2025-11-27,47,Medium,0
P-3294,48,Male,Orthopedics,Elective,COPD,1,2,1,3,6,Home Health Care,2025-10-06,40,Medium,0
P-3295,70,Female,Cardiology,Transfer,Heart Failure,1,0,14,1,11,Home,2025-04-09,71,High,1
P-3296,68,Male,Emergency,Transfer,Hypertension,0,1,1,1,4,Home,2025-01-13,24,Low,0
P-3297,84,Female,General Medicine,Transfer,Heart Failure,1,0,7,5,7,Home,2025-09-20,79,High,1
P-3298,72,Male,Emergency,Elective,Hypertension,1,1,19,0,2,Home,2025-06-01,75,High,1
P-3299,37,Male,Emergency,Elective,Hip Fracture,1,1,11,0,3,Home,2025-01-27,33,Medium,0
P-3300,78,Male,Emergency,Elective,Hip Fracture,1,0,6,2,3,Home Health Care,2025-09-10,51,Medium,0
P-3301,46,Male,General Medicine,Urgent,Diabetes with Complications,2,1,4,4,2,Home,2025-10-05,52,Medium,1
P-3302,55,Male,Pediatrics,Transfer,COPD,2,0,30,2,4,Home,2025-04-25,94,High,1
P-3303,66,Male,Emergency,Emergency,Diabetes with Complications,1,2,5,5,5,Home,2025-07-14,74,High,1
P-3304,93,Female,Cardiology,Emergency,Hip Fracture,2,2,8,0,6,Home Health Care,2025-09-07,75,High,1
P-3305,95,Male,Cardiology,Emergency,Stroke,5,1,1,4,11,Rehab,2025-09-21,92,High,1
P-3306,71,Female,ICU,Elective,Stroke,0,0,5,1,11,Skilled Nursing Facility,2025-06-30,38,Medium,1
P-3307,59,Male,General Medicine,Elective,Hypertension,0,0,1,6,2,Home,2025-11-29,42,Medium,1
P-3308,70,Male,Emergency,Urgent,Pneumonia,3,0,8,1,2,Home,2025-02-26,61,High,1
P-3309,76,Female,Cardiology,Emergency,Acute Kidney Injury,1,0,3,1,4,Home,2025-03-16,35,Medium,1
P-3310,56,Female,General Medicine,Emergency,Heart Failure,1,0,2,4,10,Home,2025-12-28,48,Medium,0
P-3311,90,Female,General Medicine,Transfer,Hypertension,1,0,2,1,6,Home Health Care,2025-07-11,43,Medium,0
P-3312,65,Female,Cardiology,Emergency,COPD,1,0,18,1,5,Home,2025-10-02,72,High,1
P-3313,69,Male,Emergency,Emergency,COPD,2,0,10,1,8,Skilled Nursing Facility,2025-01-10,65,High,1
P-3314,72,Female,Pediatrics,Elective,Heart Failure,5,2,7,2,15,Home Health Care,2025-12-20,92,High,1
P-3315,68,Female,Emergency,Emergency,Stroke,0,1,4,5,1,Home,2025-11-08,54,Medium,1
P-3316,75,Male,General Medicine,Emergency,Acute Kidney Injury,0,0,3,3,4,Home,2025-12-03,40,Medium,0
P-3317,52,Female,Emergency,Emergency,Heart Failure,0,2,5,4,4,Home,2025-07-12,50,Medium,0
P-3318,53,Female,General Medicine,Emergency,Acute Kidney Injury,2,1,4,2,1,Home,2025-11-23,42,Medium,1
P-3319,44,Male,General Medicine,Elective,Hip Fracture,0,2,10,4,4,Skilled Nursing Facility,2025-09-02,60,Medium,1
P-3320,69,Female,General Medicine,Emergency,Hypertension,4,1,17,0,2,Home,2025-03-16,86,High,1
P-3321,74,Female,Orthopedics,Emergency,Hip Fracture,0,1,13,0,9,Home Health Care,2025-08-13,60,Medium,0
P-3322,69,Female,Neurology,Emergency,Diabetes with Complications,3,0,7,2,2,Home,2025-06-02,64,High,1
P-3323,88,Male,General Medicine,Elective,Heart Failure,1,0,3,1,4,Home,2025-03-10,42,Medium,0
P-3324,61,Female,Cardiology,Emergency,Diabetes with Complications,2,0,7,3,11,Home Health Care,2025-09-03,68,High,1
P-3325,72,Male,Emergency,Emergency,Sepsis,0,1,7,1,7,Home,2025-04-12,46,Medium,1
P-3326,44,Male,General Medicine,Emergency,Acute Kidney Injury,2,0,1,4,4,Home,2025-12-27,39,Medium,0
P-3327,55,Male,General Medicine,Emergency,COPD,0,1,8,1,1,Home,2025-08-13,31,Medium,0
P-3328,73,Female,Cardiology,Emergency,Hip Fracture,1,0,11,2,4,Home,2025-07-30,64,High,1
P-3329,75,Female,ICU,Emergency,Acute Kidney Injury,1,1,7,2,6,Home Health Care,2025-09-25,62,High,1
P-3330,57,Female,General Medicine,Transfer,COPD,2,1,6,3,6,Against Medical Advice,2025-02-02,63,High,1
P-3331,60,Female,Cardiology,Urgent,Hip Fracture,2,1,2,0,7,Home,2025-09-01,34,Medium,0
P-3332,37,Male,Emergency,Elective,Heart Failure,1,3,5,1,7,Home,2025-06-07,39,Medium,1
P-3333,56,Male,General Medicine,Emergency,Gastrointestinal Bleed,1,1,5,2,3,Home,2025-02-20,40,Medium,0
P-3334,76,Female,General Medicine,Elective,Diabetes with Complications,1,1,3,5,5,Home,2025-06-22,69,High,1
P-3335,71,Female,ICU,Emergency,Hip Fracture,4,1,1,2,3,Home,2025-06-07,64,High,1
P-3336,70,Female,Cardiology,Elective,Gastrointestinal Bleed,2,0,3,2,8,Home,2025-09-29,52,Medium,0
P-3337,62,Male,Cardiology,Emergency,Hypertension,0,0,12,1,2,Skilled Nursing Facility,2025-12-31,42,Medium,0
P-3338,62,Male,Cardiology,Urgent,Hip Fracture,2,0,7,3,1,Skilled Nursing Facility,2025-12-07,57,Medium,0
P-3339,51,Male,General Medicine,Urgent,Gastrointestinal Bleed,2,0,2,2,10,Home,2025-05-17,40,Medium,0
P-3340,73,Male,Emergency,Emergency,COPD,3,1,1,1,9,Home,2025-03-23,57,Medium,1
P-3341,68,Male,Cardiology,Emergency,Diabetes with Complications,0,0,3,5,8,Home,2025-05-07,54,Medium,1
P-3342,69,Female,ICU,Elective,Pneumonia,2,0,7,0,5,Home,2025-06-09,45,Medium,0
P-3343,53,Female,Cardiology,Emergency,Hip Fracture,1,1,6,3,7,Home Health Care,2025-02-01,53,Medium,1
P-3344,27,Female,Pediatrics,Urgent,Acute Kidney Injury,1,0,10,3,5,Home,2025-07-07,40,Medium,0
P-3345,79,Male,Emergency,Emergency,COPD,0,0,2,0,2,Home,2025-05-01,20,Low,0
P-3346,54,Male,Orthopedics,Emergency,Pneumonia,1,0,4,0,1,Home,2025-08-20,19,Low,1
P-3347,48,Female,Orthopedics,Elective,Pneumonia,0,0,2,3,4,Skilled Nursing Facility,2025-06-13,23,Low,0
P-3348,73,Female,Emergency,Emergency,Hypertension,0,0,7,1,1,Home,2025-11-22,33,Medium,0
P-3349,55,Female,General Medicine,Emergency,Hypertension,1,0,3,2,8,Home Health Care,2025-11-19,34,Medium,0
P-3350,78,Female,Cardiology,Elective,Stroke,0,0,3,2,5,Home,2025-12-06,36,Medium,0
P-3351,71,Female,General Medicine,Elective,Hip Fracture,1,1,8,0,6,Home Health Care,2025-05-13,48,Medium,0
P-3352,72,Male,Cardiology,Elective,Acute Kidney Injury,1,0,6,1,11,Home,2025-02-17,50,Medium,0
P-3353,40,Male,Orthopedics,Elective,Hip Fracture,2,1,3,2,2,Home Health Care,2025-11-09,33,Medium,0
P-3354,81,Female,ICU,Emergency,Gastrointestinal Bleed,4,1,3,3,12,Home Health Care,2025-07-08,86,High,1
P-3355,66,Male,General Medicine,Emergency,COPD,1,1,6,0,6,Home,2025-12-25,39,Medium,1
P-3356,56,Male,ICU,Emergency,Diabetes with Complications,3,1,13,1,7,Home,2025-03-05,77,High,1
P-3357,64,Male,Orthopedics,Transfer,Acute Kidney Injury,1,1,3,0,6,Home,2025-05-19,30,Low,0
P-3358,33,Male,Emergency,Emergency,Diabetes with Complications,1,0,1,0,4,Home Health Care,2025-09-30,10,Low,0
P-3359,68,Female,General Medicine,Emergency,Hypertension,1,1,10,0,5,Home Health Care,2025-05-28,51,Medium,1
P-3360,45,Male,Emergency,Urgent,Diabetes with Complications,0,1,1,3,5,Home Health Care,2025-08-24,25,Low,0
P-3361,40,Male,Emergency,Transfer,Sepsis,1,1,11,0,4,Home Health Care,2025-08-10,36,Medium,1
P-3362,37,Female,General Medicine,Urgent,Hypertension,3,0,8,1,11,Home,2025-05-24,52,Medium,0
P-3363,79,Female,Neurology,Emergency,Hypertension,3,1,5,2,7,Home,2025-11-09,75,High,1
P-3364,51,Female,ICU,Elective,Heart Failure,0,1,9,3,10,Home,2025-05-12,56,Medium,1
P-3365,86,Female,Neurology,Emergency,Diabetes with Complications,4,1,2,4,4,Home,2025-07-31,84,High,1
P-3366,53,Female,General Medicine,Urgent,Acute Kidney Injury,0,0,9,3,9,Home,2025-12-28,50,Medium,1
P-3367,34,Female,Orthopedics,Emergency,Hypertension,2,1,4,2,12,Home Health Care,2025-02-04,44,Medium,1
P-3368,44,Male,Emergency,Emergency,Acute Kidney Injury,4,2,1,1,9,Skilled Nursing Facility,2025-06-15,54,Medium,0
P-3369,81,Male,Emergency,Emergency,Hypertension,0,0,2,2,5,Home Health Care,2025-05-29,35,Medium,1
P-3370,59,Female,Orthopedics,Emergency,Pneumonia,3,1,8,2,10,Home,2025-08-01,75,High,1
P-3371,53,Female,Emergency,Elective,Acute Kidney Injury,1,1,9,0,7,Home,2025-05-22,41,Medium,1
P-3372,64,Female,Emergency,Urgent,Gastrointestinal Bleed,0,1,10,2,15,Home,2025-11-26,66,High,1
P-3373,70,Female,ICU,Elective,Diabetes with Complications,1,0,1,2,6,Home,2025-10-13,35,Medium,0
P-3374,79,Female,Cardiology,Emergency,Sepsis,3,1,11,1,10,Home,2025-06-26,84,High,1
P-3375,85,Male,General Medicine,Urgent,Hip Fracture,0,0,4,2,3,Home,2025-12-31,40,Medium,0
P-3376,56,Male,General Medicine,Emergency,Pneumonia,1,2,23,1,7,Home,2025-05-03,87,High,1
P-3377,40,Male,General Medicine,Emergency,Diabetes with Complications,2,1,3,2,8,Home Health Care,2025-08-02,39,Medium,0
P-3378,55,Male,Cardiology,Emergency,Heart Failure,1,0,2,1,10,Home,2025-03-11,28,Low,0
P-3379,66,Male,Emergency,Emergency,Heart Failure,0,1,1,0,6,Home,2025-06-19,20,Low,0
P-3380,46,Male,Emergency,Emergency,COPD,2,0,5,2,1,Home Health Care,2025-10-06,35,Medium,0
P-3381,46,Female,Emergency,Emergency,Sepsis,4,0,1,8,6,Home Health Care,2025-08-27,82,High,1
P-3382,67,Female,Orthopedics,Urgent,Stroke,4,1,9,1,2,Home,2025-10-03,75,High,1
P-3383,61,Female,General Medicine,Urgent,Hip Fracture,1,0,2,2,8,Home,2025-09-30,35,Medium,0
P-3384,62,Male,ICU,Emergency,Hip Fracture,0,0,5,2,4,Home Health Care,2025-05-08,31,Medium,0
P-3385,49,Male,Orthopedics,Emergency,Hypertension,4,2,4,2,6,Home,2025-03-18,68,High,1
P-3386,58,Female,Emergency,Emergency,Heart Failure,3,2,5,1,8,Skilled Nursing Facility,2025-10-26,64,High,1
P-3387,47,Male,General Medicine,Emergency,Hip Fracture,3,1,1,1,2,Home,2025-09-08,33,Medium,0
P-3388,76,Female,Cardiology,Emergency,Hypertension,3,2,1,3,8,Home,2025-08-18,75,High,1
P-3389,78,Male,General Medicine,Emergency,Heart Failure,0,0,11,0,5,Home,2025-08-28,46,Medium,1
P-3390,32,Female,Cardiology,Elective,Pneumonia,0,1,3,2,6,Home,2025-08-31,19,Low,1
P-3391,47,Male,Emergency,Elective,Acute Kidney Injury,1,2,4,0,7,Skilled Nursing Facility,2025-12-21,30,Low,0
P-3392,38,Male,ICU,Emergency,Hypertension,2,0,3,4,1,Home Health Care,2025-08-14,37,Medium,1
P-3393,51,Male,Cardiology,Elective,Hypertension,1,0,11,3,10,Home Health Care,2025-08-02,64,High,1
P-3394,60,Female,ICU,Elective,Hip Fracture,3,0,2,4,7,Home,2025-12-18,64,High,1
P-3395,38,Male,Cardiology,Emergency,Hip Fracture,6,1,9,5,5,Rehab,2025-09-29,91,High,1
P-3396,47,Female,Cardiology,Emergency,Sepsis,1,0,1,1,3,Home Health Care,2025-10-15,16,Low,1
P-3397,45,Male,General Medicine,Urgent,COPD,0,0,9,1,9,Home,2025-10-27,32,Medium,0
P-3398,65,Male,ICU,Elective,COPD,1,1,11,4,9,Home,2025-06-13,80,High,1
P-3399,63,Female,General Medicine,Emergency,Hip Fracture,0,3,8,0,3,Home,2025-05-15,43,Medium,1
P-3400,50,Female,Cardiology,Elective,Pneumonia,1,0,2,5,6,Home,2025-11-17,46,Medium,0
P-3401,64,Female,Neurology,Emergency,Hip Fracture,0,0,1,1,1,Skilled Nursing Facility,2025-06-25,16,Low,0
P-3402,53,Male,Neurology,Elective,COPD,0,0,4,4,8,Home,2025-06-26,41,Medium,0
P-3403,57,Male,Cardiology,Emergency,Hypertension,4,1,5,1,9,Home,2025-06-16,67,High,1
P-3404,88,Female,General Medicine,Emergency,Gastrointestinal Bleed,0,0,8,3,7,Home,2025-05-04,66,High,1
P-3405,83,Male,ICU,Elective,Diabetes with Complications,3,0,4,3,1,Home,2025-12-06,69,High,1
P-3406,41,Female,Neurology,Elective,Hypertension,0,0,4,1,3,Home,2025-04-12,15,Low,0
P-3407,75,Male,Emergency,Emergency,Heart Failure,2,1,13,0,2,Home,2025-04-20,69,High,1
P-3408,74,Female,ICU,Emergency,COPD,0,1,1,3,4,Home,2025-08-09,39,Medium,1
P-3409,43,Male,Emergency,Emergency,Gastrointestinal Bleed,0,2,2,4,11,Home,2025-05-18,45,Medium,1
P-3410,75,Male,ICU,Emergency,Stroke,2,1,3,4,13,Home,2025-07-19,78,High,1
P-3411,86,Female,Emergency,Emergency,Gastrointestinal Bleed,1,1,5,1,5,Skilled Nursing Facility,2025-08-23,54,Medium,1
P-3412,44,Female,General Medicine,Elective,Gastrointestinal Bleed,0,2,1,2,1,Home,2025-03-04,20,Low,0
P-3413,47,Female,Emergency,Emergency,Hypertension,1,0,10,3,1,Home,2025-08-09,48,Medium,1
P-3414,78,Female,Emergency,Elective,Gastrointestinal Bleed,3,0,2,2,4,Rehab,2025-10-23,57,Medium,1
P-3415,66,Female,Cardiology,Elective,Gastrointestinal Bleed,1,1,1,1,1,Home,2025-10-22,27,Low,0
P-3416,70,Female,Cardiology,Emergency,Stroke,0,2,5,1,8,Home,2025-12-30,46,Medium,0
P-3417,67,Female,Cardiology,Elective,Hip Fracture,0,0,1,1,11,Home,2025-02-07,25,Low,0
P-3418,68,Female,Orthopedics,Transfer,Diabetes with Complications,2,0,2,3,10,Home Health Care,2025-08-25,57,Medium,0
P-3419,40,Male,Cardiology,Emergency,Gastrointestinal Bleed,1,2,9,1,10,Home,2025-11-20,50,Medium,0
P-3420,78,Female,General Medicine,Urgent,Diabetes with Complications,0,1,8,1,14,Home,2025-12-24,61,High,0
P-3421,80,Female,Emergency,Elective,Hip Fracture,2,2,2,2,8,Home,2025-09-29,67,High,0
P-3422,58,Female,Cardiology,Elective,Diabetes with Complications,3,2,3,2,5,Home,2025-05-07,62,High,1
P-3423,61,Female,General Medicine,Emergency,Hip Fracture,0,0,4,2,7,Skilled Nursing Facility,2025-01-04,31,Medium,1
P-3424,37,Male,Emergency,Elective,Pneumonia,1,2,4,5,1,Home,2025-01-13,50,Medium,0
P-3425,70,Male,Emergency,Emergency,Diabetes with Complications,1,1,2,1,2,Home,2025-04-28,33,Medium,1
P-3426,71,Male,General Medicine,Elective,Sepsis,0,0,4,2,4,Home,2025-10-05,34,Medium,1
P-3427,61,Male,Emergency,Urgent,Sepsis,1,1,7,4,9,Rehab,2025-12-28,70,High,1
P-3428,79,Female,Emergency,Emergency,Heart Failure,6,1,6,1,2,Home Health Care,2025-09-15,85,High,0
P-3429,56,Female,General Medicine,Emergency,Stroke,0,0,14,0,4,Home,2025-10-08,40,Medium,0
P-3430,71,Female,General Medicine,Emergency,Heart Failure,2,0,2,2,8,Rehab,2025-11-22,49,Medium,0
P-3431,45,Female,ICU,Emergency,COPD,1,0,6,6,8,Home,2025-11-11,64,High,0
P-3432,61,Male,Emergency,Urgent,Sepsis,1,1,14,4,4,Against Medical Advice,2025-03-26,81,High,1
P-3433,59,Female,ICU,Emergency,Hip Fracture,2,1,1,3,5,Home,2025-05-28,48,Medium,1
P-3434,65,Female,Cardiology,Emergency,Hip Fracture,2,1,4,0,4,Against Medical Advice,2025-11-08,39,Medium,1
P-3435,56,Male,General Medicine,Emergency,Hypertension,1,0,19,3,14,Home,2025-05-21,87,High,0
P-3436,59,Female,Orthopedics,Urgent,Stroke,1,2,1,1,9,Home Health Care,2025-03-28,37,Medium,0
P-3437,75,Female,Orthopedics,Emergency,Acute Kidney Injury,1,1,3,2,3,Home Health Care,2025-05-12,46,Medium,1
P-3438,55,Male,ICU,Transfer,Sepsis,5,0,1,1,7,Home Health Care,2025-03-04,54,Medium,0
P-3439,36,Female,Emergency,Elective,Hip Fracture,1,2,4,0,5,Home Health Care,2025-06-22,23,Low,0
P-3440,89,Female,General Medicine,Urgent,Pneumonia,4,0,9,1,2,Home,2025-05-14,80,High,1
P-3441,84,Male,Cardiology,Emergency,Sepsis,1,1,2,1,11,Home,2025-09-04,52,Medium,0
P-3442,41,Female,General Medicine,Emergency,COPD,0,0,2,3,4,Home,2025-03-01,20,Low,0
P-3443,73,Male,General Medicine,Emergency,Pneumonia,0,0,4,1,4,Home Health Care,2025-10-12,29,Low,0
P-3444,53,Male,Neurology,Emergency,Pneumonia,0,1,2,2,4,Home Health Care,2025-08-02,25,Low,0
P-3445,66,Female,ICU,Elective,COPD,1,0,8,1,1,Home,2025-02-03,40,Medium,0
P-3446,66,Male,Cardiology,Emergency,Sepsis,2,1,1,2,6,Home,2025-08-29,47,Medium,0
P-3447,58,Female,Orthopedics,Emergency,Heart Failure,1,3,12,2,9,Home,2025-04-26,79,High,1
P-3448,49,Male,General Medicine,Elective,Diabetes with Complications,2,2,8,3,5,Home Health Care,2025-04-27,68,High,1
P-3449,50,Male,Orthopedics,Emergency,COPD,1,0,1,4,7,Skilled Nursing Facility,2025-01-25,38,Medium,1
P-3450,47,Female,ICU,Emergency,Hypertension,0,1,2,2,8,Home,2025-07-11,25,Low,0
P-3451,48,Male,General Medicine,Emergency,Gastrointestinal Bleed,3,2,12,1,10,Rehab,2025-04-11,78,High,1
P-3452,60,Male,General Medicine,Elective,Hip Fracture,1,0,9,2,5,Rehab,2025-05-28,51,Medium,1
P-3453,50,Female,ICU,Emergency,Hypertension,0,0,4,1,5,Home,2025-10-20,19,Low,0
P-3454,72,Female,Emergency,Elective,Hip Fracture,1,1,4,3,5,Home,2025-08-04,57,Medium,1
P-3455,85,Female,General Medicine,Emergency,Stroke,2,1,1,1,7,Home,2025-07-30,53,Medium,1
P-3456,52,Female,Cardiology,Emergency,Sepsis,2,0,8,4,3,Home,2025-07-05,63,High,1
P-3457,65,Female,Cardiology,Urgent,Stroke,1,1,1,0,9,Home Health Care,2025-10-22,29,Low,0
P-3458,69,Female,General Medicine,Elective,Sepsis,1,1,5,2,5,Home,2025-07-31,51,Medium,1
P-3459,69,Male,Emergency,Elective,Pneumonia,2,1,1,1,11,Home,2025-12-20,48,Medium,1
P-3460,63,Male,Orthopedics,Elective,Sepsis,1,2,3,2,8,Home,2025-06-01,51,Medium,1
P-3461,73,Male,Emergency,Emergency,Stroke,3,0,3,2,4,Home,2025-11-13,57,Medium,0
P-3462,69,Male,Cardiology,Urgent,Sepsis,2,0,3,1,6,Home Health Care,2025-03-12,42,Medium,1
P-3463,42,Female,Pediatrics,Elective,Diabetes with Complications,2,0,4,3,8,Home,2025-03-05,44,Medium,1
P-3464,75,Female,Neurology,Elective,Sepsis,0,0,1,3,12,Skilled Nursing Facility,2025-10-09,43,Medium,0
P-3465,76,Female,ICU,Urgent,Diabetes with Complications,2,1,2,2,2,Home,2025-06-04,51,Medium,0
P-3466,49,Male,General Medicine,Emergency,Heart Failure,0,1,1,2,11,Home,2025-11-13,27,Low,0
P-3467,62,Male,Cardiology,Elective,Hypertension,1,2,5,2,9,Skilled Nursing Facility,2025-06-17,58,Medium,1
P-3468,72,Male,ICU,Transfer,Hypertension,0,2,1,2,8,Home,2025-09-01,42,Medium,0
P-3469,58,Female,Cardiology,Emergency,Hypertension,3,1,5,1,8,Home,2025-05-07,58,Medium,1
P-3470,79,Male,Cardiology,Emergency,Acute Kidney Injury,1,0,17,0,3,Against Medical Advice,2025-04-11,69,High,1
P-3471,95,Female,Orthopedics,Elective,COPD,4,3,10,3,9,Home,2025-06-29,96,High,1
P-3472,49,Male,General Medicine,Emergency,Gastrointestinal Bleed,1,0,2,2,10,Home,2025-07-30,30,Low,1
P-3473,39,Female,Pediatrics,Urgent,Gastrointestinal Bleed,1,0,2,4,12,Home,2025-12-05,40,Medium,1
P-3474,66,Female,General Medicine,Emergency,Gastrointestinal Bleed,1,0,15,2,7,Skilled Nursing Facility,2025-11-20,73,High,1
P-3475,73,Female,Emergency,Elective,Pneumonia,0,0,3,1,7,Home,2025-05-14,29,Low,0
P-3476,58,Male,General Medicine,Emergency,Hypertension,0,0,2,2,9,Home,2025-10-28,27,Low,1
P-3477,85,Male,Pediatrics,Emergency,Pneumonia,0,0,1,0,6,Skilled Nursing Facility,2025-06-05,24,Low,1
P-3478,40,Male,General Medicine,Urgent,Pneumonia,3,0,1,3,5,Home,2025-12-19,39,Medium,0
P-3479,73,Female,General Medicine,Elective,Hypertension,3,1,7,4,9,Against Medical Advice,2025-11-12,86,High,1
P-3480,52,Male,Neurology,Emergency,Acute Kidney Injury,1,0,2,1,6,Home,2025-05-16,23,Low,0
P-3481,89,Male,Cardiology,Emergency,Sepsis,3,0,1,2,9,Home,2025-01-01,67,High,1
P-3482,93,Female,General Medicine,Elective,Sepsis,1,0,2,0,3,Home,2025-01-09,35,Medium,1
P-3483,49,Female,Orthopedics,Urgent,Pneumonia,2,0,12,3,4,Home,2025-03-23,67,High,1
P-3484,53,Female,Pediatrics,Elective,Diabetes with Complications,1,1,5,2,10,Home,2025-01-16,47,Medium,1
P-3485,75,Female,Cardiology,Elective,Sepsis,3,0,7,3,11,Home,2025-06-01,81,High,1
P-3486,55,Female,Emergency,Emergency,COPD,1,1,6,5,10,Home,2025-01-19,71,High,1
P-3487,61,Female,General Medicine,Urgent,Gastrointestinal Bleed,1,1,14,1,7,Home,2025-08-30,68,High,0
P-3488,62,Female,Cardiology,Elective,Diabetes with Complications,0,0,6,1,8,Rehab,2025-03-24,32,Medium,0
P-3489,31,Male,General Medicine,Emergency,COPD,1,0,1,1,9,Home,2025-10-05,15,Low,0
P-3490,61,Female,Cardiology,Emergency,Diabetes with Complications,0,1,2,1,1,Home,2025-05-11,21,Low,0
P-3491,50,Female,Emergency,Elective,Acute Kidney Injury,3,2,6,2,4,Home Health Care,2025-06-11,64,High,1
P-3492,54,Male,Emergency,Urgent,Pneumonia,2,1,2,3,11,Home Health Care,2025-04-22,56,Medium,0
P-3493,85,Female,Emergency,Elective,COPD,1,2,8,3,9,Home Health Care,2025-06-30,82,High,1
P-3494,41,Male,Emergency,Urgent,Gastrointestinal Bleed,4,1,10,1,1,Home Health Care,2025-05-22,62,High,1
P-3495,75,Male,Emergency,Emergency,Hypertension,4,1,3,6,6,Rehab,2025-07-23,90,High,1
P-3496,57,Female,Cardiology,Elective,Acute Kidney Injury,1,0,3,4,4,Home Health Care,2025-04-02,44,Medium,1
P-3497,57,Female,Cardiology,Urgent,Gastrointestinal Bleed,2,0,1,4,7,Skilled Nursing Facility,2025-03-10,50,Medium,1
P-3498,74,Female,ICU,Emergency,Acute Kidney Injury,1,2,13,6,7,Home,2025-08-17,93,High,1
P-3499,67,Male,Cardiology,Emergency,Hypertension,3,1,4,3,2,Home Health Care,2025-04-10,67,High,0
P-3500,71,Female,General Medicine,Elective,Gastrointestinal Bleed,1,0,6,0,14,Home,2025-06-09,46,Medium,0
P-3501,77,Male,General Medicine,Urgent,Hip Fracture,3,0,1,2,3,Home,2025-12-07,53,Medium,0
P-3502,56,Male,Cardiology,Emergency,Heart Failure,3,0,4,2,8,Home,2025-10-23,55,Medium,1
P-3503,52,Male,Cardiology,Emergency,Pneumonia,2,1,7,2,8,Home,2025-10-23,59,Medium,1
P-3504,44,Male,General Medicine,Emergency,Acute Kidney Injury,2,0,5,1,10,Home,2025-02-23,37,Medium,1
P-3505,48,Male,Emergency,Emergency,Pneumonia,3,0,3,4,7,Home,2025-04-21,59,Medium,1
P-3506,95,Female,Pediatrics,Emergency,Hypertension,1,0,5,1,7,Home,2025-06-27,56,Medium,1
P-3507,81,Female,General Medicine,Elective,Heart Failure,0,2,25,4,1,Home,2025-06-02,95,High,1
P-3508,40,Female,Emergency,Urgent,Diabetes with Complications,1,3,6,2,3,Skilled Nursing Facility,2025-05-11,46,Medium,0
P-3509,40,Female,Cardiology,Elective,Diabetes with Complications,0,4,4,2,13,Home,2025-01-26,50,Medium,0
P-3510,69,Male,Emergency,Emergency,COPD,3,0,9,4,2,Home,2025-06-17,80,High,1
P-3511,70,Female,ICU,Urgent,Sepsis,2,1,3,1,4,Home,2025-07-12,46,Medium,1
P-3512,70,Female,Cardiology,Elective,Diabetes with Complications,0,1,3,0,1,Skilled Nursing Facility,2025-05-26,22,Low,0
P-3513,57,Male,Cardiology,Emergency,Sepsis,0,2,4,2,7,Rehab,2025-07-08,40,Medium,1
P-3514,59,Female,General Medicine,Emergency,Heart Failure,2,0,2,3,5,Skilled Nursing Facility,2025-04-18,45,Medium,0
P-3515,67,Male,Emergency,Elective,Hip Fracture,1,0,1,1,5,Home,2025-10-17,26,Low,0
P-3516,63,Male,ICU,Elective,Pneumonia,0,0,3,3,3,Home,2025-01-11,32,Medium,0
P-3517,26,Female,General Medicine,Elective,Hip Fracture,2,0,6,2,8,Rehab,2025-03-31,34,Medium,0
P-3518,58,Female,Emergency,Emergency,Pneumonia,0,0,4,4,9,Home,2025-01-15,45,Medium,0
P-3519,48,Female,Emergency,Urgent,Heart Failure,0,0,9,1,6,Home,2025-01-24,30,Low,0
P-3520,64,Male,Cardiology,Emergency,COPD,2,0,1,5,1,Home,2025-08-08,54,Medium,1
P-3521,95,Female,General Medicine,Elective,Pneumonia,2,0,2,1,7,Rehab,2025-02-08,56,Medium,1
P-3522,67,Female,Pediatrics,Elective,Hip Fracture,1,3,5,0,12,Home,2025-02-11,57,Medium,1
P-3523,56,Female,ICU,Emergency,Heart Failure,0,0,8,3,4,Rehab,2025-10-30,43,Medium,0
P-3524,76,Male,Cardiology,Emergency,Gastrointestinal Bleed,0,0,6,1,12,Home,2025-03-12,45,Medium,0
P-3525,69,Male,Cardiology,Emergency,Gastrointestinal Bleed,1,0,3,1,7,Home Health Care,2025-06-25,35,Medium,1
P-3526,68,Female,Cardiology,Emergency,Sepsis,1,1,10,2,5,Home,2025-11-29,65,High,1
P-3527,71,Male,Emergency,Emergency,Acute Kidney Injury,0,0,6,3,4,Home,2025-02-05,46,Medium,0
P-3528,94,Male,Orthopedics,Elective,Acute Kidney Injury,3,2,9,2,8,Home Health Care,2025-07-30,90,High,1
P-3529,43,Male,Neurology,Elective,Sepsis,1,1,11,2,4,Home,2025-02-09,51,Medium,1
P-3530,69,Female,Cardiology,Elective,Stroke,1,0,4,1,5,Home Health Care,2025-07-31,35,Medium,1
P-3531,47,Female,Emergency,Elective,Hip Fracture,0,0,4,3,4,Rehab,2025-05-14,27,Low,0
P-3532,70,Female,General Medicine,Urgent,Pneumonia,3,1,5,4,5,Home,2025-02-08,79,High,1
P-3533,47,Male,Emergency,Urgent,Hypertension,2,1,17,2,3,Home,2025-11-02,76,High,1
P-3534,55,Female,Emergency,Emergency,Heart Failure,1,0,8,0,8,Home Health Care,2025-03-12,35,Medium,0
P-3535,57,Male,Cardiology,Elective,Acute Kidney Injury,1,0,1,1,6,Skilled Nursing Facility,2025-12-05,23,Low,0
P-3536,77,Female,Emergency,Emergency,Heart Failure,1,1,3,2,2,Home Health Care,2025-05-09,46,Medium,0
P-3537,76,Male,Emergency,Emergency,Diabetes with Complications,2,1,10,0,3,Home,2025-03-02,62,High,0
P-3538,42,Male,General Medicine,Elective,Hip Fracture,1,0,1,0,1,Home Health Care,2025-01-20,11,Low,0
P-3539,62,Male,General Medicine,Emergency,Pneumonia,2,1,5,3,10,Home,2025-04-05,68,High,1
P-3540,50,Female,Cardiology,Elective,Hypertension,0,0,14,5,7,Home,2025-05-05,73,High,0
P-3541,41,Female,ICU,Emergency,COPD,2,2,2,2,6,Home,2025-05-25,41,Medium,0
P-3542,58,Male,Neurology,Emergency,Sepsis,0,0,6,4,5,Skilled Nursing Facility,2025-08-07,46,Medium,1
P-3543,57,Male,Emergency,Urgent,Hip Fracture,1,2,2,1,5,Home,2025-05-05,34,Medium,1
P-3544,95,Male,Orthopedics,Emergency,Heart Failure,1,1,5,3,7,Home,2025-09-25,74,High,1
P-3545,68,Female,ICU,Emergency,Diabetes with Complications,0,1,13,2,9,Home,2025-02-12,69,High,0
P-3546,39,Male,Emergency,Emergency,Sepsis,2,0,3,4,11,Home,2025-04-20,50,Medium,0
P-3547,52,Male,Emergency,Transfer,Hip Fracture,1,1,15,3,9,Skilled Nursing Facility,2025-07-25,78,High,0
P-3548,78,Female,Orthopedics,Emergency,Hip Fracture,3,1,3,2,8,Home,2025-05-04,70,High,1
P-3549,95,Female,ICU,Emergency,Pneumonia,0,1,3,4,1,Home,2025-10-28,61,High,1
P-3550,36,Male,Cardiology,Elective,COPD,2,0,7,1,7,Home Health Care,2025-01-05,35,Medium,0
P-3551,31,Male,Emergency,Elective,Hypertension,1,0,3,5,11,Home Health Care,2025-05-29,43,Medium,1
P-3552,91,Female,Orthopedics,Urgent,COPD,0,0,2,4,8,Home Health Care,2025-12-12,58,Medium,1
P-3553,68,Female,Neurology,Emergency,COPD,1,2,1,1,6,Skilled Nursing Facility,2025-07-23,39,Medium,0
P-3554,48,Male,Pediatrics,Transfer,Diabetes with Complications,1,1,1,3,1,Home,2025-10-30,29,Low,1
P-3555,70,Female,Pediatrics,Elective,Sepsis,0,1,9,1,3,Home,2025-08-02,45,Medium,0
P-3556,19,Female,ICU,Emergency,Hip Fracture,3,0,3,2,1,Home Health Care,2025-12-15,23,Low,1
P-3557,62,Female,ICU,Emergency,Gastrointestinal Bleed,1,0,5,3,4,Home,2025-06-08,46,Medium,0
P-3558,67,Male,Cardiology,Urgent,Heart Failure,2,2,3,3,4,Skilled Nursing Facility,2025-12-16,64,High,1
P-3559,76,Female,Emergency,Elective,Heart Failure,1,1,3,4,6,Home Health Care,2025-05-09,64,High,1
P-3560,45,Female,Orthopedics,Elective,Gastrointestinal Bleed,2,0,3,2,6,Home Health Care,2025-09-27,34,Medium,1
P-3561,63,Female,Orthopedics,Elective,COPD,1,1,1,0,6,Skilled Nursing Facility,2025-11-23,25,Low,0
P-3562,47,Female,Cardiology,Elective,Stroke,1,1,6,3,7,Home,2025-04-19,50,Medium,1
P-3563,66,Male,General Medicine,Emergency,Diabetes with Complications,2,0,4,3,10,Home Health Care,2025-06-19,62,High,1
P-3564,47,Male,Neurology,Emergency,Hypertension,1,0,1,4,16,Home Health Care,2025-10-03,47,Medium,0
P-3565,55,Male,Emergency,Elective,Heart Failure,2,0,5,1,8,Skilled Nursing Facility,2025-07-08,41,Medium,0
P-3566,46,Female,Cardiology,Emergency,Stroke,0,0,2,2,10,Home,2025-10-19,22,Low,0
P-3567,72,Female,Emergency,Emergency,Sepsis,1,0,1,0,7,Home,2025-07-01,25,Low,0
P-3568,75,Female,Emergency,Elective,Pneumonia,0,1,17,4,6,Home,2025-11-18,87,High,1
P-3569,58,Female,General Medicine,Emergency,Hypertension,0,1,1,4,6,Skilled Nursing Facility,2025-07-24,39,Medium,1
P-3570,62,Male,Emergency,Emergency,COPD,0,0,6,4,7,Home,2025-10-26,51,Medium,1
P-3571,38,Male,ICU,Urgent,Heart Failure,3,0,6,1,6,Home,2025-06-27,40,Medium,0
P-3572,57,Female,Pediatrics,Elective,Stroke,1,1,4,3,9,Home,2025-11-15,52,Medium,1
P-3573,61,Female,Emergency,Emergency,Gastrointestinal Bleed,0,1,1,4,7,Home Health Care,2025-09-26,42,Medium,0
P-3574,95,Male,Emergency,Urgent,Heart Failure,2,1,2,4,8,Home,2025-06-04,80,High,1
P-3575,44,Male,Pediatrics,Elective,Diabetes with Complications,1,0,1,4,2,Rehab,2025-04-20,29,Low,0
P-3576,85,Male,Cardiology,Emergency,Diabetes with Complications,1,1,19,1,4,Skilled Nursing Facility,2025-04-10,86,High,1
P-3577,77,Male,Cardiology,Emergency,Sepsis,1,0,1,2,7,Home,2025-10-06,40,Medium,0
P-3578,66,Male,Orthopedics,Emergency,Acute Kidney Injury,1,0,1,5,1,Home,2025-03-07,47,Medium,1
P-3579,90,Female,Cardiology,Urgent,Sepsis,1,0,2,5,1,Home Health Care,2025-08-31,64,High,0
P-3580,67,Male,General Medicine,Emergency,Heart Failure,2,1,7,0,7,Skilled Nursing Facility,2025-05-07,53,Medium,0
P-3581,68,Male,Cardiology,Elective,Sepsis,2,0,9,4,12,Home Health Care,2025-05-26,82,High,1
P-3582,61,Female,ICU,Urgent,Sepsis,3,0,6,2,4,Against Medical Advice,2025-09-12,59,Medium,1
P-3583,81,Female,Emergency,Emergency,Stroke,1,0,3,2,2,Home,2025-03-13,42,Medium,1
P-3584,79,Male,Cardiology,Emergency,Diabetes with Complications,3,0,8,2,6,Home,2025-08-29,76,High,1
P-3585,51,Female,General Medicine,Emergency,Sepsis,1,2,6,1,5,Home,2025-03-06,42,Medium,0
P-3586,40,Male,General Medicine,Emergency,Gastrointestinal Bleed,2,0,23,2,1,Home Health Care,2025-08-04,80,High,1
P-3587,58,Female,Neurology,Elective,Gastrointestinal Bleed,3,0,3,4,3,Home,2025-10-08,61,High,0
P-3588,49,Female,General Medicine,Elective,Diabetes with Complications,1,2,1,1,3,Home,2025-03-18,25,Low,0
P-3589,60,Female,Cardiology,Emergency,Acute Kidney Injury,0,2,1,3,11,Skilled Nursing Facility,2025-09-28,45,Medium,1
P-3590,81,Male,Orthopedics,Emergency,Stroke,3,1,5,3,6,Home Health Care,2025-10-26,80,High,1
P-3591,54,Female,General Medicine,Emergency,Acute Kidney Injury,1,1,13,0,1,Home,2025-05-03,47,Medium,1
P-3592,61,Female,General Medicine,Transfer,Pneumonia,3,2,7,2,4,Skilled Nursing Facility,2025-02-19,73,High,1
P-3593,62,Male,Orthopedics,Elective,Heart Failure,3,1,6,4,4,Home,2025-03-13,77,High,1
P-3594,75,Male,General Medicine,Elective,Stroke,2,0,4,3,3,Home,2025-05-25,59,Medium,0
P-3595,26,Female,Emergency,Emergency,Hip Fracture,2,0,1,2,5,Home,2025-02-08,19,Low,0
P-3596,52,Female,General Medicine,Emergency,Sepsis,2,1,2,3,11,Skilled Nursing Facility,2025-12-22,54,Medium,0
P-3597,65,Male,Cardiology,Emergency,Stroke,2,3,2,2,6,Home Health Care,2025-05-02,62,High,1
P-3598,81,Female,Cardiology,Transfer,Gastrointestinal Bleed,2,1,5,1,6,Home,2025-02-02,61,High,1
P-3599,54,Male,General Medicine,Elective,Diabetes with Complications,1,0,9,1,8,Home,2025-10-18,44,Medium,0
P-3600,31,Male,Cardiology,Elective,Acute Kidney Injury,1,2,1,3,6,Home Health Care,2025-05-20,31,Medium,0
P-3601,71,Female,ICU,Elective,Pneumonia,2,1,1,0,4,Home,2025-12-10,34,Medium,1
P-3602,51,Male,ICU,Emergency,Diabetes with Complications,1,0,4,4,5,Against Medical Advice,2025-08-26,44,Medium,0
P-3603,42,Male,General Medicine,Emergency,Pneumonia,2,0,11,2,4,Home Health Care,2025-07-12,53,Medium,1
P-3604,52,Male,Emergency,Emergency,COPD,0,0,15,2,10,Home,2025-05-24,61,High,1
P-3605,59,Female,General Medicine,Emergency,Diabetes with Complications,0,2,3,0,7,Home Health Care,2025-02-09,27,Low,0
P-3606,52,Male,Emergency,Emergency,Diabetes with Complications,2,0,2,1,14,Home,2025-06-18,38,Medium,0
P-3607,26,Female,Emergency,Emergency,Hip Fracture,1,2,7,2,5,Rehab,2025-10-28,37,Medium,0
P-3608,76,Male,Emergency,Elective,Pneumonia,1,0,1,3,7,Home,2025-01-26,47,Medium,1
P-3609,82,Female,General Medicine,Urgent,Pneumonia,0,1,8,1,9,Home,2025-03-03,57,Medium,1
P-3610,72,Male,Emergency,Urgent,COPD,2,1,10,4,4,Home,2025-11-19,83,High,1
P-3611,43,Female,Pediatrics,Emergency,Acute Kidney Injury,0,0,2,2,6,Home,2025-10-08,18,Low,0
P-3612,58,Female,Neurology,Emergency,Pneumonia,0,1,1,2,8,Home,2025-03-29,28,Low,1
P-3613,61,Male,Orthopedics,Elective,Sepsis,1,0,1,2,13,Home,2025-11-13,38,Medium,0
P-3614,71,Male,Neurology,Urgent,Hypertension,0,0,5,4,6,Home,2025-10-05,52,Medium,0
P-3615,72,Male,Emergency,Transfer,Pneumonia,1,1,19,1,10,Home,2025-06-13,85,High,1
P-3616,50,Male,Emergency,Urgent,Hip Fracture,0,0,3,1,3,Skilled Nursing Facility,2025-10-11,16,Low,0
P-3617,63,Male,General Medicine,Elective,COPD,3,1,2,2,4,Home,2025-06-27,54,Medium,1
P-3618,69,Female,General Medicine,Emergency,Acute Kidney Injury,0,1,8,1,4,Rehab,2025-08-03,43,Medium,0
P-3619,85,Female,Orthopedics,Emergency,Pneumonia,2,0,6,1,13,Home,2025-01-21,68,High,1
P-3620,73,Male,General Medicine,Emergency,Acute Kidney Injury,1,0,1,2,10,Home,2025-02-22,41,Medium,0
P-3621,74,Male,Pediatrics,Elective,Stroke,3,1,2,0,8,Home Health Care,2025-02-22,52,Medium,0
P-3622,63,Male,Emergency,Emergency,Pneumonia,4,2,3,3,10,Home,2025-06-07,81,High,1
P-3623,84,Male,Orthopedics,Elective,Pneumonia,4,2,2,3,1,Home,2025-07-15,81,High,1
P-3624,68,Female,General Medicine,Elective,Heart Failure,2,1,10,1,5,Skilled Nursing Facility,2025-08-14,66,High,1
P-3625,48,Female,General Medicine,Emergency,Diabetes with Complications,1,0,1,2,7,Home,2025-10-07,25,Low,0
P-3626,84,Male,Emergency,Urgent,COPD,1,2,8,2,3,Home,2025-08-26,72,High,1
P-3627,73,Male,General Medicine,Emergency,Gastrointestinal Bleed,2,0,7,0,1,Home Health Care,2025-12-02,43,Medium,0
P-3628,54,Female,Neurology,Urgent,Pneumonia,5,1,1,2,2,Home,2025-09-30,61,High,0
P-3629,54,Male,Cardiology,Urgent,Hypertension,1,0,2,2,7,Home,2025-01-28,30,Low,0
P-3630,66,Male,General Medicine,Emergency,Acute Kidney Injury,2,1,4,5,8,Home,2025-06-17,76,High,0
P-3631,69,Female,Emergency,Emergency,Gastrointestinal Bleed,1,0,2,2,6,Home,2025-03-26,37,Medium,0
P-3632,65,Female,Pediatrics,Emergency,COPD,2,1,8,3,2,Home,2025-01-30,68,High,0
P-3633,66,Male,Emergency,Elective,COPD,1,1,1,3,4,Skilled Nursing Facility,2025-02-04,43,Medium,1
P-3634,89,Female,Cardiology,Emergency,Sepsis,1,2,1,5,6,Home,2025-12-03,77,High,1
P-3635,79,Male,Emergency,Urgent,Stroke,2,0,4,4,6,Home,2025-11-03,71,High,1
P-3636,65,Female,General Medicine,Emergency,Sepsis,2,1,1,3,18,Home,2025-04-28,68,High,1
P-3637,77,Male,ICU,Elective,COPD,0,0,23,1,7,Home,2025-10-04,83,High,1
P-3638,45,Female,General Medicine,Transfer,Stroke,0,1,4,8,5,Home,2025-01-05,66,High,1
P-3639,68,Female,Neurology,Elective,Hypertension,0,1,5,3,7,Home,2025-07-07,51,Medium,0
P-3640,90,Male,Orthopedics,Emergency,Pneumonia,1,0,2,2,13,Home Health Care,2025-03-26,59,Medium,1
P-3641,58,Female,ICU,Elective,Pneumonia,1,1,14,2,4,Skilled Nursing Facility,2025-11-20,69,High,0
P-3642,48,Female,Pediatrics,Emergency,Stroke,2,2,2,3,8,Home,2025-06-24,54,Medium,0
P-3643,51,Male,General Medicine,Emergency,Sepsis,0,2,1,2,9,Home,2025-09-20,31,Medium,1
P-3644,44,Female,Cardiology,Emergency,Diabetes with Complications,1,0,3,2,6,Skilled Nursing Facility,2025-01-07,26,Low,1
P-3645,49,Female,ICU,Emergency,Heart Failure,0,1,1,1,6,Rehab,2025-12-28,18,Low,0
P-3646,56,Female,Cardiology,Elective,Sepsis,0,1,15,4,1,Home,2025-11-03,72,High,0
P-3647,39,Male,Orthopedics,Emergency,Gastrointestinal Bleed,4,2,4,1,9,Home,2025-10-31,60,Medium,1
P-3648,62,Male,ICU,Elective,Pneumonia,2,2,5,1,6,Home,2025-09-08,56,Medium,1
P-3649,76,Male,Cardiology,Emergency,Gastrointestinal Bleed,2,0,3,4,6,Home,2025-05-02,66,High,1
P-3650,47,Male,General Medicine,Emergency,Sepsis,5,1,2,2,3,Home,2025-01-01,60,Medium,0
P-3651,86,Female,General Medicine,Emergency,COPD,2,0,1,2,12,Against Medical Advice,2025-11-14,61,High,1
P-3652,70,Male,General Medicine,Emergency,Hypertension,4,1,16,4,1,Home,2025-12-12,94,High,1
P-3653,78,Male,General Medicine,Emergency,Hypertension,2,1,2,2,1,Home,2025-12-08,51,Medium,1
P-3654,51,Male,ICU,Elective,Hypertension,0,0,1,3,7,Home Health Care,2025-03-30,25,Low,0
P-3655,75,Male,Orthopedics,Transfer,Diabetes with Complications,1,1,4,1,7,Home,2025-12-18,47,Medium,1
P-3656,44,Female,Cardiology,Emergency,Gastrointestinal Bleed,0,0,2,2,2,Home,2025-02-06,15,Low,0
P-3657,76,Female,General Medicine,Emergency,Acute Kidney Injury,3,1,6,4,9,Rehab,2025-03-04,86,High,1
P-3658,64,Male,General Medicine,Emergency,Acute Kidney Injury,1,0,3,1,4,Home,2025-03-10,29,Low,0
P-3659,70,Male,Cardiology,Urgent,Diabetes with Complications,3,1,13,3,7,Skilled Nursing Facility,2025-01-30,89,High,1
P-3660,43,Male,Pediatrics,Elective,Acute Kidney Injury,0,1,3,1,7,Home,2025-07-10,20,Low,0
P-3661,47,Male,Emergency,Elective,Sepsis,3,0,6,3,8,Home,2025-06-20,62,High,1
P-3662,71,Male,ICU,Emergency,Diabetes with Complications,1,0,9,5,7,Rehab,2025-05-02,78,High,1
P-3663,46,Female,Neurology,Emergency,Heart Failure,2,2,9,4,4,Home,2025-03-07,74,High,1
P-3664,69,Male,General Medicine,Emergency,Sepsis,1,1,4,0,5,Home Health Care,2025-09-08,34,Medium,0
P-3665,40,Female,General Medicine,Urgent,Gastrointestinal Bleed,1,0,8,0,6,Home,2025-06-25,25,Low,1
P-3666,75,Male,Emergency,Emergency,Gastrointestinal Bleed,0,0,2,1,8,Home,2025-07-27,29,Low,0
P-3667,42,Male,Orthopedics,Elective,Gastrointestinal Bleed,1,0,5,2,2,Home Health Care,2025-02-07,26,Low,0
P-3668,70,Female,ICU,Emergency,Acute Kidney Injury,1,1,1,1,7,Home Health Care,2025-10-30,35,Medium,1
P-3669,72,Female,Cardiology,Emergency,Hypertension,1,2,2,1,6,Rehab,2025-07-10,44,Medium,1
P-3670,50,Female,Emergency,Emergency,Heart Failure,1,1,2,2,10,Home,2025-05-02,37,Medium,1
P-3671,71,Female,ICU,Elective,Pneumonia,1,2,10,2,4,Home Health Care,2025-09-25,71,High,0
P-3672,66,Male,General Medicine,Emergency,Hip Fracture,3,3,3,2,12,Home,2025-11-11,78,High,1
P-3673,53,Female,Emergency,Transfer,Gastrointestinal Bleed,0,1,7,5,6,Home Health Care,2025-07-17,60,Medium,1
P-3674,45,Male,Cardiology,Emergency,COPD,1,0,3,0,1,Home,2025-12-20,14,Low,0
P-3675,30,Female,ICU,Emergency,Pneumonia,1,0,2,4,7,Home,2025-01-19,29,Low,0
P-3676,67,Male,General Medicine,Emergency,Diabetes with Complications,1,0,13,0,5,Home,2025-03-12,53,Medium,1
P-3677,36,Male,Orthopedics,Urgent,Acute Kidney Injury,3,0,5,3,6,Home,2025-03-16,50,Medium,0
P-3678,63,Female,Emergency,Emergency,Diabetes with Complications,0,0,5,0,7,Home Health Care,2025-09-27,24,Low,1
P-3679,57,Male,General Medicine,Emergency,Gastrointestinal Bleed,3,1,4,2,10,Home,2025-07-13,64,High,1
P-3680,72,Male,Cardiology,Emergency,Hypertension,0,1,1,3,16,Home Health Care,2025-10-04,53,Medium,1
P-3681,57,Male,General Medicine,Emergency,Gastrointestinal Bleed,2,0,9,4,2,Home,2025-07-16,67,High,0
P-3682,56,Female,ICU,Elective,Pneumonia,1,0,7,1,10,Home,2025-03-28,42,Medium,0
P-3683,73,Female,Emergency,Emergency,COPD,2,0,3,5,7,Home,2025-06-20,72,High,1
P-3684,67,Female,General Medicine,Elective,Gastrointestinal Bleed,1,1,13,1,1,Skilled Nursing Facility,2025-05-05,61,High,1
P-3685,67,Female,Neurology,Elective,Heart Failure,1,0,2,4,9,Against Medical Advice,2025-05-30,53,Medium,1
P-3686,69,Female,Emergency,Urgent,Stroke,1,1,1,3,12,Home,2025-06-10,55,Medium,0
P-3687,37,Male,General Medicine,Emergency,Diabetes with Complications,3,0,2,2,4,Home,2025-12-06,33,Medium,1
P-3688,74,Male,General Medicine,Emergency,Gastrointestinal Bleed,1,0,3,2,4,Home,2025-04-20,41,Medium,1
P-3689,71,Female,Neurology,Urgent,Pneumonia,0,2,8,3,13,Home Health Care,2025-11-30,74,High,0
P-3690,45,Male,Emergency,Elective,Sepsis,1,1,7,4,6,Home Health Care,2025-09-01,57,Medium,1
P-3691,58,Male,Emergency,Emergency,Acute Kidney Injury,3,1,3,2,6,Home,2025-12-20,57,Medium,0
P-3692,61,Male,Orthopedics,Emergency,Diabetes with Complications,1,0,6,2,1,Home,2025-03-30,38,Medium,1
P-3693,59,Female,ICU,Urgent,Gastrointestinal Bleed,0,0,2,1,4,Skilled Nursing Facility,2025-04-06,18,Low,0
P-3694,67,Male,Cardiology,Emergency,Pneumonia,3,1,10,3,3,Home,2025-03-06,81,High,1
P-3695,84,Female,ICU,Urgent,Sepsis,2,0,1,4,11,Home Health Care,2025-05-27,71,High,0
P-3696,79,Female,Orthopedics,Emergency,Gastrointestinal Bleed,1,2,3,4,2,Home,2025-09-09,67,High,1
P-3697,41,Female,ICU,Emergency,Hip Fracture,2,0,8,3,7,Home Health Care,2025-11-25,54,Medium,0
P-3698,71,Female,Orthopedics,Emergency,Hypertension,1,2,4,2,6,Home,2025-06-04,57,Medium,1
P-3699,83,Male,Emergency,Emergency,Acute Kidney Injury,1,3,8,0,2,Home,2025-08-28,63,High,0
P-3700,68,Female,ICU,Emergency,Sepsis,0,1,1,4,15,Home,2025-11-05,56,Medium,1
P-3701,79,Female,Emergency,Urgent,Pneumonia,2,0,2,3,11,Home,2025-12-26,65,High,1
P-3702,94,Female,Cardiology,Elective,Acute Kidney Injury,4,1,3,3,6,Home,2025-11-02,86,High,1
P-3703,78,Female,General Medicine,Elective,Sepsis,2,1,9,1,13,Home,2025-08-28,77,High,1
P-3704,65,Male,General Medicine,Elective,Pneumonia,2,2,15,4,1,Against Medical Advice,2025-01-12,89,High,1
P-3705,78,Female,Emergency,Emergency,Hypertension,1,0,1,4,8,Skilled Nursing Facility,2025-08-11,56,Medium,1
P-3706,64,Male,ICU,Emergency,Diabetes with Complications,1,1,13,1,1,Home,2025-12-25,60,Medium,1
P-3707,62,Female,General Medicine,Urgent,Hypertension,2,0,6,3,1,Home,2025-09-09,54,Medium,1
P-3708,56,Female,Orthopedics,Emergency,Gastrointestinal Bleed,1,1,3,1,1,Home,2025-12-17,27,Low,1
P-3709,87,Female,General Medicine,Emergency,Stroke,2,0,2,1,8,Skilled Nursing Facility,2025-01-26,52,Medium,1
P-3710,48,Female,Orthopedics,Transfer,COPD,1,1,2,1,5,Rehab,2025-04-16,24,Low,0
P-3711,86,Male,Cardiology,Emergency,Pneumonia,3,0,5,3,7,Home,2025-09-18,78,High,1
P-3712,69,Male,Orthopedics,Urgent,COPD,1,1,3,1,5,Home Health Care,2025-10-15,38,Medium,0
P-3713,39,Female,Emergency,Urgent,Gastrointestinal Bleed,4,0,1,0,4,Home Health Care,2025-08-31,27,Low,0
P-3714,67,Male,ICU,Emergency,Gastrointestinal Bleed,2,1,16,1,4,Home,2025-08-18,79,High,1
P-3715,28,Male,Orthopedics,Emergency,Sepsis,1,4,5,3,8,Home,2025-02-18,55,Medium,0
P-3716,72,Female,Neurology,Transfer,Gastrointestinal Bleed,2,0,8,4,9,Home Health Care,2025-04-30,79,High,1
P-3717,76,Male,General Medicine,Emergency,Gastrointestinal Bleed,1,0,5,3,1,Home,2025-11-30,51,Medium,1
P-3718,52,Female,Cardiology,Emergency,Sepsis,0,1,6,4,11,Home,2025-09-16,56,Medium,0
P-3719,63,Male,Cardiology,Emergency,Acute Kidney Injury,2,2,1,2,1,Home,2025-03-09,45,Medium,0
P-3720,93,Female,Emergency,Elective,Pneumonia,0,1,3,0,3,Skilled Nursing Facility,2025-05-17,35,Medium,0
P-3721,53,Female,Orthopedics,Elective,Heart Failure,2,0,13,2,9,Home,2025-03-07,71,High,1
P-3722,45,Male,Cardiology,Urgent,COPD,2,4,15,1,1,Home,2025-09-14,78,High,1
P-3723,85,Male,Orthopedics,Urgent,Heart Failure,2,0,12,1,5,Home Health Care,2025-02-11,75,High,1
P-3724,93,Male,Cardiology,Urgent,Heart Failure,0,2,30,1,6,Against Medical Advice,2025-04-20,96,High,1
P-3725,62,Female,Orthopedics,Emergency,Sepsis,0,1,1,2,12,Home,2025-09-15,35,Medium,0
P-3726,78,Male,Neurology,Elective,Acute Kidney Injury,1,1,1,4,6,Home,2025-12-19,60,Medium,0
P-3727,83,Male,Emergency,Emergency,Stroke,1,0,13,3,6,Home,2025-04-25,81,High,1
P-3728,50,Female,Emergency,Emergency,Heart Failure,2,0,1,0,4,Skilled Nursing Facility,2025-03-18,19,Low,0
P-3729,54,Male,Orthopedics,Urgent,Heart Failure,1,0,10,2,9,Home,2025-03-05,55,Medium,1
P-3730,81,Female,Emergency,Emergency,Hip Fracture,1,1,10,2,8,Home Health Care,2025-05-02,75,High,1
P-3731,88,Female,General Medicine,Urgent,Sepsis,2,1,4,0,7,Home,2025-10-18,57,Medium,1
P-3732,71,Female,General Medicine,Emergency,Hip Fracture,0,2,10,3,9,Home,2025-01-26,74,High,1
P-3733,47,Female,Cardiology,Urgent,Sepsis,0,1,6,1,5,Home,2025-10-31,26,Low,0
P-3734,93,Male,Orthopedics,Emergency,Sepsis,2,2,1,1,6,Home,2025-03-15,63,High,0
P-3735,53,Female,Cardiology,Emergency,Hypertension,1,1,9,3,8,Home,2025-09-01,63,High,1
P-3736,56,Female,Neurology,Emergency,Stroke,2,1,3,0,4,Home,2025-07-13,31,Medium,0
P-3737,67,Male,Cardiology,Emergency,Diabetes with Complications,0,0,2,3,4,Home Health Care,2025-03-19,32,Medium,0
P-3738,86,Male,General Medicine,Emergency,Pneumonia,3,1,18,0,9,Rehab,2025-10-25,91,High,0
P-3739,75,Female,Cardiology,Urgent,COPD,3,0,6,5,6,Home,2025-10-09,84,High,1
P-3740,68,Male,Emergency,Elective,Heart Failure,1,1,1,3,10,Home Health Care,2025-03-24,51,Medium,0
P-3741,69,Female,Emergency,Emergency,Gastrointestinal Bleed,2,0,10,1,8,Skilled Nursing Facility,2025-05-04,65,High,0
P-3742,62,Male,General Medicine,Emergency,Gastrointestinal Bleed,0,3,8,3,1,Home,2025-04-14,61,High,1
P-3743,70,Male,General Medicine,Emergency,COPD,1,2,1,4,4,Home,2025-02-03,58,Medium,1
P-3744,21,Female,Orthopedics,Emergency,Heart Failure,0,1,1,2,5,Home Health Care,2025-11-15,12,Low,0
P-3745,57,Male,Emergency,Elective,Heart Failure,4,0,2,4,4,Home,2025-06-29,66,High,1
P-3746,65,Female,General Medicine,Emergency,Sepsis,1,0,11,1,4,Home,2025-06-01,52,Medium,1
P-3747,43,Male,General Medicine,Elective,Diabetes with Complications,1,1,6,2,9,Home,2025-12-23,43,Medium,1
P-3748,68,Male,Cardiology,Emergency,Heart Failure,1,1,11,2,13,Home,2025-02-11,76,High,1
P-3749,58,Female,Emergency,Elective,Hypertension,1,1,9,0,12,Home,2025-04-23,51,Medium,1
P-3750,90,Female,Emergency,Elective,Diabetes with Complications,0,1,4,0,6,Home,2025-08-14,40,Medium,0
P-3751,87,Female,Emergency,Emergency,Stroke,1,2,1,1,6,Home Health Care,2025-09-25,51,Medium,1
P-3752,54,Female,Emergency,Urgent,COPD,1,1,6,4,10,Home,2025-01-26,64,High,1
P-3753,59,Female,General Medicine,Elective,Stroke,0,2,5,2,10,Home,2025-03-14,48,Medium,0
P-3754,60,Female,Cardiology,Elective,Stroke,1,0,2,2,9,Home,2025-09-22,35,Medium,0
P-3755,54,Male,General Medicine,Emergency,COPD,4,0,12,2,3,Against Medical Advice,2025-11-07,77,High,0
P-3756,65,Female,Neurology,Urgent,Diabetes with Complications,0,3,6,2,5,Home,2025-04-29,55,Medium,1
P-3757,49,Male,General Medicine,Elective,Gastrointestinal Bleed,0,0,8,4,8,Home,2025-11-16,50,Medium,0
P-3758,43,Male,General Medicine,Emergency,Hypertension,1,0,7,2,8,Home,2025-11-23,38,Medium,1
P-3759,71,Male,ICU,Emergency,Hypertension,0,1,1,1,8,Home,2025-08-30,29,Low,0
P-3760,72,Male,Orthopedics,Emergency,Pneumonia,2,0,2,1,7,Home,2025-04-17,42,Medium,0
P-3761,49,Female,Cardiology,Emergency,Heart Failure,4,1,7,3,4,Rehab,2025-02-28,74,High,1
P-3762,76,Male,General Medicine,Transfer,Hip Fracture,1,1,4,2,5,Home Health Care,2025-02-24,52,Medium,0
P-3763,51,Male,Pediatrics,Emergency,COPD,0,1,1,1,4,Home,2025-05-15,17,Low,1
P-3764,66,Male,General Medicine,Urgent,Gastrointestinal Bleed,0,0,3,6,7,Home,2025-03-27,58,Medium,0
P-3765,75,Male,General Medicine,Emergency,Hip Fracture,0,1,2,7,4,Home,2025-05-28,70,High,1
P-3766,61,Female,Emergency,Emergency,Stroke,0,1,7,2,5,Home,2025-07-15,43,Medium,0
P-3767,69,Male,ICU,Transfer,Gastrointestinal Bleed,2,2,1,3,7,Home Health Care,2025-10-21,63,High,1
P-3768,53,Male,General Medicine,Emergency,Diabetes with Complications,0,0,5,2,1,Home,2025-05-02,24,Low,1
P-3769,58,Male,ICU,Elective,COPD,3,3,1,1,18,Home,2025-01-10,70,High,1
P-3770,58,Male,General Medicine,Urgent,Acute Kidney Injury,0,0,6,6,7,Home,2025-03-30,62,High,1
P-3771,50,Female,ICU,Urgent,Acute Kidney Injury,0,1,1,3,2,Home,2025-06-30,24,Low,0
P-3772,59,Male,Orthopedics,Urgent,Heart Failure,1,1,1,0,4,Home Health Care,2025-07-25,21,Low,1
P-3773,37,Male,Cardiology,Urgent,Gastrointestinal Bleed,1,2,3,2,7,Home,2025-10-03,34,Medium,1
P-3774,54,Male,Emergency,Elective,Gastrointestinal Bleed,0,0,1,1,13,Home Health Care,2025-10-02,21,Low,0
P-3775,57,Male,General Medicine,Emergency,Acute Kidney Injury,1,1,18,1,4,Home Health Care,2025-08-11,72,High,1
P-3776,57,Female,Emergency,Elective,Hypertension,3,0,2,1,1,Home,2025-11-01,34,Medium,1
P-3777,58,Male,Emergency,Transfer,Pneumonia,0,2,1,5,6,Rehab,2025-11-12,52,Medium,1
P-3778,61,Female,Emergency,Emergency,Hip Fracture,1,2,9,1,6,Home,2025-03-22,58,Medium,1
P-3779,69,Female,Emergency,Emergency,Stroke,0,0,1,5,4,Home,2025-09-19,44,Medium,0
P-3780,75,Male,Emergency,Elective,Acute Kidney Injury,0,1,10,3,9,Skilled Nursing Facility,2025-12-31,71,High,0
P-3781,51,Other,Emergency,Elective,Heart Failure,1,0,8,0,5,Home,2025-01-13,30,Low,0
P-3782,42,Female,General Medicine,Emergency,Stroke,4,0,1,1,4,Home,2025-05-24,34,Medium,0
P-3783,45,Female,Cardiology,Elective,Heart Failure,3,1,1,0,8,Skilled Nursing Facility,2025-07-04,32,Medium,0
P-3784,54,Male,Pediatrics,Elective,Heart Failure,0,0,7,2,6,Home Health Care,2025-10-02,34,Medium,1
P-3785,56,Female,Emergency,Elective,Gastrointestinal Bleed,1,1,7,2,4,Home,2025-08-05,48,Medium,0
P-3786,49,Male,Cardiology,Emergency,Sepsis,3,1,3,3,1,Home Health Care,2025-02-01,52,Medium,1
P-3787,41,Male,Emergency,Emergency,Stroke,1,1,10,3,10,Skilled Nursing Facility,2025-11-12,61,High,0
P-3788,54,Female,Orthopedics,Elective,Diabetes with Complications,1,0,1,4,8,Home,2025-08-24,41,Medium,0
P-3789,64,Female,ICU,Elective,Hip Fracture,1,0,5,2,5,Home,2025-12-02,42,Medium,1
P-3790,71,Male,General Medicine,Emergency,Stroke,2,0,3,1,10,Against Medical Advice,2025-10-12,48,Medium,0
P-3791,53,Female,Emergency,Emergency,Acute Kidney Injury,1,2,2,3,1,Rehab,2025-03-29,40,Medium,0
P-3792,55,Female,Cardiology,Emergency,Hip Fracture,0,0,4,1,10,Home,2025-06-16,26,Low,0
P-3793,47,Male,Orthopedics,Emergency,Diabetes with Complications,3,0,2,1,7,Home,2025-10-15,35,Medium,0
P-3794,61,Male,Emergency,Transfer,Sepsis,1,2,2,1,6,Home Health Care,2025-05-24,38,Medium,0
P-3795,48,Male,Cardiology,Elective,COPD,1,3,4,0,9,Home,2025-06-29,38,Medium,1
P-3796,71,Female,Orthopedics,Urgent,Stroke,1,5,4,1,11,Home Health Care,2025-03-26,73,High,1
P-3797,33,Female,General Medicine,Emergency,Sepsis,1,1,8,3,5,Home,2025-03-16,44,Medium,1
P-3798,56,Male,Orthopedics,Emergency,Sepsis,2,1,5,1,5,Home Health Care,2025-05-24,45,Medium,1
P-3799,66,Female,General Medicine,Emergency,Acute Kidney Injury,1,0,2,1,4,Home,2025-09-09,27,Low,0
P-3800,64,Female,General Medicine,Elective,Acute Kidney Injury,1,0,6,3,5,Rehab,2025-01-04,51,Medium,1
P-3801,95,Female,Orthopedics,Emergency,Diabetes with Complications,1,1,1,2,4,Home,2025-03-14,54,Medium,1
P-3802,67,Male,ICU,Elective,Stroke,1,0,1,1,13,Home,2025-11-14,35,Medium,0
P-3803,45,Female,General Medicine,Emergency,Stroke,2,1,4,3,8,Home Health Care,2025-12-28,52,Medium,1
P-3804,60,Female,General Medicine,Emergency,Hip Fracture,2,3,4,1,9,Home,2025-03-11,61,High,0
P-3805,33,Male,ICU,Emergency,COPD,1,1,4,2,2,Home,2025-09-18,24,Low,1
P-3806,60,Male,Emergency,Urgent,Gastrointestinal Bleed,2,3,5,4,11,Rehab,2025-05-28,82,High,1
P-3807,48,Female,ICU,Emergency,Hypertension,1,1,1,0,4,Home,2025-06-28,17,Low,0
P-3808,76,Male,General Medicine,Emergency,Pneumonia,1,2,8,1,10,Home Health Care,2025-09-11,69,High,1
P-3809,53,Female,Emergency,Urgent,Pneumonia,2,1,10,3,6,Home,2025-08-06,71,High,1
P-3810,60,Male,Pediatrics,Elective,Diabetes with Complications,3,0,4,4,5,Home Health Care,2025-07-20,67,High,0
P-3811,51,Male,Cardiology,Emergency,Hypertension,0,0,6,5,10,Home,2025-12-22,55,Medium,1
P-3812,89,Male,General Medicine,Emergency,Stroke,2,0,8,1,7,Home,2025-10-05,69,High,1
P-3813,56,Male,Cardiology,Emergency,Hypertension,5,0,5,2,11,Skilled Nursing Facility,2025-02-19,76,High,0
P-3814,91,Male,General Medicine,Elective,Diabetes with Complications,0,1,3,5,4,Home,2025-02-05,69,High,0
P-3815,75,Female,General Medicine,Elective,Stroke,1,1,6,3,5,Against Medical Advice,2025-10-31,64,High,0
P-3816,69,Male,General Medicine,Emergency,Pneumonia,1,0,13,0,2,Home Health Care,2025-10-30,51,Medium,0
P-3817,67,Female,Orthopedics,Urgent,Heart Failure,2,2,2,1,5,Home Health Care,2025-05-02,49,Medium,0
P-3818,68,Female,Orthopedics,Emergency,Hip Fracture,0,0,8,3,5,Home,2025-03-18,51,Medium,0
P-3819,31,Male,ICU,Emergency,Hip Fracture,1,0,27,2,8,Home,2025-01-24,84,High,1
P-3820,57,Male,Emergency,Transfer,Hypertension,2,1,7,4,6,Home,2025-07-15,72,High,1
P-3821,75,Female,General Medicine,Emergency,Heart Failure,1,0,2,2,9,Home,2025-02-15,44,Medium,1
P-3822,61,Male,Emergency,Urgent,Sepsis,3,3,1,2,6,Home,2025-08-24,65,High,0
P-3823,39,Male,Cardiology,Elective,COPD,0,0,4,6,10,Rehab,2025-02-18,48,Medium,0
P-3824,61,Female,General Medicine,Emergency,Acute Kidney Injury,2,2,1,0,7,Home,2025-05-15,38,Medium,0
P-3825,89,Male,Emergency,Emergency,Hip Fracture,1,1,3,3,3,Home Health Care,2025-10-25,62,High,1
P-3826,81,Male,Emergency,Emergency,Hip Fracture,0,0,2,2,7,Home,2025-07-03,37,Medium,0
P-3827,61,Female,Orthopedics,Urgent,Stroke,0,0,3,0,12,Home,2025-07-12,23,Low,0
P-3828,77,Female,Emergency,Emergency,Acute Kidney Injury,3,1,2,2,9,Home,2025-06-13,68,High,0
P-3829,56,Male,ICU,Emergency,Sepsis,1,0,9,0,4,Home,2025-05-25,34,Medium,0
P-3830,34,Female,ICU,Emergency,Hip Fracture,1,2,3,1,6,Skilled Nursing Facility,2025-11-15,26,Low,0
P-3831,47,Female,Orthopedics,Elective,Acute Kidney Injury,3,2,1,2,3,Skilled Nursing Facility,2025-12-28,46,Medium,0
P-3832,87,Female,Pediatrics,Emergency,Pneumonia,1,2,5,2,5,Home Health Care,2025-09-02,68,High,1
P-3833,57,Male,General Medicine,Emergency,Gastrointestinal Bleed,1,0,7,2,10,Skilled Nursing Facility,2025-12-05,49,Medium,1
P-3834,58,Female,Emergency,Transfer,Gastrointestinal Bleed,2,2,3,4,1,Home,2025-12-28,62,High,1
P-3835,57,Male,Neurology,Emergency,Hypertension,2,1,5,2,3,Home,2025-05-09,50,Medium,1
P-3836,92,Female,General Medicine,Emergency,Heart Failure,0,1,3,3,1,Home,2025-06-06,52,Medium,1
P-3837,88,Male,Orthopedics,Elective,Stroke,0,2,2,2,2,Skilled Nursing Facility,2025-05-04,48,Medium,0
P-3838,95,Female,General Medicine,Urgent,COPD,1,1,5,0,4,Home,2025-03-24,52,Medium,0
P-3839,59,Male,Emergency,Emergency,Sepsis,4,0,6,2,5,Home,2025-08-12,67,High,1
P-3840,66,Male,Emergency,Emergency,Stroke,2,1,2,2,7,Home,2025-11-16,51,Medium,0
P-3841,37,Female,Cardiology,Emergency,Hip Fracture,3,0,6,2,5,Against Medical Advice,2025-07-18,45,Medium,0
P-3842,85,Male,Cardiology,Emergency,Acute Kidney Injury,0,2,9,0,8,Home Health Care,2025-06-26,60,Medium,1
P-3843,43,Male,General Medicine,Elective,Acute Kidney Injury,0,0,12,4,5,Home,2025-10-30,55,Medium,1
P-3844,65,Female,Orthopedics,Elective,Sepsis,0,3,1,2,6,Against Medical Advice,2025-10-14,41,Medium,1
P-3845,44,Female,General Medicine,Elective,Stroke,1,0,1,6,5,Home,2025-08-11,45,Medium,1
P-3846,52,Male,Emergency,Emergency,Acute Kidney Injury,3,1,10,0,1,Home,2025-01-21,54,Medium,0
P-3847,48,Male,ICU,Urgent,Acute Kidney Injury,0,0,6,1,2,Home,2025-07-06,20,Low,0
P-3848,52,Female,ICU,Emergency,COPD,0,0,1,3,3,Home,2025-10-25,22,Low,1
P-3849,53,Female,Emergency,Urgent,Heart Failure,0,0,4,3,7,Home,2025-08-07,33,Medium,0
P-3850,53,Male,Emergency,Emergency,Stroke,0,2,7,2,9,Home,2025-08-05,49,Medium,1
P-3851,75,Female,General Medicine,Elective,Stroke,2,1,1,3,8,Rehab,2025-09-01,62,High,0
P-3852,44,Female,ICU,Emergency,Sepsis,5,2,11,3,2,Home,2025-04-29,87,High,1
P-3853,65,Male,Pediatrics,Emergency,Hypertension,0,0,10,3,9,Home,2025-12-10,60,Medium,0
P-3854,81,Male,Emergency,Urgent,Diabetes with Complications,1,1,5,3,7,Home Health Care,2025-03-22,67,High,1
P-3855,53,Male,Orthopedics,Emergency,Diabetes with Complications,0,1,7,0,4,Home Health Care,2025-08-22,25,Low,1
P-3856,50,Female,Emergency,Elective,Sepsis,2,0,1,2,3,Against Medical Advice,2025-04-13,28,Low,0
P-3857,58,Male,Cardiology,Elective,Gastrointestinal Bleed,2,0,2,3,3,Home,2025-02-10,42,Medium,0
P-3858,80,Male,General Medicine,Elective,Acute Kidney Injury,2,0,7,2,8,Home Health Care,2025-05-09,69,High,0
P-3859,65,Female,General Medicine,Elective,Stroke,1,0,3,1,6,Home,2025-11-10,31,Medium,0
P-3860,53,Male,Emergency,Emergency,Diabetes with Complications,3,0,1,1,1,Home,2025-10-06,29,Low,0
P-3861,69,Female,Emergency,Emergency,Sepsis,2,3,2,1,2,Home,2025-02-25,52,Medium,0
P-3862,44,Male,ICU,Urgent,Sepsis,3,2,5,2,7,Home,2025-03-13,61,High,0
P-3863,72,Female,General Medicine,Emergency,Hypertension,0,1,1,1,6,Home,2025-10-14,28,Low,0
P-3864,68,Male,Neurology,Elective,Sepsis,3,0,1,4,8,Home Health Care,2025-03-25,67,High,1
P-3865,57,Male,ICU,Emergency,Sepsis,0,0,2,0,5,Home,2025-02-20,14,Low,0
P-3866,48,Female,Cardiology,Emergency,COPD,1,0,10,4,11,Rehab,2025-06-07,67,High,1
P-3867,47,Female,Neurology,Emergency,Acute Kidney Injury,1,1,10,3,6,Against Medical Advice,2025-05-09,60,Medium,0
P-3868,70,Female,Cardiology,Elective,COPD,2,0,2,1,3,Home,2025-03-23,36,Medium,0
P-3869,81,Female,General Medicine,Emergency,Sepsis,1,1,5,3,1,Home,2025-03-07,60,Medium,1
P-3870,51,Female,Emergency,Emergency,Gastrointestinal Bleed,1,0,3,2,7,Home,2025-10-15,31,Medium,1
P-3871,69,Female,General Medicine,Emergency,Acute Kidney Injury,3,2,1,2,1,Home,2025-02-03,58,Medium,0
P-3872,28,Female,Emergency,Emergency,Acute Kidney Injury,1,0,1,2,7,Against Medical Advice,2025-08-12,17,Low,1
P-3873,52,Female,Cardiology,Emergency,Pneumonia,1,0,1,1,5,Home,2025-07-23,20,Low,0
P-3874,61,Female,ICU,Emergency,Stroke,3,1,19,3,1,Home,2025-10-18,91,High,1
P-3875,47,Female,General Medicine,Elective,Acute Kidney Injury,0,0,5,1,2,Home,2025-06-11,18,Low,1
P-3876,47,Male,General Medicine,Emergency,Diabetes with Complications,0,1,1,3,4,Home Health Care,2025-04-04,25,Low,0
P-3877,51,Male,General Medicine,Emergency,Gastrointestinal Bleed,0,1,6,3,8,Home,2025-07-29,45,Medium,1
P-3878,66,Male,General Medicine,Transfer,Acute Kidney Injury,2,0,5,1,3,Skilled Nursing Facility,2025-06-07,42,Medium,0
P-3879,59,Female,Cardiology,Emergency,Stroke,1,1,2,1,10,Home,2025-02-04,35,Medium,0
P-3880,26,Female,ICU,Urgent,Stroke,0,1,4,3,8,Skilled Nursing Facility,2025-05-19,25,Low,0
P-3881,28,Female,Orthopedics,Emergency,Hypertension,4,0,5,1,15,Against Medical Advice,2025-04-04,51,Medium,1
P-3882,52,Male,Emergency,Emergency,Hip Fracture,2,1,3,2,12,Home Health Care,2025-11-29,52,Medium,1
P-3883,69,Male,Emergency,Emergency,COPD,1,2,15,1,12,Home Health Care,2025-05-26,83,High,1
P-3884,18,Female,Cardiology,Emergency,Stroke,0,2,1,0,5,Home,2025-02-11,8,Low,0
P-3885,54,Female,ICU,Elective,Pneumonia,1,1,1,2,13,Rehab,2025-05-12,40,Medium,1
P-3886,53,Male,Emergency,Emergency,Gastrointestinal Bleed,1,0,9,0,12,Home Health Care,2025-07-31,41,Medium,0
P-3887,84,Female,Orthopedics,Elective,Hip Fracture,4,1,2,0,6,Home,2025-02-03,64,High,0
P-3888,55,Male,Neurology,Emergency,Hypertension,1,0,1,3,8,Home,2025-10-01,35,Medium,1
P-3889,68,Male,Orthopedics,Emergency,Gastrointestinal Bleed,1,0,3,2,4,Home,2025-09-29,37,Medium,0
P-3890,64,Female,Neurology,Elective,Diabetes with Complications,1,1,1,3,6,Home Health Care,2025-05-23,44,Medium,0
P-3891,27,Female,Neurology,Elective,COPD,1,2,4,0,6,Home,2025-04-22,20,Low,0
P-3892,74,Female,Emergency,Emergency,Heart Failure,1,2,6,2,13,Home Health Care,2025-03-09,72,High,0
P-3893,65,Male,Cardiology,Emergency,Hip Fracture,1,0,7,4,3,Home Health Care,2025-08-04,60,Medium,1
P-3894,70,Male,General Medicine,Urgent,COPD,1,1,2,1,11,Home,2025-08-12,43,Medium,0
P-3895,95,Male,Cardiology,Transfer,COPD,3,1,6,4,6,Rehab,2025-04-19,89,High,1
P-3896,28,Male,Cardiology,Emergency,Stroke,1,1,16,1,4,Home Health Care,2025-01-06,50,Medium,0
P-3897,89,Female,Cardiology,Urgent,Sepsis,1,0,1,0,3,Home,2025-04-14,30,Low,0
P-3898,57,Male,Emergency,Emergency,Pneumonia,1,0,5,2,1,Skilled Nursing Facility,2025-08-22,33,Medium,0
P-3899,66,Male,Emergency,Urgent,Hip Fracture,0,1,4,2,8,Skilled Nursing Facility,2025-09-28,41,Medium,1
P-3900,61,Male,Cardiology,Elective,Diabetes with Complications,2,1,3,3,9,Home Health Care,2025-07-05,60,Medium,1
P-3901,55,Female,Emergency,Urgent,Heart Failure,1,0,2,1,9,Home,2025-03-24,27,Low,0
P-3902,52,Female,Orthopedics,Elective,Diabetes with Complications,2,1,1,4,11,Home,2025-04-02,58,Medium,0
P-3903,67,Female,General Medicine,Emergency,Gastrointestinal Bleed,2,1,12,2,9,Skilled Nursing Facility,2025-10-06,80,High,1
P-3904,37,Male,Orthopedics,Emergency,Acute Kidney Injury,2,1,1,3,6,Home Health Care,2025-10-28,36,Medium,0
P-3905,74,Male,Cardiology,Emergency,Acute Kidney Injury,1,3,3,0,4,Home,2025-10-23,45,Medium,0
P-3906,55,Male,Cardiology,Emergency,Sepsis,1,3,2,2,4,Rehab,2025-02-06,44,Medium,0
P-3907,43,Male,General Medicine,Emergency,Pneumonia,0,0,1,1,5,Home,2025-06-06,12,Low,1
P-3908,54,Male,Emergency,Transfer,Heart Failure,0,1,2,2,7,Home,2025-01-17,28,Low,0
P-3909,82,Male,General Medicine,Emergency,Hip Fracture,1,1,2,2,9,Skilled Nursing Facility,2025-01-18,55,Medium,0
P-3910,53,Female,General Medicine,Emergency,Stroke,2,1,3,4,8,Home,2025-10-29,61,High,1
P-3911,67,Other,General Medicine,Emergency,Hip Fracture,3,0,4,1,1,Home,2025-03-12,46,Medium,0
P-3912,50,Male,Neurology,Elective,Gastrointestinal Bleed,1,1,4,2,5,Rehab,2025-03-14,36,Medium,1
P-3913,74,Female,Emergency,Emergency,Diabetes with Complications,1,0,1,3,3,Home Health Care,2025-01-29,40,Medium,0
P-3914,72,Male,Cardiology,Emergency,Acute Kidney Injury,0,0,1,1,5,Home Health Care,2025-10-09,22,Low,1
P-3915,91,Female,General Medicine,Urgent,Diabetes with Complications,0,0,2,1,7,Home Health Care,2025-02-05,36,Medium,0
P-3916,59,Female,Cardiology,Urgent,Hip Fracture,2,3,1,2,2,Home,2025-09-17,50,Medium,0
P-3917,72,Female,Cardiology,Elective,COPD,0,1,9,1,6,Home,2025-01-30,50,Medium,0
P-3918,63,Male,Cardiology,Elective,COPD,1,1,1,2,5,Home Health Care,2025-11-24,36,Medium,0
P-3919,82,Male,Emergency,Emergency,Hypertension,1,0,2,3,7,Home,2025-10-30,53,Medium,0
P-3920,50,Male,Cardiology,Elective,Hip Fracture,1,0,5,1,5,Home Health Care,2025-11-24,27,Low,0
P-3921,73,Male,ICU,Emergency,Stroke,3,0,12,0,1,Home,2025-08-03,66,High,1
P-3922,58,Female,General Medicine,Emergency,Heart Failure,4,0,1,0,1,Home,2025-03-14,34,Medium,1
P-3923,60,Female,General Medicine,Emergency,Stroke,1,1,3,2,3,Home,2025-03-01,37,Medium,1
P-3924,63,Female,General Medicine,Emergency,Hypertension,2,0,2,3,5,Home,2025-10-29,48,Medium,0
P-3925,66,Female,General Medicine,Emergency,Pneumonia,2,0,3,0,5,Skilled Nursing Facility,2025-04-05,32,Medium,0
P-3926,60,Female,Cardiology,Emergency,Acute Kidney Injury,0,1,3,1,9,Home,2025-02-10,30,Low,0
P-3927,65,Male,Cardiology,Elective,Hip Fracture,1,1,4,2,9,Home,2025-04-29,50,Medium,0
P-3928,87,Male,Cardiology,Emergency,Sepsis,2,0,1,1,1,Home,2025-02-05,41,Medium,0
P-3929,77,Female,Orthopedics,Elective,Hip Fracture,2,1,8,3,3,Home,2025-03-28,75,High,1
P-3930,75,Male,General Medicine,Emergency,Acute Kidney Injury,1,1,1,4,8,Home,2025-10-04,60,Medium,1
P-3931,54,Male,Cardiology,Urgent,Hypertension,1,3,4,0,9,Home,2025-05-11,42,Medium,1
P-3932,47,Male,Emergency,Emergency,Gastrointestinal Bleed,1,3,8,2,12,Home Health Care,2025-11-10,67,High,0
P-3933,77,Female,Pediatrics,Elective,Sepsis,1,0,1,4,5,Home Health Care,2025-09-11,52,Medium,1
P-3934,76,Female,General Medicine,Elective,Gastrointestinal Bleed,1,1,6,3,1,Skilled Nursing Facility,2025-03-09,60,Medium,0
P-3935,85,Male,Orthopedics,Transfer,COPD,1,0,2,3,1,Skilled Nursing Facility,2025-05-02,48,Medium,0
P-3936,52,Female,Cardiology,Emergency,Diabetes with Complications,3,1,1,4,5,Home,2025-05-30,60,Medium,1
P-3937,58,Female,Cardiology,Emergency,Hip Fracture,4,1,1,6,1,Home Health Care,2025-07-11,78,High,1
P-3938,35,Female,General Medicine,Emergency,Acute Kidney Injury,1,1,3,3,2,Home,2025-02-06,28,Low,1
P-3939,55,Female,General Medicine,Emergency,Diabetes with Complications,1,1,11,3,4,Home,2025-08-27,65,High,0
P-3940,77,Female,General Medicine,Emergency,Sepsis,2,0,6,4,1,Home,2025-11-10,69,High,0
P-3941,54,Female,General Medicine,Urgent,Pneumonia,0,1,4,4,7,Home,2025-01-16,46,Medium,0
P-3942,72,Male,General Medicine,Emergency,Heart Failure,1,0,8,1,14,Home,2025-08-09,60,Medium,0
P-3943,58,Male,General Medicine,Emergency,Sepsis,0,1,9,2,8,Home,2025-03-09,51,Medium,1
P-3944,67,Male,Cardiology,Emergency,Hip Fracture,2,1,5,4,8,Rehab,2025-02-07,74,High,1
P-3945,43,Male,Emergency,Emergency,Heart Failure,1,0,2,1,10,Skilled Nursing Facility,2025-02-04,22,Low,0
P-3946,63,Male,Orthopedics,Urgent,Pneumonia,2,1,10,2,13,Home,2025-01-01,77,High,1
P-3947,18,Male,Emergency,Urgent,Sepsis,6,1,2,0,7,Home,2025-07-01,42,Medium,0
P-3948,59,Male,Emergency,Emergency,Hypertension,2,1,1,1,9,Home,2025-07-17,40,Medium,0
P-3949,35,Male,General Medicine,Emergency,Pneumonia,1,1,4,1,7,Home,2025-03-17,25,Low,0
P-3950,81,Male,Pediatrics,Urgent,Stroke,2,1,1,2,8,Home Health Care,2025-07-02,59,Medium,0
P-3951,74,Female,Emergency,Emergency,Sepsis,1,0,2,5,2,Home Health Care,2025-05-29,56,Medium,0
P-3952,69,Female,Emergency,Elective,Gastrointestinal Bleed,0,1,9,3,13,Home,2025-02-20,70,High,1
P-3953,86,Female,Orthopedics,Urgent,Sepsis,2,1,3,1,5,Home,2025-10-06,57,Medium,0
P-3954,46,Male,Orthopedics,Emergency,Stroke,2,1,4,4,1,Rehab,2025-05-17,51,Medium,0
P-3955,89,Male,General Medicine,Emergency,Diabetes with Complications,2,1,4,3,8,Home,2025-11-05,77,High,1
P-3956,76,Male,Emergency,Emergency,Hypertension,2,0,4,4,8,Home,2025-09-11,71,High,1
P-3957,58,Male,Emergency,Urgent,COPD,1,1,2,2,3,Home,2025-05-25,33,Medium,1
P-3958,80,Female,General Medicine,Emergency,Acute Kidney Injury,0,0,12,1,3,Home,2025-11-02,54,Medium,0
P-3959,44,Male,Orthopedics,Emergency,Diabetes with Complications,0,0,6,6,1,Skilled Nursing Facility,2025-07-02,46,Medium,0
P-3960,48,Female,Orthopedics,Elective,Hypertension,2,2,5,1,10,Home Health Care,2025-12-07,52,Medium,0
P-3961,52,Female,Cardiology,Urgent,Hypertension,1,1,9,4,8,Home,2025-05-12,69,High,0
P-3962,53,Male,Emergency,Emergency,Hypertension,2,1,6,0,10,Home,2025-05-06,45,Medium,0
P-3963,45,Female,Emergency,Emergency,Stroke,2,0,1,0,7,Skilled Nursing Facility,2025-08-04,20,Low,0
P-3964,81,Male,Pediatrics,Elective,COPD,1,2,2,1,7,Home,2025-08-14,51,Medium,0
P-3965,57,Male,General Medicine,Emergency,Gastrointestinal Bleed,2,0,3,6,10,Home,2025-05-26,72,High,0
P-3966,67,Female,Emergency,Emergency,Hip Fracture,3,0,6,2,7,Skilled Nursing Facility,2025-11-01,66,High,1
P-3967,52,Female,ICU,Urgent,Hypertension,3,3,6,3,4,Skilled Nursing Facility,2025-06-09,76,High,1
P-3968,32,Female,General Medicine,Emergency,Gastrointestinal Bleed,2,0,4,5,11,Home Health Care,2025-03-21,56,Medium,0
P-3969,66,Female,ICU,Emergency,Hip Fracture,0,0,3,2,4,Home Health Care,2025-07-02,28,Low,1
P-3970,31,Male,Orthopedics,Emergency,Acute Kidney Injury,1,1,10,2,6,Home,2025-03-25,43,Medium,1
P-3971,60,Male,General Medicine,Emergency,Gastrointestinal Bleed,2,1,4,3,3,Rehab,2025-05-16,55,Medium,1
P-3972,40,Male,Emergency,Elective,Acute Kidney Injury,1,1,8,1,2,Home,2025-06-20,32,Medium,1
P-3973,93,Male,Emergency,Elective,Hip Fracture,2,0,12,2,5,Home,2025-08-30,83,High,1
P-3974,76,Male,Orthopedics,Elective,COPD,2,0,3,3,11,Home,2025-05-14,66,High,1
P-3975,63,Female,Cardiology,Elective,Acute Kidney Injury,1,0,2,2,15,Home,2025-06-02,44,Medium,1
P-3976,82,Female,Cardiology,Elective,COPD,1,2,3,3,1,Home,2025-06-27,61,High,1
P-3977,48,Female,Neurology,Emergency,Diabetes with Complications,1,0,1,2,5,Home,2025-09-03,23,Low,0
P-3978,70,Female,Orthopedics,Emergency,COPD,2,0,2,6,4,Home,2025-09-19,70,High,0
P-3979,65,Male,Orthopedics,Elective,Acute Kidney Injury,2,0,4,1,9,Home,2025-03-04,46,Medium,1
P-3980,66,Female,Cardiology,Emergency,Sepsis,3,1,2,2,6,Home,2025-03-13,59,Medium,1
P-3981,82,Male,Cardiology,Emergency,COPD,1,0,1,2,7,Home,2025-11-23,43,Medium,0
P-3982,73,Male,ICU,Emergency,Hypertension,0,0,2,2,8,Home,2025-07-01,34,Medium,0
P-3983,66,Female,Cardiology,Emergency,COPD,3,1,1,2,4,Home,2025-04-18,53,Medium,1
P-3984,35,Male,General Medicine,Emergency,Sepsis,1,0,4,2,8,Home,2025-08-28,26,Low,0
P-3985,46,Female,Cardiology,Elective,Stroke,0,1,5,3,5,Home,2025-12-11,35,Medium,1
P-3986,60,Female,General Medicine,Emergency,Stroke,0,1,4,1,12,Home,2025-12-19,36,Medium,0
P-3987,63,Female,Cardiology,Urgent,COPD,0,1,2,2,4,Home,2025-05-16,29,Low,0
P-3988,43,Other,Emergency,Emergency,Acute Kidney Injury,1,0,9,2,6,Home,2025-12-06,42,Medium,1
P-3989,95,Female,Pediatrics,Emergency,Pneumonia,1,0,1,2,2,Rehab,2025-06-05,45,Medium,0
P-3990,86,Male,Cardiology,Emergency,Acute Kidney Injury,0,0,1,2,2,Home,2025-05-26,32,Medium,0
P-3991,71,Male,Emergency,Emergency,Hypertension,2,0,1,4,3,Home Health Care,2025-03-20,54,Medium,1
P-3992,63,Male,Emergency,Urgent,Acute Kidney Injury,2,0,6,3,8,Home Health Care,2025-09-29,63,High,1
P-3993,58,Male,Cardiology,Emergency,COPD,1,0,7,5,7,Home,2025-09-22,67,High,1
P-3994,46,Female,Emergency,Emergency,Sepsis,2,0,7,1,9,Home,2025-08-16,43,Medium,1
P-3995,63,Male,Emergency,Emergency,Acute Kidney Injury,2,0,2,3,7,Home Health Care,2025-08-25,50,Medium,0
P-3996,66,Female,General Medicine,Emergency,Hip Fracture,0,0,10,3,11,Home,2025-09-18,63,High,1
P-3997,42,Female,Orthopedics,Emergency,Diabetes with Complications,1,1,10,0,2,Home Health Care,2025-05-23,32,Medium,0
P-3998,67,Male,Emergency,Emergency,Sepsis,2,0,8,4,7,Home Health Care,2025-11-09,75,High,1
P-3999,59,Male,ICU,Emergency,Diabetes with Complications,3,1,7,5,12,Home,2025-05-25,87,High,1
P-4000,31,Male,General Medicine,Elective,Sepsis,2,1,9,3,7,Home,2025-05-06,57,Medium,1
P-4001,48,Female,ICU,Elective,COPD,2,0,5,3,8,Home,2025-08-18,51,Medium,1
P-4002,55,Female,General Medicine,Emergency,Heart Failure,1,1,15,1,13,Home,2025-04-06,73,High,1
P-4003,92,Male,General Medicine,Elective,Sepsis,1,0,5,3,1,Home,2025-06-07,61,High,1
P-4004,70,Female,Cardiology,Elective,Pneumonia,0,2,1,1,13,Home,2025-04-06,40,Medium,0
P-4005,40,Male,Orthopedics,Elective,Stroke,0,1,1,2,8,Home,2025-07-14,20,Low,0
P-4006,69,Female,Neurology,Emergency,Pneumonia,0,0,3,3,4,Rehab,2025-08-17,36,Medium,0
P-4007,37,Female,Orthopedics,Emergency,Hypertension,0,0,6,2,11,Home Health Care,2025-11-15,28,Low,0
P-4008,79,Male,Emergency,Emergency,COPD,0,2,1,3,3,Home,2025-07-05,47,Medium,0
P-4009,54,Male,General Medicine,Emergency,Gastrointestinal Bleed,1,0,1,3,9,Home,2025-05-20,36,Medium,0
P-4010,60,Female,Neurology,Emergency,Stroke,1,0,1,1,1,Home,2025-12-13,20,Low,0
P-4011,83,Female,Emergency,Emergency,COPD,2,2,1,1,1,Home Health Care,2025-09-28,51,Medium,0
P-4012,41,Male,Orthopedics,Urgent,Diabetes with Complications,1,0,2,1,6,Home,2025-08-01,18,Low,0
P-4013,39,Male,ICU,Emergency,Acute Kidney Injury,4,0,4,1,7,Home,2025-03-06,45,Medium,1
P-4014,52,Male,ICU,Emergency,Hip Fracture,2,1,3,3,4,Skilled Nursing Facility,2025-08-27,49,Medium,0
P-4015,78,Male,General Medicine,Elective,Diabetes with Complications,2,0,1,2,1,Home,2025-12-09,42,Medium,0
P-4016,37,Male,General Medicine,Elective,Gastrointestinal Bleed,1,0,1,5,1,Home,2025-04-26,30,Low,1
P-4017,18,Male,General Medicine,Emergency,Acute Kidney Injury,2,1,4,0,1,Rehab,2025-05-14,15,Low,0
P-4018,54,Female,Neurology,Emergency,Sepsis,0,1,1,2,11,Home,2025-06-04,30,Low,0
P-4019,70,Male,Cardiology,Emergency,Stroke,1,2,6,5,5,Home Health Care,2025-03-02,78,High,1
P-4020,81,Male,Cardiology,Elective,Gastrointestinal Bleed,1,1,1,0,10,Rehab,2025-12-01,39,Medium,0
P-4021,54,Male,Neurology,Emergency,Stroke,0,1,1,1,1,Home,2025-12-11,16,Low,0
P-4022,55,Female,Cardiology,Emergency,COPD,0,0,10,0,1,Skilled Nursing Facility,2025-06-09,25,Low,0
P-4023,80,Female,General Medicine,Emergency,Acute Kidney Injury,1,3,4,3,1,Home,2025-02-01,68,High,1
P-4024,32,Female,Emergency,Elective,Pneumonia,0,0,21,2,5,Skilled Nursing Facility,2025-10-28,61,High,0
P-4025,55,Female,ICU,Elective,Heart Failure,4,0,1,2,7,Home,2025-12-01,53,Medium,0
P-4026,65,Male,Cardiology,Emergency,Pneumonia,4,2,1,2,5,Against Medical Advice,2025-01-26,68,High,0
P-4027,69,Male,Emergency,Emergency,Heart Failure,4,1,1,4,3,Home Health Care,2025-12-11,74,High,1
P-4028,53,Female,Orthopedics,Elective,Acute Kidney Injury,1,0,13,1,7,Home Health Care,2025-05-26,54,Medium,1
P-4029,62,Female,General Medicine,Urgent,Stroke,1,0,5,1,5,Skilled Nursing Facility,2025-07-30,34,Medium,1
P-4030,22,Female,General Medicine,Elective,Gastrointestinal Bleed,1,2,2,3,7,Home,2025-11-01,30,Low,0
P-4031,51,Female,Emergency,Transfer,COPD,1,0,3,2,1,Home,2025-11-03,25,Low,1
P-4032,69,Female,Cardiology,Emergency,Hypertension,4,1,6,1,6,Home,2025-07-31,73,High,0
P-4033,46,Male,Cardiology,Emergency,Hypertension,0,0,5,4,8,Home,2025-11-27,39,Medium,0
P-4034,62,Female,Emergency,Emergency,Heart Failure,0,2,2,3,7,Home Health Care,2025-01-25,45,Medium,1
P-4035,69,Female,ICU,Emergency,Stroke,1,0,6,2,6,Skilled Nursing Facility,2025-09-17,49,Medium,1
P-4036,56,Male,Cardiology,Emergency,Pneumonia,1,0,2,2,5,Home,2025-12-16,29,Low,1
P-4037,64,Female,Emergency,Emergency,Heart Failure,2,2,3,3,6,Home,2025-12-03,65,High,1
P-4038,46,Female,Emergency,Emergency,COPD,0,0,9,1,9,Home Health Care,2025-08-01,32,Medium,0
P-4039,58,Male,ICU,Emergency,Gastrointestinal Bleed,2,0,1,3,7,Home,2025-11-18,44,Medium,1
P-4040,71,Male,General Medicine,Transfer,Sepsis,0,0,3,3,5,Home Health Care,2025-12-01,38,Medium,1
P-4041,64,Male,Emergency,Emergency,Sepsis,1,0,1,2,4,Home,2025-11-11,30,Low,0
P-4042,52,Male,ICU,Emergency,Stroke,1,0,1,0,8,Home,2025-12-17,18,Low,0
P-4043,65,Male,Neurology,Emergency,Heart Failure,3,1,16,4,5,Home Health Care,2025-04-09,93,High,1
P-4044,73,Male,ICU,Urgent,Acute Kidney Injury,1,1,4,0,12,Home,2025-09-25,45,Medium,0
P-4045,29,Male,Orthopedics,Elective,COPD,1,0,17,3,6,Home,2025-01-24,64,High,1
P-4046,80,Male,ICU,Emergency,COPD,0,1,9,1,3,Home Health Care,2025-07-12,51,Medium,1
P-4047,56,Female,Orthopedics,Emergency,Stroke,1,1,19,2,10,Home,2025-06-19,84,High,1
P-4048,68,Male,ICU,Elective,Diabetes with Complications,1,2,13,3,9,Home,2025-01-01,85,High,1
P-4049,81,Male,General Medicine,Emergency,Acute Kidney Injury,2,0,10,3,6,Rehab,2025-11-11,80,High,1
P-4050,40,Male,Emergency,Transfer,Stroke,0,0,6,2,7,Home Health Care,2025-12-09,26,Low,1
P-4051,50,Female,General Medicine,Emergency,Pneumonia,0,1,6,4,11,Home,2025-09-10,55,Medium,0
P-4052,57,Male,Emergency,Emergency,Diabetes with Complications,2,0,13,2,7,Home,2025-06-15,71,High,0
P-4053,49,Male,ICU,Urgent,Heart Failure,1,1,17,1,6,Home Health Care,2025-11-24,68,High,1
P-4054,89,Male,General Medicine,Emergency,Acute Kidney Injury,3,1,13,1,9,Home,2025-12-31,89,High,1
P-4055,48,Other,ICU,Emergency,Acute Kidney Injury,0,0,3,1,7,Home,2025-01-30,18,Low,0
P-4056,53,Female,Neurology,Emergency,COPD,1,0,10,2,4,Home,2025-05-26,48,Medium,1
P-4057,65,Male,ICU,Elective,Hip Fracture,3,1,4,0,8,Home,2025-10-14,53,Medium,0
P-4058,42,Male,Emergency,Emergency,Diabetes with Complications,1,0,4,2,4,Home,2025-11-18,26,Low,1
P-4059,55,Male,General Medicine,Emergency,COPD,1,0,8,2,10,Home Health Care,2025-07-13,51,Medium,1
P-4060,67,Male,Emergency,Emergency,Acute Kidney Injury,2,0,8,4,5,Home,2025-10-26,73,High,1
P-4061,56,Female,Cardiology,Urgent,Gastrointestinal Bleed,1,0,8,3,1,Home,2025-06-26,48,Medium,1
P-4062,60,Female,General Medicine,Emergency,Pneumonia,0,0,8,1,6,Home,2025-01-04,34,Medium,1
P-4063,53,Female,General Medicine,Emergency,Heart Failure,3,0,3,0,8,Home Health Care,2025-04-30,36,Medium,1
P-4064,37,Male,Neurology,Elective,COPD,3,3,4,1,12,Home,2025-07-21,60,Medium,1
P-4065,67,Female,Emergency,Elective,Hypertension,1,0,2,2,3,Home,2025-06-05,33,Medium,0
P-4066,90,Male,Emergency,Urgent,Sepsis,4,2,3,1,6,Home,2025-06-29,80,High,1
P-4067,62,Male,Emergency,Emergency,Stroke,0,2,15,1,3,Home,2025-04-08,64,High,0
P-4068,65,Female,Cardiology,Urgent,COPD,0,0,8,4,3,Home,2025-03-17,54,Medium,1
P-4069,73,Male,General Medicine,Emergency,COPD,1,1,3,2,1,Home,2025-07-06,42,Medium,1
P-4070,41,Female,Emergency,Emergency,Sepsis,0,1,5,0,4,Home,2025-12-04,16,Low,1
P-4071,89,Female,Emergency,Urgent,Heart Failure,1,0,2,2,5,Rehab,2025-05-05,48,Medium,0
P-4072,65,Male,Emergency,Emergency,Acute Kidney Injury,2,1,2,2,10,Home Health Care,2025-01-16,54,Medium,1
P-4073,88,Female,General Medicine,Elective,Pneumonia,4,0,3,2,12,Home Health Care,2025-08-23,81,High,0
P-4074,50,Male,Neurology,Urgent,Hip Fracture,3,0,1,0,3,Home,2025-10-16,24,Low,0
P-4075,91,Male,General Medicine,Elective,Acute Kidney Injury,3,2,4,1,6,Skilled Nursing Facility,2025-04-26,77,High,0
P-4076,74,Female,Emergency,Emergency,Stroke,0,1,3,3,4,Home,2025-11-16,45,Medium,0
P-4077,70,Female,General Medicine,Urgent,Hip Fracture,2,1,1,5,10,Home,2025-06-14,73,High,1
P-4078,65,Male,General Medicine,Emergency,Hip Fracture,2,0,6,3,6,Home,2025-02-10,62,High,1
P-4079,58,Female,ICU,Emergency,Diabetes with Complications,2,0,6,3,8,Skilled Nursing Facility,2025-05-25,60,Medium,1
P-4080,81,Female,ICU,Emergency,Diabetes with Complications,1,1,10,0,9,Home,2025-07-05,64,High,1
P-4081,64,Male,ICU,Emergency,Hypertension,2,0,6,4,12,Home,2025-10-16,74,High,0
P-4082,30,Female,Emergency,Elective,Acute Kidney Injury,1,0,2,3,1,Rehab,2025-06-08,19,Low,0
P-4083,44,Female,Orthopedics,Emergency,Pneumonia,2,0,5,1,4,Home,2025-02-14,31,Medium,0
P-4084,59,Female,Emergency,Elective,Hypertension,1,2,17,2,7,Home,2025-04-25,83,High,0
P-4085,66,Male,Emergency,Urgent,Heart Failure,1,0,9,1,2,Home,2025-03-10,44,Medium,1
P-4086,61,Female,Neurology,Emergency,Hip Fracture,1,0,3,6,9,Home,2025-12-25,66,High,1
P-4087,81,Male,Orthopedics,Elective,Sepsis,0,1,6,4,4,Skilled Nursing Facility,2025-01-22,65,High,0
P-4088,30,Female,General Medicine,Elective,Pneumonia,0,0,1,2,6,Home,2025-03-25,12,Low,0
P-4089,64,Female,Cardiology,Elective,Hip Fracture,3,2,2,2,10,Home,2025-02-05,68,High,1
P-4090,32,Male,Cardiology,Emergency,Heart Failure,0,2,3,1,1,Home,2025-09-05,15,Low,0
P-4091,74,Male,ICU,Emergency,Pneumonia,1,2,3,2,10,Home,2025-11-19,60,Medium,0
P-4092,60,Female,Cardiology,Emergency,Gastrointestinal Bleed,7,2,10,1,1,Home,2025-03-18,91,High,1
P-4093,68,Female,Cardiology,Emergency,Sepsis,2,1,21,3,8,Home,2025-08-14,94,High,1
P-4094,48,Male,General Medicine,Emergency,Heart Failure,1,1,3,4,7,Rehab,2025-05-21,48,Medium,0
P-4095,82,Male,ICU,Elective,Gastrointestinal Bleed,2,0,3,3,3,Home,2025-06-29,60,Medium,1
P-4096,78,Female,Cardiology,Emergency,Stroke,3,1,1,1,9,Home Health Care,2025-05-29,60,Medium,0
P-4097,71,Male,Cardiology,Transfer,Heart Failure,2,1,2,2,1,Skilled Nursing Facility,2025-08-02,47,Medium,1
P-4098,59,Male,General Medicine,Elective,Heart Failure,1,1,1,3,10,Home,2025-09-20,46,Medium,0
P-4099,71,Female,General Medicine,Emergency,Acute Kidney Injury,2,1,2,3,5,Home,2025-10-19,59,Medium,1
P-4100,50,Male,General Medicine,Emergency,COPD,2,1,7,2,3,Home,2025-03-03,51,Medium,1
P-4101,75,Male,Cardiology,Elective,Hip Fracture,1,2,1,0,9,Home,2025-12-04,40,Medium,1
P-4102,88,Male,Emergency,Elective,Diabetes with Complications,0,1,10,1,5,Home Health Care,2025-08-29,62,High,0
P-4103,79,Female,ICU,Transfer,Sepsis,4,2,6,2,4,Home,2025-06-27,84,High,1
P-4104,50,Male,Cardiology,Emergency,Hip Fracture,2,0,3,0,8,Against Medical Advice,2025-03-09,27,Low,1
P-4105,67,Female,Orthopedics,Emergency,Heart Failure,1,0,4,2,6,Skilled Nursing Facility,2025-09-13,42,Medium,0
P-4106,41,Female,Pediatrics,Urgent,Pneumonia,1,1,1,2,9,Skilled Nursing Facility,2025-02-10,28,Low,1
P-4107,71,Male,General Medicine,Emergency,Heart Failure,2,0,7,2,1,Home,2025-11-20,56,Medium,0
P-4108,69,Female,Neurology,Elective,Stroke,0,1,7,5,6,Home,2025-02-16,69,High,1
P-4109,32,Male,General Medicine,Emergency,Heart Failure,0,0,3,6,11,Home,2025-10-02,42,Medium,0
P-4110,43,Female,ICU,Elective,Gastrointestinal Bleed,0,1,2,1,12,Home Health Care,2025-06-13,22,Low,0
P-4111,57,Male,Pediatrics,Emergency,Hip Fracture,1,0,4,3,9,Home,2025-04-07,46,Medium,1
P-4112,57,Female,ICU,Elective,Pneumonia,0,1,2,4,5,Skilled Nursing Facility,2025-06-11,40,Medium,0
P-4113,42,Male,General Medicine,Emergency,COPD,2,0,6,5,13,Home,2025-09-11,69,High,1
P-4114,68,Male,Cardiology,Transfer,Gastrointestinal Bleed,2,2,6,4,1,Home,2025-07-11,75,High,1
P-4115,66,Female,Emergency,Emergency,Hypertension,2,0,18,0,5,Home,2025-10-20,74,High,1
P-4116,58,Male,General Medicine,Emergency,Sepsis,0,1,2,2,7,Home,2025-12-25,30,Low,0
P-4117,49,Female,Emergency,Emergency,Acute Kidney Injury,1,2,1,0,5,Home,2025-08-23,22,Low,1
P-4118,78,Male,Cardiology,Urgent,Acute Kidney Injury,0,0,10,2,7,Home,2025-02-08,59,Medium,1
P-4119,88,Male,Emergency,Elective,Heart Failure,1,1,1,2,7,Home,2025-12-29,53,Medium,1
P-4120,54,Female,Emergency,Emergency,Heart Failure,3,2,3,2,6,Home Health Care,2025-05-13,60,Medium,0
P-4121,52,Male,Pediatrics,Emergency,Pneumonia,1,1,2,2,7,Home,2025-08-01,34,Medium,0
P-4122,69,Female,General Medicine,Emergency,Diabetes with Complications,0,1,3,2,9,Skilled Nursing Facility,2025-08-21,41,Medium,1
P-4123,56,Female,Emergency,Emergency,Hypertension,0,1,1,1,6,Skilled Nursing Facility,2025-02-07,21,Low,0
P-4124,59,Male,Cardiology,Emergency,Heart Failure,0,0,6,4,7,Home,2025-04-12,49,Medium,1
P-4125,73,Female,Orthopedics,Elective,Acute Kidney Injury,0,1,4,6,2,Home,2025-06-28,65,High,1
P-4126,31,Male,Cardiology,Emergency,Pneumonia,2,0,3,3,10,Home,2025-10-13,37,Medium,0
P-4127,83,Male,Cardiology,Elective,Stroke,2,1,5,2,9,Home,2025-07-20,72,High,1
P-4128,63,Female,Emergency,Urgent,Hip Fracture,2,1,1,5,4,Skilled Nursing Facility,2025-12-04,63,High,1
P-4129,55,Male,Orthopedics,Urgent,Hypertension,2,0,9,1,8,Against Medical Advice,2025-06-13,53,Medium,1
P-4130,60,Male,Cardiology,Elective,Sepsis,3,0,3,3,8,Home,2025-03-09,61,High,1
P-4131,61,Female,Cardiology,Emergency,Acute Kidney Injury,1,0,5,2,7,Skilled Nursing Facility,2025-09-23,42,Medium,0
P-4132,34,Female,Emergency,Elective,Hypertension,5,2,2,1,7,Home Health Care,2025-02-06,57,Medium,1
P-4133,85,Female,Cardiology,Emergency,Acute Kidney Injury,2,0,17,1,9,Home,2025-09-07,87,High,1
P-4134,62,Female,General Medicine,Emergency,Heart Failure,1,0,3,1,7,Home,2025-07-15,31,Medium,0
P-4135,69,Female,Emergency,Elective,Sepsis,1,0,1,2,1,Home,2025-04-11,29,Low,1
P-4136,77,Female,Emergency,Urgent,Sepsis,1,1,1,0,11,Home,2025-11-29,38,Medium,1
P-4137,45,Male,Cardiology,Emergency,Pneumonia,1,0,2,5,2,Home,2025-01-23,38,Medium,0
P-4138,69,Other,Cardiology,Emergency,COPD,1,1,7,2,2,Home,2025-11-06,53,Medium,0
P-4139,57,Male,Orthopedics,Elective,COPD,0,0,2,3,7,Home,2025-07-13,30,Low,0
P-4140,75,Female,Orthopedics,Emergency,Sepsis,2,0,1,3,8,Home Health Care,2025-09-07,56,Medium,0
P-4141,27,Female,Cardiology,Elective,Hip Fracture,1,0,3,2,6,Home,2025-12-31,19,Low,0
P-4142,60,Female,Cardiology,Emergency,Gastrointestinal Bleed,1,0,2,1,5,Home,2025-10-28,25,Low,1
P-4143,52,Female,ICU,Emergency,Gastrointestinal Bleed,1,2,12,0,11,Home,2025-06-20,61,High,1
P-4144,68,Male,General Medicine,Emergency,Acute Kidney Injury,0,1,3,2,6,Home,2025-04-26,37,Medium,1
P-4145,69,Male,General Medicine,Urgent,Hip Fracture,1,1,2,2,10,Skilled Nursing Facility,2025-08-30,48,Medium,0
P-4146,50,Female,Emergency,Elective,Hip Fracture,3,1,3,2,11,Home Health Care,2025-06-23,58,Medium,1
P-4147,50,Male,General Medicine,Urgent,Hypertension,3,1,1,0,6,Home,2025-04-08,33,Medium,0
P-4148,60,Female,General Medicine,Emergency,COPD,1,0,4,3,1,Home Health Care,2025-02-19,38,Medium,1
P-4149,47,Male,Neurology,Urgent,COPD,1,1,20,1,12,Home,2025-02-25,79,High,1
P-4150,75,Female,ICU,Emergency,Pneumonia,2,1,2,3,8,Home,2025-03-08,65,High,1
P-4151,56,Female,Cardiology,Urgent,Acute Kidney Injury,1,2,13,4,6,Against Medical Advice,2025-09-03,82,High,1
P-4152,18,Male,ICU,Emergency,Hip Fracture,2,1,1,1,6,Home Health Care,2025-06-04,17,Low,0
P-4153,56,Female,Orthopedics,Emergency,Hip Fracture,2,2,5,1,6,Skilled Nursing Facility,2025-09-29,52,Medium,1
P-4154,45,Female,General Medicine,Emergency,Gastrointestinal Bleed,1,1,1,2,3,Skilled Nursing Facility,2025-05-16,24,Low,0
P-4155,35,Male,General Medicine,Elective,Heart Failure,0,1,10,3,9,Home,2025-12-25,48,Medium,1
P-4156,42,Female,ICU,Emergency,COPD,0,2,6,3,11,Home,2025-06-20,49,Medium,1
P-4157,63,Female,Cardiology,Urgent,Sepsis,0,1,10,1,1,Home,2025-08-31,41,Medium,1
P-4158,83,Male,Cardiology,Emergency,Acute Kidney Injury,2,2,6,3,4,Home Health Care,2025-07-07,79,High,1
P-4159,67,Female,General Medicine,Emergency,COPD,2,1,6,2,9,Skilled Nursing Facility,2025-04-25,66,High,1
P-4160,52,Male,Cardiology,Emergency,Pneumonia,1,1,4,2,6,Home Health Care,2025-01-16,39,Medium,0
P-4161,69,Male,ICU,Emergency,Diabetes with Complications,4,1,4,2,10,Home,2025-01-12,77,High,1
P-4162,54,Male,General Medicine,Elective,Gastrointestinal Bleed,2,1,7,1,10,Home Health Care,2025-02-07,55,Medium,0
P-4163,50,Female,Cardiology,Elective,Hypertension,0,0,4,3,10,Home Health Care,2025-06-19,35,Medium,0
P-4164,43,Female,Emergency,Urgent,Pneumonia,0,1,3,2,7,Home,2025-06-02,25,Low,1
P-4165,33,Male,Cardiology,Emergency,COPD,0,0,6,1,9,Home,2025-05-30,19,Low,0
P-4166,55,Male,Orthopedics,Urgent,Heart Failure,3,6,15,3,8,Home Health Care,2025-10-17,96,High,1
P-4167,64,Male,General Medicine,Emergency,Heart Failure,2,0,11,1,10,Home Health Care,2025-07-13,67,High,1
P-4168,60,Female,Neurology,Urgent,Hypertension,1,0,2,1,7,Home,2025-06-11,27,Low,0
P-4169,55,Male,Emergency,Emergency,Gastrointestinal Bleed,1,0,3,2,10,Home,2025-08-31,36,Medium,0
P-4170,46,Female,Neurology,Elective,COPD,0,1,15,4,2,Home,2025-01-22,67,High,1
P-4171,71,Male,Orthopedics,Elective,Hypertension,1,0,2,5,10,Home Health Care,2025-02-18,64,High,1
P-4172,40,Female,General Medicine,Emergency,COPD,1,2,1,4,7,Rehab,2025-07-29,44,Medium,0
P-4173,74,Female,Neurology,Emergency,Sepsis,1,0,3,4,7,Rehab,2025-03-09,58,Medium,0
P-4174,45,Female,Emergency,Elective,Diabetes with Complications,2,3,3,4,9,Home,2025-07-01,69,High,0
P-4175,49,Male,Emergency,Emergency,Sepsis,1,0,4,2,6,Skilled Nursing Facility,2025-10-02,31,Medium,0
P-4176,38,Female,ICU,Emergency,Stroke,2,1,1,0,10,Home,2025-10-02,24,Low,0
P-4177,53,Female,General Medicine,Elective,Heart Failure,2,0,2,3,2,Skilled Nursing Facility,2025-06-08,38,Medium,1
P-4178,77,Female,General Medicine,Elective,Hip Fracture,1,1,8,4,4,Home,2025-07-18,75,High,1
P-4179,70,Male,General Medicine,Transfer,Sepsis,2,0,3,1,4,Home Health Care,2025-01-17,40,Medium,1
P-4180,77,Female,Cardiology,Emergency,Gastrointestinal Bleed,2,1,12,4,3,Home,2025-01-23,87,High,1
P-4181,70,Male,Emergency,Emergency,COPD,2,1,4,0,8,Skilled Nursing Facility,2025-05-14,47,Medium,1
P-4182,44,Male,Cardiology,Emergency,Diabetes with Complications,2,1,1,3,2,Home,2025-04-27,36,Medium,1
P-4183,56,Male,General Medicine,Elective,Gastrointestinal Bleed,0,0,18,1,2,Home,2025-09-03,56,Medium,1
P-4184,49,Female,Cardiology,Urgent,Hip Fracture,0,1,2,1,4,Home,2025-07-06,18,Low,0
P-4185,83,Female,Neurology,Transfer,Diabetes with Complications,0,0,3,5,6,Home,2025-01-19,61,High,1
P-4186,42,Male,Cardiology,Urgent,Hip Fracture,2,1,11,3,9,Home,2025-08-16,71,High,0
P-4187,76,Male,Cardiology,Urgent,Hip Fracture,1,1,10,4,7,Home,2025-08-16,81,High,1
P-4188,76,Female,Orthopedics,Transfer,Acute Kidney Injury,2,0,6,2,9,Home,2025-08-21,65,High,1
P-4189,91,Male,Emergency,Emergency,Stroke,0,0,1,1,4,Skilled Nursing Facility,2025-03-20,30,Low,1
P-4190,55,Female,ICU,Urgent,Stroke,3,0,1,2,3,Against Medical Advice,2025-04-03,39,Medium,0
P-4191,73,Female,Emergency,Elective,COPD,0,1,1,0,5,Home,2025-02-07,22,Low,0
P-4192,95,Male,ICU,Emergency,Sepsis,1,2,7,5,6,Home,2025-01-11,89,High,0
P-4193,52,Male,Pediatrics,Emergency,Hypertension,2,0,9,1,3,Home,2025-09-13,45,Medium,0
P-4194,37,Female,General Medicine,Emergency,Sepsis,1,0,2,0,1,Home,2025-11-25,11,Low,1
P-4195,31,Male,Cardiology,Elective,Sepsis,3,0,1,1,1,Skilled Nursing Facility,2025-11-30,19,Low,0
P-4196,73,Male,General Medicine,Elective,Gastrointestinal Bleed,3,0,3,3,7,Home,2025-04-18,67,High,1
P-4197,31,Male,ICU,Emergency,Diabetes with Complications,1,0,12,2,9,Home Health Care,2025-10-19,47,Medium,1
P-4198,56,Male,General Medicine,Elective,Hypertension,1,0,4,2,2,Home,2025-11-11,31,Medium,1
P-4199,68,Female,Neurology,Emergency,Hip Fracture,0,1,6,0,6,Home Health Care,2025-12-28,33,Medium,1
P-4200,64,Female,Orthopedics,Urgent,Hip Fracture,1,0,6,1,12,Rehab,2025-06-05,46,Medium,1
P-4201,68,Female,Emergency,Elective,Heart Failure,0,0,9,2,9,Home,2025-09-21,52,Medium,0
P-4202,65,Male,Emergency,Transfer,Diabetes with Complications,2,0,19,1,6,Rehab,2025-09-07,82,High,1
P-4203,82,Male,ICU,Emergency,COPD,0,0,18,3,7,Home,2025-09-05,85,High,1
P-4204,46,Female,General Medicine,Urgent,Acute Kidney Injury,1,1,4,4,7,Home,2025-05-01,50,Medium,1
P-4205,51,Female,Emergency,Emergency,Acute Kidney Injury,0,1,2,2,6,Rehab,2025-05-19,25,Low,1
P-4206,49,Female,Emergency,Emergency,Sepsis,1,1,7,1,1,Home Health Care,2025-09-10,33,Medium,0
P-4207,75,Male,Neurology,Emergency,Stroke,2,2,6,1,6,Home,2025-11-13,66,High,1
P-4208,76,Female,Cardiology,Elective,Heart Failure,5,2,7,0,5,Home,2025-03-14,82,High,0
P-4209,69,Male,ICU,Transfer,Stroke,0,0,2,1,7,Home,2025-03-27,25,Low,0
P-4210,80,Female,ICU,Elective,Sepsis,2,3,4,1,7,Home Health Care,2025-09-26,70,High,1
P-4211,43,Female,Cardiology,Urgent,Acute Kidney Injury,0,2,1,0,4,Skilled Nursing Facility,2025-10-06,14,Low,0
P-4212,88,Female,ICU,Emergency,Sepsis,2,0,2,1,8,Home,2025-11-28,53,Medium,0
P-4213,86,Female,Emergency,Emergency,Hip Fracture,1,1,3,2,8,Home Health Care,2025-02-08,59,Medium,0
P-4214,73,Female,Emergency,Emergency,Sepsis,2,0,6,2,8,Home,2025-10-12,62,High,1
P-4215,90,Male,Cardiology,Emergency,Acute Kidney Injury,3,0,2,3,3,Home,2025-05-07,70,High,1
P-4216,35,Male,General Medicine,Transfer,Sepsis,2,0,2,1,12,Home,2025-05-19,27,Low,1
P-4217,53,Female,Cardiology,Elective,Gastrointestinal Bleed,1,0,8,4,2,Home,2025-10-09,54,Medium,1
P-4218,50,Male,General Medicine,Emergency,Heart Failure,0,2,12,2,11,Home,2025-02-07,65,High,0
P-4219,73,Male,Emergency,Elective,Pneumonia,1,1,9,4,8,Home,2025-04-15,79,High,1
P-4220,45,Male,Emergency,Emergency,Pneumonia,2,1,1,3,10,Home,2025-04-24,46,Medium,0
P-4221,74,Male,Neurology,Emergency,Gastrointestinal Bleed,2,1,3,2,5,Home,2025-12-15,57,Medium,1
P-4222,83,Female,ICU,Emergency,Pneumonia,1,1,6,3,1,Home,2025-06-05,64,High,1
P-4223,73,Male,Emergency,Elective,Sepsis,5,2,6,3,3,Home,2025-02-02,89,High,1
P-4224,66,Female,Orthopedics,Transfer,Gastrointestinal Bleed,0,0,3,0,6,Home,2025-04-23,20,Low,1
P-4225,46,Female,General Medicine,Emergency,Hypertension,0,2,3,2,7,Home,2025-05-21,31,Medium,0
P-4226,48,Male,Cardiology,Emergency,Acute Kidney Injury,0,0,4,3,9,Home,2025-04-18,33,Medium,1
P-4227,81,Female,Emergency,Emergency,Hypertension,2,0,6,2,1,Against Medical Advice,2025-02-08,59,Medium,0
P-4228,74,Male,General Medicine,Emergency,Gastrointestinal Bleed,0,3,1,0,6,Home,2025-12-15,34,Medium,0
P-4229,61,Female,Orthopedics,Elective,Gastrointestinal Bleed,2,1,5,2,11,Home,2025-02-03,62,High,1
P-4230,55,Male,ICU,Emergency,Sepsis,1,1,4,4,15,Home Health Care,2025-04-04,65,High,0
P-4231,29,Male,ICU,Elective,Hip Fracture,1,1,1,2,14,Home,2025-03-16,27,Low,0
P-4232,44,Male,Emergency,Emergency,Gastrointestinal Bleed,5,0,1,1,13,Home,2025-09-18,55,Medium,1
P-4233,92,Male,Cardiology,Emergency,Gastrointestinal Bleed,0,1,2,0,6,Home,2025-12-28,35,Medium,0
P-4234,41,Female,Cardiology,Emergency,Hip Fracture,4,0,2,1,7,Home,2025-07-21,40,Medium,1
P-4235,65,Male,Cardiology,Emergency,COPD,0,2,7,3,10,Skilled Nursing Facility,2025-10-14,65,High,0
P-4236,78,Female,Cardiology,Urgent,Hip Fracture,3,0,2,1,10,Home,2025-10-22,58,Medium,0
P-4237,41,Male,Cardiology,Emergency,Diabetes with Complications,0,0,7,1,4,Home,2025-06-11,21,Low,1
P-4238,64,Female,Neurology,Emergency,Pneumonia,0,1,4,4,5,Home,2025-03-17,50,Medium,1
P-4239,77,Female,Cardiology,Elective,Gastrointestinal Bleed,1,0,2,2,3,Home,2025-07-23,38,Medium,0
P-4240,62,Female,Cardiology,Transfer,Hypertension,1,0,7,0,8,Home,2025-08-25,36,Medium,0
P-4241,95,Male,Cardiology,Urgent,COPD,2,1,6,1,9,Home,2025-12-26,75,High,1
P-4242,35,Female,Neurology,Emergency,Diabetes with Complications,1,0,1,2,6,Home Health Care,2025-05-16,18,Low,1
P-4243,78,Male,General Medicine,Emergency,Pneumonia,1,3,6,3,7,Home Health Care,2025-08-03,78,High,1
P-4244,59,Male,General Medicine,Elective,Stroke,1,1,5,1,10,Home,2025-07-13,44,Medium,1
P-4245,74,Female,Cardiology,Urgent,Gastrointestinal Bleed,1,1,3,2,8,Home Health Care,2025-10-02,52,Medium,1
P-4246,69,Other,Orthopedics,Emergency,Stroke,6,1,5,3,1,Skilled Nursing Facility,2025-07-25,87,High,1
P-4247,50,Female,Emergency,Emergency,Hip Fracture,1,1,1,1,6,Against Medical Advice,2025-12-28,24,Low,0
P-4248,65,Female,Cardiology,Emergency,Pneumonia,0,0,4,3,5,Home,2025-06-07,38,Medium,0
P-4249,32,Female,General Medicine,Emergency,Stroke,1,3,1,0,5,Rehab,2025-07-18,19,Low,0
P-4250,71,Other,Orthopedics,Elective,Heart Failure,3,0,1,1,5,Home,2025-08-26,44,Medium,1
P-4251,66,Female,General Medicine,Emergency,Sepsis,2,0,2,3,1,Home Health Care,2025-05-29,45,Medium,0
P-4252,72,Male,Orthopedics,Emergency,Pneumonia,1,0,1,3,10,Home,2025-10-06,48,Medium,0
P-4253,78,Female,Neurology,Emergency,Diabetes with Complications,0,1,1,2,7,Skilled Nursing Facility,2025-04-18,38,Medium,0
P-4254,67,Male,Cardiology,Emergency,COPD,2,0,10,2,12,Home,2025-09-17,74,High,1
P-4255,64,Male,Emergency,Emergency,Gastrointestinal Bleed,2,0,11,2,1,Home Health Care,2025-04-27,63,High,0
P-4256,47,Female,ICU,Emergency,Sepsis,2,0,6,1,4,Home,2025-12-03,35,Medium,0
P-4257,50,Male,Orthopedics,Urgent,Gastrointestinal Bleed,1,1,7,1,4,Skilled Nursing Facility,2025-01-09,37,Medium,0
P-4258,80,Male,Cardiology,Emergency,Hip Fracture,3,2,3,1,6,Against Medical Advice,2025-02-12,69,High,1
P-4259,84,Male,Orthopedics,Elective,Acute Kidney Injury,4,1,4,1,4,Home,2025-05-26,73,High,0
P-4260,58,Female,Emergency,Urgent,Hip Fracture,1,0,8,1,8,Home,2025-05-24,44,Medium,0
P-4261,62,Other,Emergency,Emergency,Diabetes with Complications,3,2,4,0,16,Home,2025-12-07,66,High,0
P-4262,47,Male,ICU,Emergency,Hip Fracture,2,3,7,1,6,Home,2025-08-07,59,Medium,1
P-4263,80,Male,Emergency,Emergency,Heart Failure,3,1,3,4,9,Rehab,2025-11-17,82,High,1
P-4264,72,Male,Orthopedics,Elective,Pneumonia,0,2,2,3,4,Home,2025-04-22,47,Medium,0
P-4265,93,Female,ICU,Elective,Stroke,3,1,9,2,10,Home,2025-10-24,89,High,1
P-4266,47,Female,Emergency,Emergency,COPD,3,1,2,2,8,Home Health Care,2025-10-20,49,Medium,1
P-4267,55,Male,ICU,Urgent,Stroke,1,1,3,2,8,Home,2025-05-15,40,Medium,1
P-4268,65,Male,Emergency,Elective,Heart Failure,0,0,1,4,6,Home,2025-09-16,37,Medium,0
P-4269,72,Female,Cardiology,Emergency,Stroke,1,1,4,3,10,Home,2025-10-23,63,High,1
P-4270,58,Female,Cardiology,Elective,Pneumonia,0,0,5,2,8,Home,2025-06-13,33,Medium,1
P-4271,48,Male,Orthopedics,Emergency,Diabetes with Complications,2,0,3,5,11,Home,2025-04-17,62,High,0
P-4272,76,Male,Emergency,Elective,Gastrointestinal Bleed,1,1,5,2,3,Home,2025-04-29,53,Medium,0
P-4273,73,Male,Cardiology,Emergency,Diabetes with Complications,0,1,3,3,7,Home,2025-02-25,48,Medium,0
P-4274,47,Female,General Medicine,Elective,Pneumonia,0,1,3,1,6,Skilled Nursing Facility,2025-06-25,21,Low,0
P-4275,83,Female,Cardiology,Emergency,Pneumonia,2,1,3,4,5,Home,2025-10-02,74,High,0
P-4276,80,Female,Cardiology,Elective,COPD,2,2,9,4,7,Skilled Nursing Facility,2025-11-16,89,High,1
P-4277,64,Female,Emergency,Emergency,Stroke,1,0,6,3,9,Home Health Care,2025-08-26,56,Medium,1
P-4278,63,Female,Cardiology,Elective,Stroke,2,2,3,4,8,Home,2025-09-27,72,High,1
P-4279,70,Female,General Medicine,Emergency,Gastrointestinal Bleed,1,2,5,3,7,Home Health Care,2025-06-19,67,High,0
P-4280,48,Male,Emergency,Emergency,Hypertension,1,1,8,2,3,Home,2025-10-20,44,Medium,0
P-4281,62,Male,General Medicine,Emergency,Hip Fracture,0,3,3,3,7,Skilled Nursing Facility,2025-01-25,54,Medium,0
P-4282,27,Female,Neurology,Emergency,Sepsis,0,0,9,3,2,Skilled Nursing Facility,2025-02-05,27,Low,0
P-4283,76,Female,Cardiology,Elective,Sepsis,2,0,1,3,7,Home,2025-10-03,55,Medium,1
P-4284,37,Male,Emergency,Transfer,Acute Kidney Injury,0,4,5,4,4,Home Health Care,2025-05-12,54,Medium,1
P-4285,86,Male,Emergency,Elective,Diabetes with Complications,2,1,3,4,10,Home,2025-06-13,80,High,1
P-4286,56,Male,Cardiology,Urgent,Sepsis,2,2,1,1,6,Home,2025-05-03,40,Medium,0
P-4287,58,Male,Orthopedics,Emergency,Sepsis,0,0,11,5,3,Home,2025-12-29,65,High,0
P-4288,51,Male,General Medicine,Emergency,Acute Kidney Injury,3,1,4,2,8,Home Health Care,2025-05-24,58,Medium,0
P-4289,57,Female,Emergency,Elective,Sepsis,2,2,4,2,6,Home,2025-08-25,57,Medium,0
P-4290,84,Female,Emergency,Transfer,Acute Kidney Injury,1,0,4,0,5,Home,2025-09-30,37,Medium,1
P-4291,22,Female,ICU,Elective,COPD,0,1,4,4,5,Skilled Nursing Facility,2025-09-25,26,Low,0
P-4292,82,Female,General Medicine,Emergency,Pneumonia,0,0,4,3,4,Home Health Care,2025-12-14,47,Medium,0
P-4293,67,Female,General Medicine,Emergency,Heart Failure,2,1,10,2,9,Skilled Nursing Facility,2025-12-25,76,High,1
P-4294,42,Male,General Medicine,Emergency,COPD,1,1,14,2,5,Home,2025-05-27,61,High,0
P-4295,44,Male,Cardiology,Emergency,Gastrointestinal Bleed,6,1,5,0,8,Home,2025-12-08,68,High,1
P-4296,88,Male,General Medicine,Elective,Stroke,1,1,3,1,8,Skilled Nursing Facility,2025-07-03,53,Medium,0
P-4297,46,Female,Emergency,Emergency,Stroke,2,1,4,1,10,Home,2025-08-15,42,Medium,0
P-4298,43,Male,Emergency,Urgent,Stroke,5,4,6,0,6,Home Health Care,2025-12-07,76,High,1
P-4299,80,Female,Emergency,Urgent,COPD,1,1,4,1,1,Home,2025-08-09,43,Medium,0
P-4300,67,Male,Emergency,Urgent,Stroke,1,1,2,3,9,Home Health Care,2025-03-17,53,Medium,0
P-4301,46,Female,General Medicine,Urgent,Diabetes with Complications,2,1,5,6,5,Home Health Care,2025-09-26,72,High,0
P-4302,65,Male,Orthopedics,Emergency,Hip Fracture,1,1,10,1,5,Rehab,2025-12-08,56,Medium,0
P-4303,45,Female,ICU,Transfer,Hypertension,0,1,1,3,14,Home,2025-12-23,34,Medium,0
P-4304,79,Male,Neurology,Emergency,Hip Fracture,1,0,1,0,10,Skilled Nursing Facility,2025-04-03,32,Medium,0
P-4305,78,Male,Emergency,Urgent,Gastrointestinal Bleed,3,2,17,2,7,Home,2025-10-26,94,High,1
P-4306,70,Female,General Medicine,Emergency,Acute Kidney Injury,2,1,8,1,5,Home,2025-12-18,62,High,1
P-4307,67,Other,Orthopedics,Emergency,Hypertension,2,0,3,3,7,Home,2025-04-02,56,Medium,1
P-4308,90,Female,Emergency,Emergency,Hip Fracture,1,0,1,4,1,Home,2025-04-24,55,Medium,1
P-4309,61,Female,Orthopedics,Emergency,Diabetes with Complications,2,0,13,0,10,Home,2025-10-10,64,High,0
P-4310,43,Female,Cardiology,Urgent,Hypertension,1,2,8,1,3,Rehab,2025-10-03,40,Medium,1
P-4311,69,Female,Cardiology,Urgent,Hypertension,1,1,5,3,1,Home,2025-01-09,53,Medium,0
P-4312,95,Male,General Medicine,Emergency,Hip Fracture,0,0,8,3,2,Home,2025-03-08,64,High,1
P-4313,45,Male,Orthopedics,Emergency,Hypertension,2,1,5,2,4,Rehab,2025-06-01,43,Medium,1
P-4314,56,Male,Orthopedics,Elective,Gastrointestinal Bleed,0,1,6,5,7,Home,2025-05-09,60,Medium,0
P-4315,68,Female,General Medicine,Emergency,Sepsis,2,0,11,0,6,Home,2025-10-22,58,Medium,0
P-4316,61,Female,Emergency,Elective,Sepsis,0,1,3,1,3,Home,2025-04-07,24,Low,1
P-4317,46,Female,Emergency,Emergency,COPD,1,3,4,2,4,Home,2025-10-11,45,Medium,0
P-4318,79,Male,Pediatrics,Elective,Hip Fracture,3,0,7,0,2,Home,2025-07-23,57,Medium,1
P-4319,95,Male,Emergency,Transfer,Stroke,2,1,2,2,9,Home,2025-05-10,71,High,0
P-4320,65,Female,General Medicine,Emergency,Gastrointestinal Bleed,1,2,5,3,9,Home Health Care,2025-05-30,66,High,0
P-4321,47,Male,Emergency,Emergency,Heart Failure,1,0,2,2,11,Home Health Care,2025-08-19,30,Low,1
P-4322,37,Female,General Medicine,Urgent,Hypertension,1,0,1,2,6,Skilled Nursing Facility,2025-12-01,19,Low,1
P-4323,66,Male,Emergency,Urgent,Hip Fracture,3,0,1,2,7,Home,2025-12-03,51,Medium,1
P-4324,79,Male,Pediatrics,Transfer,Hip Fracture,1,1,1,1,8,Home,2025-11-24,42,Medium,0
P-4325,69,Female,General Medicine,Elective,Gastrointestinal Bleed,0,0,4,1,9,Home,2025-08-09,32,Medium,1
P-4326,61,Male,Neurology,Emergency,Stroke,0,1,1,0,1,Home,2025-01-30,15,Low,0
P-4327,52,Male,ICU,Emergency,Gastrointestinal Bleed,1,0,4,4,4,Skilled Nursing Facility,2025-08-14,44,Medium,1
P-4328,44,Female,General Medicine,Emergency,Hypertension,0,0,6,2,5,Home,2025-08-26,26,Low,0
P-4329,75,Female,General Medicine,Elective,Hip Fracture,2,0,5,4,1,Rehab,2025-04-03,66,High,0
P-4330,76,Female,General Medicine,Emergency,Gastrointestinal Bleed,3,2,7,3,10,Home,2025-01-21,87,High,1
P-4331,37,Female,Neurology,Elective,Gastrointestinal Bleed,2,2,4,1,1,Home,2025-01-07,32,Medium,1
P-4332,87,Male,ICU,Urgent,Heart Failure,0,0,7,2,1,Home,2025-04-24,48,Medium,1
P-4333,71,Male,ICU,Transfer,Pneumonia,3,2,8,3,4,Home,2025-05-05,84,High,1
P-4334,84,Female,Emergency,Emergency,Sepsis,3,1,2,2,5,Home Health Care,2025-10-03,68,High,1
P-4335,40,Male,ICU,Emergency,Stroke,2,3,9,4,11,Rehab,2025-03-01,82,High,1
P-4336,40,Male,Pediatrics,Urgent,COPD,1,0,13,3,13,Home,2025-11-19,67,High,1
P-4337,59,Female,Cardiology,Emergency,Hypertension,2,1,6,4,7,Home,2025-08-05,71,High,0
P-4338,70,Male,Emergency,Urgent,Diabetes with Complications,2,1,16,1,4,Home,2025-05-06,80,High,1
P-4339,90,Female,ICU,Urgent,COPD,3,0,1,3,2,Home,2025-05-26,66,High,0
P-4340,73,Male,Emergency,Emergency,Sepsis,1,0,1,2,8,Home,2025-04-22,39,Medium,1
P-4341,58,Male,Emergency,Emergency,COPD,3,1,11,1,2,Home Health Care,2025-07-03,68,High,1
P-4342,45,Male,ICU,Emergency,Hypertension,0,1,1,5,5,Home Health Care,2025-12-26,36,Medium,0
P-4343,81,Female,Emergency,Elective,Diabetes with Complications,0,0,4,2,10,Home,2025-07-13,47,Medium,0
P-4344,46,Male,Emergency,Emergency,Gastrointestinal Bleed,0,3,2,1,8,Home,2025-01-21,29,Low,0
P-4345,88,Female,Pediatrics,Elective,Heart Failure,2,1,3,1,4,Skilled Nursing Facility,2025-11-14,57,Medium,0
P-4346,57,Female,Cardiology,Urgent,Hypertension,1,0,3,1,9,Home,2025-07-07,30,Low,0
P-4347,87,Male,Emergency,Emergency,Stroke,0,1,1,0,4,Home,2025-10-24,28,Low,0
P-4348,72,Female,Pediatrics,Transfer,Gastrointestinal Bleed,1,0,4,3,11,Home,2025-05-17,58,Medium,0
P-4349,59,Female,General Medicine,Elective,Pneumonia,0,2,2,1,3,Home,2025-01-03,26,Low,0
P-4350,53,Female,Pediatrics,Urgent,Sepsis,1,0,3,2,10,Home,2025-10-05,35,Medium,0
P-4351,56,Male,Pediatrics,Emergency,Gastrointestinal Bleed,0,1,7,6,3,Home,2025-07-22,65,High,1
P-4352,68,Female,Emergency,Emergency,Gastrointestinal Bleed,2,0,5,3,9,Home,2025-11-27,64,High,1
P-4353,63,Female,General Medicine,Emergency,COPD,2,0,5,0,8,Home Health Care,2025-12-17,40,Medium,1
P-4354,52,Male,Cardiology,Emergency,Hip Fracture,0,1,4,3,4,Home,2025-05-19,35,Medium,1
P-4355,59,Male,Emergency,Emergency,Hip Fracture,2,0,1,2,13,Home,2025-01-24,45,Medium,1
P-4356,63,Male,Orthopedics,Urgent,Stroke,1,2,3,0,1,Home Health Care,2025-10-01,30,Low,0
P-4357,27,Male,Emergency,Emergency,Sepsis,1,1,3,1,5,Home Health Care,2025-09-23,18,Low,0
P-4358,69,Male,General Medicine,Transfer,Pneumonia,1,1,2,0,3,Home,2025-07-21,27,Low,0
P-4359,46,Male,General Medicine,Elective,COPD,1,1,5,2,7,Against Medical Advice,2025-03-31,39,Medium,1
P-4360,43,Male,Cardiology,Emergency,Gastrointestinal Bleed,4,1,4,1,7,Home,2025-11-25,53,Medium,1
P-4361,35,Female,Orthopedics,Emergency,Hypertension,4,1,2,1,2,Home Health Care,2025-12-02,36,Medium,0
P-4362,33,Female,Emergency,Transfer,Stroke,1,0,2,1,6,Rehab,2025-01-12,15,Low,0
P-4363,40,Female,Cardiology,Elective,Hip Fracture,1,1,1,3,11,Home Health Care,2025-10-21,36,Medium,1
P-4364,50,Female,Orthopedics,Emergency,Sepsis,0,0,10,0,8,Home Health Care,2025-06-26,30,Low,0
P-4365,93,Male,Emergency,Urgent,Heart Failure,0,1,13,2,12,Skilled Nursing Facility,2025-10-08,83,High,0
P-4366,53,Male,General Medicine,Emergency,Gastrointestinal Bleed,2,5,8,1,7,Home,2025-01-05,76,High,1
P-4367,64,Female,Emergency,Elective,Pneumonia,3,0,5,2,1,Home,2025-10-20,54,Medium,0
P-4368,68,Male,Emergency,Emergency,Pneumonia,1,0,15,2,3,Home Health Care,2025-04-13,70,High,1
P-4369,64,Male,Orthopedics,Emergency,Gastrointestinal Bleed,2,0,3,3,6,Skilled Nursing Facility,2025-12-16,52,Medium,0
P-4370,60,Male,General Medicine,Emergency,COPD,1,1,1,2,3,Home Health Care,2025-12-12,32,Medium,1
P-4371,42,Male,Emergency,Urgent,Hip Fracture,1,0,3,0,6,Rehab,2025-02-16,16,Low,0
P-4372,85,Male,Cardiology,Urgent,COPD,5,1,1,0,10,Home,2025-08-27,74,High,1
P-4373,90,Male,Orthopedics,Emergency,Diabetes with Complications,1,0,6,3,11,Skilled Nursing Facility,2025-04-15,73,High,1
P-4374,35,Male,ICU,Emergency,Acute Kidney Injury,1,2,2,4,6,Rehab,2025-03-16,42,Medium,0
P-4375,45,Female,Orthopedics,Emergency,Pneumonia,0,1,3,3,3,Home,2025-03-15,27,Low,0
P-4376,57,Male,Emergency,Emergency,COPD,1,0,13,2,9,Rehab,2025-11-03,66,High,1
P-4377,46,Female,General Medicine,Emergency,Pneumonia,0,0,23,4,8,Home,2025-10-15,85,High,1
P-4378,70,Female,Neurology,Emergency,Heart Failure,0,0,4,2,6,Rehab,2025-05-23,35,Medium,0
P-4379,50,Female,Cardiology,Emergency,COPD,2,0,2,4,4,Skilled Nursing Facility,2025-07-21,45,Medium,0
P-4380,95,Male,General Medicine,Emergency,Gastrointestinal Bleed,1,0,3,0,1,Home,2025-06-29,36,Medium,1
P-4381,81,Female,General Medicine,Elective,Stroke,2,1,10,2,7,Home,2025-12-17,80,High,1
P-4382,65,Male,General Medicine,Urgent,Sepsis,5,0,2,0,7,Home,2025-10-12,57,Medium,1
P-4383,78,Male,Emergency,Elective,Hypertension,2,0,1,2,14,Home,2025-06-28,58,Medium,0
P-4384,79,Female,General Medicine,Elective,Gastrointestinal Bleed,0,1,8,0,5,Home,2025-05-13,43,Medium,1
P-4385,52,Male,General Medicine,Emergency,COPD,0,1,4,0,7,Home,2025-03-23,21,Low,1
P-4386,48,Male,Orthopedics,Emergency,Sepsis,3,1,11,3,7,Home,2025-07-30,79,High,0
P-4387,63,Male,General Medicine,Elective,Pneumonia,2,2,6,1,9,Home,2025-05-02,63,High,1
P-4388,75,Male,Emergency,Elective,Pneumonia,2,0,1,3,9,Rehab,2025-04-14,57,Medium,0
P-4389,64,Male,Pediatrics,Emergency,Hypertension,3,0,7,1,11,Home,2025-06-06,65,High,1
P-4390,36,Female,Emergency,Emergency,Hypertension,2,2,1,3,8,Home Health Care,2025-05-04,44,Medium,1
P-4391,49,Male,ICU,Urgent,Hip Fracture,2,1,1,3,8,Home,2025-01-17,46,Medium,1
P-4392,60,Male,Emergency,Elective,Acute Kidney Injury,2,4,4,2,10,Home Health Care,2025-11-27,74,High,0
P-4393,60,Female,Cardiology,Elective,Hip Fracture,2,0,3,2,7,Skilled Nursing Facility,2025-06-26,44,Medium,1
P-4394,93,Female,Cardiology,Elective,Gastrointestinal Bleed,1,1,2,1,6,Home,2025-06-29,51,Medium,1
P-4395,39,Female,Cardiology,Emergency,Diabetes with Complications,2,0,4,1,11,Home,2025-09-13,33,Medium,0
P-4396,70,Female,ICU,Emergency,Stroke,2,0,7,4,10,Home Health Care,2025-08-03,77,High,0
P-4397,85,Female,General Medicine,Transfer,Diabetes with Complications,0,1,4,5,4,Home,2025-08-13,68,High,1
P-4398,95,Female,ICU,Emergency,Stroke,2,1,7,1,5,Home,2025-05-21,73,High,0
P-4399,55,Male,Cardiology,Emergency,Pneumonia,0,1,3,2,6,Home,2025-09-28,30,Low,0
P-4400,69,Female,ICU,Elective,Hip Fracture,3,1,4,3,9,Home,2025-07-20,75,High,1
P-4401,71,Female,ICU,Emergency,COPD,3,1,4,2,4,Home Health Care,2025-10-01,65,High,1
P-4402,65,Female,Cardiology,Elective,Gastrointestinal Bleed,2,1,2,3,1,Rehab,2025-04-25,50,Medium,0
P-4403,60,Female,General Medicine,Emergency,COPD,1,0,3,1,9,Home,2025-05-02,32,Medium,1
P-4404,68,Male,Pediatrics,Elective,Diabetes with Complications,1,0,4,1,5,Home,2025-12-20,35,Medium,0
P-4405,21,Male,Orthopedics,Elective,COPD,1,0,10,5,2,Home,2025-02-04,47,Medium,1
P-4406,72,Female,Orthopedics,Emergency,Acute Kidney Injury,1,0,4,1,1,Rehab,2025-03-02,32,Medium,0
P-4407,64,Male,Cardiology,Emergency,Hip Fracture,0,0,1,3,10,Skilled Nursing Facility,2025-11-29,35,Medium,1
P-4408,58,Female,Cardiology,Emergency,Pneumonia,0,1,6,2,10,Home,2025-09-26,45,Medium,1
P-4409,94,Male,ICU,Emergency,Gastrointestinal Bleed,1,1,4,2,7,Skilled Nursing Facility,2025-10-26,65,High,0
P-4410,51,Female,General Medicine,Emergency,Gastrointestinal Bleed,0,0,3,3,4,Rehab,2025-12-30,26,Low,1
P-4411,55,Female,ICU,Emergency,Hypertension,0,0,6,3,5,Home,2025-08-29,37,Medium,0
P-4412,93,Male,General Medicine,Elective,Pneumonia,0,1,1,2,4,Home Health Care,2025-05-16,44,Medium,0
P-4413,48,Male,Cardiology,Elective,Hip Fracture,1,1,7,1,4,Home,2025-03-13,36,Medium,1
P-4414,53,Male,Cardiology,Emergency,Sepsis,1,0,6,0,5,Home,2025-07-29,26,Low,0
P-4415,59,Female,Pediatrics,Emergency,Sepsis,2,4,1,2,2,Home,2025-05-24,56,Medium,1
P-4416,75,Female,General Medicine,Emergency,Diabetes with Complications,4,2,9,2,2,Home,2025-11-05,86,High,1
P-4417,65,Male,Orthopedics,Elective,Hip Fracture,0,1,1,2,1,Rehab,2025-02-27,25,Low,0
P-4418,41,Male,General Medicine,Emergency,Stroke,3,0,6,2,1,Skilled Nursing Facility,2025-10-11,43,Medium,1
P-4419,53,Female,Orthopedics,Emergency,Diabetes with Complications,2,1,3,2,3,Home,2025-05-26,41,Medium,0
P-4420,52,Female,General Medicine,Emergency,COPD,1,0,7,2,2,Home,2025-05-31,37,Medium,0
P-4421,60,Male,Neurology,Transfer,Acute Kidney Injury,3,0,1,1,8,Home,2025-07-28,41,Medium,1
P-4422,68,Male,Cardiology,Elective,Gastrointestinal Bleed,0,0,2,1,5,Home,2025-10-02,23,Low,0
P-4423,68,Female,General Medicine,Urgent,Hypertension,2,0,3,1,8,Home Health Care,2025-08-10,44,Medium,1
P-4424,33,Female,General Medicine,Emergency,Diabetes with Complications,1,1,6,5,5,Home,2025-08-27,52,Medium,1
P-4425,79,Female,Emergency,Emergency,Stroke,3,1,5,1,4,Home,2025-01-19,66,High,0
P-4426,66,Male,Orthopedics,Emergency,Acute Kidney Injury,2,0,14,3,10,Home,2025-02-16,84,High,1
P-4427,84,Female,Pediatrics,Transfer,Diabetes with Complications,0,1,4,1,4,Home,2025-02-23,40,Medium,0
P-4428,69,Female,Emergency,Emergency,Hypertension,0,1,2,3,4,Home Health Care,2025-05-23,39,Medium,1
P-4429,79,Female,Emergency,Emergency,Pneumonia,1,0,3,3,8,Home,2025-03-17,56,Medium,0
P-4430,69,Male,Emergency,Emergency,Acute Kidney Injury,4,0,1,3,5,Home Health Care,2025-06-21,65,High,0
P-4431,83,Male,Orthopedics,Elective,Hypertension,2,0,1,4,8,Home Health Care,2025-04-07,67,High,1
P-4432,70,Male,General Medicine,Emergency,Heart Failure,0,0,4,2,5,Home,2025-06-25,34,Medium,0
P-4433,60,Female,ICU,Emergency,Stroke,4,0,17,2,1,Rehab,2025-09-04,86,High,1
P-4434,95,Female,Emergency,Transfer,Heart Failure,1,0,2,3,4,Home,2025-06-01,58,Medium,0
P-4435,76,Male,ICU,Emergency,Sepsis,2,0,7,1,9,Skilled Nursing Facility,2025-07-05,62,High,0
P-4436,71,Female,General Medicine,Elective,Sepsis,1,2,3,1,1,Home,2025-09-08,40,Medium,1
P-4437,41,Male,Emergency,Emergency,Heart Failure,1,1,1,1,5,Home,2025-05-04,19,Low,0
P-4438,41,Male,Emergency,Urgent,Stroke,0,0,1,3,1,Home,2025-08-10,16,Low,1
P-4439,66,Male,General Medicine,Emergency,Hip Fracture,1,0,5,4,6,Home,2025-08-17,58,Medium,0
P-4440,64,Female,ICU,Emergency,Pneumonia,1,0,2,3,7,Rehab,2025-11-05,42,Medium,0
P-4441,52,Female,Cardiology,Elective,Hypertension,3,1,9,2,4,Home,2025-11-03,68,High,1
P-4442,64,Female,Emergency,Emergency,Heart Failure,2,1,3,3,8,Home Health Care,2025-05-26,61,High,1
P-4443,87,Female,Cardiology,Urgent,Diabetes with Complications,2,0,2,2,1,Skilled Nursing Facility,2025-09-30,51,Medium,0
P-4444,73,Male,Emergency,Elective,Heart Failure,1,1,7,2,13,Home,2025-06-27,68,High,0
P-4445,43,Female,Pediatrics,Elective,Gastrointestinal Bleed,1,1,1,0,10,Rehab,2025-04-25,20,Low,1
P-4446,60,Male,Orthopedics,Emergency,COPD,1,5,14,1,9,Home,2025-06-20,86,High,1
P-4447,49,Male,Orthopedics,Elective,Stroke,2,2,2,3,9,Skilled Nursing Facility,2025-05-23,56,Medium,1
P-4448,55,Male,Neurology,Elective,Acute Kidney Injury,0,3,8,2,8,Home Health Care,2025-01-30,59,Medium,1
P-4449,55,Male,Emergency,Elective,Gastrointestinal Bleed,1,1,4,2,8,Home Health Care,2025-05-26,43,Medium,0
P-4450,54,Male,Cardiology,Emergency,Gastrointestinal Bleed,0,0,7,1,11,Home,2025-02-27,34,Medium,0
P-4451,41,Male,Cardiology,Urgent,Sepsis,1,0,1,2,4,Home Health Care,2025-09-28,19,Low,0
P-4452,59,Female,Orthopedics,Emergency,Acute Kidney Injury,1,0,2,3,2,Home,2025-08-16,33,Medium,0
P-4453,53,Male,General Medicine,Emergency,Hypertension,3,1,1,4,1,Home,2025-03-18,55,Medium,1
P-4454,18,Female,Cardiology,Transfer,Heart Failure,0,0,1,0,7,Home,2025-02-01,6,Low,0
P-4455,94,Male,Emergency,Elective,COPD,2,1,2,2,8,Home,2025-08-19,69,High,1
P-4456,79,Male,Emergency,Emergency,Acute Kidney Injury,4,0,9,1,9,Home,2025-11-20,82,High,1
P-4457,55,Male,Emergency,Urgent,Gastrointestinal Bleed,1,1,7,2,2,Skilled Nursing Facility,2025-12-20,44,Medium,0
P-4458,62,Male,Orthopedics,Emergency,Diabetes with Complications,4,0,2,4,4,Home Health Care,2025-09-23,69,High,1
P-4459,43,Male,Emergency,Emergency,Diabetes with Complications,1,1,3,1,4,Home Health Care,2025-04-29,23,Low,1
P-4460,89,Female,Neurology,Elective,Pneumonia,0,0,6,3,7,Skilled Nursing Facility,2025-04-25,61,High,0
P-4461,92,Female,Emergency,Emergency,Pneumonia,2,0,8,2,5,Home Health Care,2025-04-01,74,High,0
P-4462,64,Male,General Medicine,Urgent,Stroke,2,1,3,1,4,Home,2025-08-14,42,Medium,0
P-4463,78,Male,Neurology,Urgent,Heart Failure,0,0,7,1,7,Home Health Care,2025-09-28,43,Medium,0
P-4464,64,Female,Neurology,Emergency,Diabetes with Complications,4,1,4,4,7,Rehab,2025-02-01,82,High,1
P-4465,40,Male,ICU,Urgent,Heart Failure,4,1,22,3,8,Home,2025-10-03,94,High,1
P-4466,55,Male,Cardiology,Emergency,Gastrointestinal Bleed,1,1,6,2,7,Home Health Care,2025-02-22,48,Medium,0
P-4467,64,Female,Emergency,Emergency,Hypertension,0,1,7,0,2,Home,2025-06-14,29,Low,0
P-4468,54,Female,Emergency,Urgent,Gastrointestinal Bleed,2,0,9,1,1,Home,2025-05-16,44,Medium,0
P-4469,58,Female,General Medicine,Urgent,Pneumonia,3,1,1,1,9,Rehab,2025-07-05,48,Medium,0
P-4470,60,Female,Neurology,Emergency,Pneumonia,3,0,3,4,6,Home,2025-02-03,65,High,0
P-4471,60,Male,Cardiology,Emergency,Heart Failure,3,1,4,0,10,Home,2025-11-29,52,Medium,0
P-4472,62,Male,Emergency,Emergency,Acute Kidney Injury,0,0,1,1,9,Rehab,2025-05-04,21,Low,0
P-4473,45,Male,Cardiology,Emergency,Pneumonia,1,0,3,1,7,Home Health Care,2025-08-31,23,Low,1
P-4474,50,Female,Orthopedics,Elective,Diabetes with Complications,1,2,6,1,10,Home,2025-05-11,48,Medium,0
P-4475,41,Female,Pediatrics,Emergency,Pneumonia,1,0,2,2,12,Home,2025-11-22,28,Low,1
P-4476,77,Male,Emergency,Emergency,Hip Fracture,1,0,3,2,6,Rehab,2025-03-23,45,Medium,0
P-4477,28,Male,Cardiology,Urgent,Hip Fracture,5,1,1,4,2,Home,2025-02-07,58,Medium,1
P-4478,80,Male,General Medicine,Emergency,Heart Failure,2,2,1,1,7,Home,2025-04-07,56,Medium,0
P-4479,84,Male,General Medicine,Emergency,Diabetes with Complications,1,0,3,2,9,Home,2025-05-12,53,Medium,1
P-4480,57,Male,Emergency,Transfer,Heart Failure,1,1,6,2,9,Against Medical Advice,2025-01-22,51,Medium,1
P-4481,20,Female,Orthopedics,Emergency,Hip Fracture,0,2,4,5,4,Home Health Care,2025-05-28,35,Medium,0
P-4482,56,Female,Pediatrics,Elective,Heart Failure,2,1,5,2,3,Home,2025-01-17,49,Medium,0
P-4483,60,Male,General Medicine,Emergency,Sepsis,0,2,3,1,6,Home Health Care,2025-07-02,32,Medium,1
P-4484,45,Male,General Medicine,Emergency,Hypertension,1,1,4,2,12,Skilled Nursing Facility,2025-01-22,42,Medium,1
P-4485,53,Male,Cardiology,Emergency,Hip Fracture,2,0,3,2,6,Rehab,2025-02-01,39,Medium,0
P-4486,86,Male,General Medicine,Emergency,Hip Fracture,0,0,3,1,7,Home Health Care,2025-09-04,36,Medium,0
P-4487,72,Male,Emergency,Emergency,Stroke,1,1,1,2,8,Skilled Nursing Facility,2025-11-25,45,Medium,0
P-4488,47,Female,Emergency,Emergency,Hip Fracture,1,3,9,1,8,Home,2025-03-01,58,Medium,1
P-4489,36,Male,ICU,Emergency,Hip Fracture,3,1,14,5,8,Home,2025-04-24,88,High,1
P-4490,56,Other,Cardiology,Emergency,Hypertension,1,0,4,2,6,Skilled Nursing Facility,2025-09-01,35,Medium,1
P-4491,58,Female,Cardiology,Emergency,Pneumonia,0,0,3,4,6,Home Health Care,2025-10-22,38,Medium,0
P-4492,69,Female,Emergency,Transfer,Diabetes with Complications,1,1,7,2,4,Skilled Nursing Facility,2025-05-16,56,Medium,0
P-4493,53,Male,General Medicine,Urgent,COPD,1,0,1,4,7,Home,2025-08-14,39,Medium,0
P-4494,70,Female,General Medicine,Urgent,Acute Kidney Injury,0,1,1,2,13,Home Health Care,2025-01-21,41,Medium,0
P-4495,92,Male,Emergency,Elective,Diabetes with Complications,2,1,2,1,10,Home Health Care,2025-08-01,64,High,0
P-4496,75,Male,Emergency,Emergency,Hip Fracture,1,0,1,1,3,Home Health Care,2025-11-09,28,Low,0
P-4497,61,Male,Orthopedics,Elective,Hip Fracture,2,1,1,2,8,Home,2025-04-21,46,Medium,1
P-4498,59,Female,Emergency,Urgent,COPD,1,1,13,3,5,Skilled Nursing Facility,2025-05-02,74,High,1
P-4499,56,Male,Pediatrics,Emergency,Acute Kidney Injury,1,1,1,1,5,Home,2025-06-17,26,Low,0
P-4500,80,Male,Emergency,Emergency,Acute Kidney Injury,0,1,5,3,7,Home Health Care,2025-10-14,58,Medium,1
P-4501,51,Male,General Medicine,Emergency,Acute Kidney Injury,0,0,4,0,5,Home Health Care,2025-06-11,16,Low,0
P-4502,62,Male,ICU,Emergency,Gastrointestinal Bleed,0,0,2,4,5,Home,2025-01-02,37,Medium,1
P-4503,62,Male,General Medicine,Emergency,Gastrointestinal Bleed,1,0,5,2,3,Home Health Care,2025-12-30,38,Medium,0
P-4504,53,Male,Orthopedics,Transfer,COPD,1,0,2,1,6,Rehab,2025-10-11,23,Low,1
P-4505,40,Female,Neurology,Elective,Heart Failure,1,0,3,1,6,Home,2025-07-29,20,Low,1
P-4506,67,Male,Pediatrics,Emergency,Hip Fracture,0,1,3,1,8,Home Health Care,2025-04-20,32,Medium,0
P-4507,61,Female,Cardiology,Elective,Heart Failure,1,1,11,0,1,Home,2025-04-29,45,Medium,0
P-4508,70,Female,General Medicine,Emergency,Stroke,0,0,12,4,7,Skilled Nursing Facility,2025-10-16,72,High,0
P-4509,53,Male,Emergency,Elective,COPD,1,2,3,1,3,Home,2025-11-07,32,Medium,1
P-4510,81,Female,General Medicine,Urgent,Heart Failure,2,0,2,6,1,Home,2025-10-15,73,High,0
P-4511,47,Female,Cardiology,Elective,COPD,3,1,7,2,10,Home Health Care,2025-05-07,66,High,0
P-4512,89,Female,Orthopedics,Elective,Stroke,0,1,2,0,7,Home,2025-05-31,35,Medium,0
P-4513,34,Female,Neurology,Emergency,Hip Fracture,0,2,3,1,12,Home,2025-08-10,25,Low,0
P-4514,68,Female,Emergency,Emergency,Diabetes with Complications,2,0,4,1,8,Against Medical Advice,2025-02-07,47,Medium,0
P-4515,69,Male,Cardiology,Elective,Gastrointestinal Bleed,2,0,20,2,9,Home Health Care,2025-10-11,89,High,1
P-4516,49,Female,Cardiology,Urgent,Acute Kidney Injury,2,0,3,2,1,Home Health Care,2025-04-12,31,Medium,0
P-4517,68,Male,General Medicine,Elective,Hip Fracture,1,1,3,1,9,Home Health Care,2025-06-03,42,Medium,1
P-4518,82,Female,Emergency,Transfer,Diabetes with Complications,0,0,1,0,6,Skilled Nursing Facility,2025-08-14,23,Low,1
P-4519,26,Male,Neurology,Urgent,Diabetes with Complications,3,0,5,1,5,Home,2025-09-07,30,Low,0
P-4520,70,Female,General Medicine,Elective,COPD,0,0,1,2,7,Home,2025-12-22,28,Low,0
P-4521,22,Male,General Medicine,Urgent,COPD,1,1,5,1,7,Home,2025-06-13,21,Low,0
P-4522,46,Female,General Medicine,Emergency,Pneumonia,1,1,2,4,5,Home,2025-07-26,42,Medium,0
P-4523,88,Female,ICU,Emergency,Acute Kidney Injury,2,1,14,1,10,Home,2025-05-25,87,High,1
P-4524,52,Female,Neurology,Elective,Diabetes with Complications,2,0,1,1,5,Home Health Care,2025-07-24,26,Low,0
P-4525,43,Female,General Medicine,Emergency,Heart Failure,1,0,12,0,13,Home,2025-11-10,45,Medium,1
P-4526,58,Male,Pediatrics,Urgent,COPD,3,1,4,2,5,Home Health Care,2025-09-11,58,Medium,1
P-4527,95,Female,Emergency,Emergency,Sepsis,1,0,13,1,6,Home Health Care,2025-09-12,76,High,1
P-4528,32,Female,General Medicine,Emergency,Sepsis,1,0,4,6,7,Home,2025-09-22,49,Medium,0
P-4529,45,Female,ICU,Urgent,Diabetes with Complications,2,1,1,2,4,Home,2025-09-27,32,Medium,1
P-4530,85,Female,General Medicine,Emergency,Sepsis,3,0,1,3,9,Skilled Nursing Facility,2025-10-23,71,High,1
P-4531,91,Male,General Medicine,Emergency,COPD,1,0,2,2,9,Home Health Care,2025-05-08,54,Medium,0
P-4532,60,Male,General Medicine,Emergency,Hypertension,1,0,13,1,1,Skilled Nursing Facility,2025-10-11,51,Medium,1
P-4533,42,Female,General Medicine,Elective,Heart Failure,3,0,7,4,1,Home,2025-05-23,60,Medium,1
P-4534,95,Female,Cardiology,Elective,Heart Failure,2,1,5,0,1,Rehab,2025-07-28,57,Medium,1
P-4535,87,Male,Pediatrics,Transfer,Diabetes with Complications,0,1,3,2,3,Home Health Care,2025-10-09,45,Medium,0
P-4536,72,Female,Pediatrics,Emergency,COPD,0,1,3,3,1,Home,2025-03-16,40,Medium,1
P-4537,49,Male,ICU,Urgent,Hip Fracture,2,0,5,5,5,Home,2025-01-29,62,High,1
P-4538,61,Female,Neurology,Emergency,Pneumonia,2,3,6,1,8,Home Health Care,2025-06-16,66,High,0
P-4539,59,Female,Cardiology,Emergency,Acute Kidney Injury,1,0,3,2,15,Home,2025-06-22,45,Medium,1
P-4540,67,Male,General Medicine,Emergency,Pneumonia,4,2,8,2,2,Skilled Nursing Facility,2025-05-16,82,High,1
P-4541,85,Female,Emergency,Emergency,Hip Fracture,2,1,4,1,8,Home Health Care,2025-01-05,63,High,1
P-4542,76,Female,Pediatrics,Emergency,COPD,2,0,4,5,12,Home,2025-04-28,80,High,1
P-4543,44,Male,Cardiology,Emergency,Hip Fracture,5,1,5,2,4,Skilled Nursing Facility,2025-10-08,68,High,1
P-4544,84,Male,Emergency,Emergency,Hip Fracture,2,0,8,1,15,Home,2025-01-09,75,High,1
P-4545,67,Male,Emergency,Urgent,Gastrointestinal Bleed,3,1,5,3,9,Home,2025-02-15,76,High,0
P-4546,72,Female,Emergency,Emergency,Diabetes with Complications,1,1,12,2,3,Home Health Care,2025-02-20,70,High,0
P-4547,85,Male,General Medicine,Transfer,Hypertension,3,1,10,2,5,Home Health Care,2025-11-24,85,High,1
P-4548,44,Male,Cardiology,Urgent,Stroke,0,1,7,4,10,Home,2025-08-29,53,Medium,1
P-4549,61,Male,General Medicine,Emergency,Hypertension,1,0,3,3,3,Home,2025-06-23,38,Medium,0
P-4550,53,Female,Pediatrics,Emergency,Heart Failure,0,0,5,2,2,Home,2025-03-23,25,Low,1
P-4551,36,Female,Orthopedics,Elective,COPD,2,0,4,2,4,Home,2025-03-16,30,Low,0
P-4552,67,Female,Orthopedics,Urgent,COPD,1,0,1,2,3,Home Health Care,2025-03-25,30,Low,0
P-4553,95,Male,Emergency,Urgent,COPD,1,1,5,4,12,Home Health Care,2025-06-04,83,High,0
P-4554,32,Female,Emergency,Elective,Stroke,0,0,12,2,5,Home Health Care,2025-10-20,34,Medium,0
P-4555,61,Female,Emergency,Emergency,Acute Kidney Injury,0,1,4,0,3,Home,2025-12-02,22,Low,0
P-4556,72,Male,ICU,Emergency,Acute Kidney Injury,1,1,1,2,1,Home,2025-04-24,36,Medium,1
P-4557,63,Male,Neurology,Urgent,Pneumonia,1,0,3,1,1,Home,2025-05-13,25,Low,0
P-4558,60,Female,Cardiology,Elective,Hypertension,4,1,1,2,1,Home,2025-06-26,54,Medium,1
P-4559,41,Female,Neurology,Urgent,Acute Kidney Injury,2,0,7,2,13,Home Health Care,2025-02-19,52,Medium,1
P-4560,65,Female,ICU,Elective,Acute Kidney Injury,5,1,5,3,9,Home,2025-11-15,86,High,1
P-4561,49,Male,Orthopedics,Emergency,Hip Fracture,3,0,5,1,11,Home,2025-09-22,50,Medium,1
P-4562,26,Female,Cardiology,Transfer,Diabetes with Complications,2,2,3,2,12,Home,2025-03-19,42,Medium,1
P-4563,81,Female,ICU,Urgent,Hip Fracture,0,2,3,1,7,Home,2025-10-06,45,Medium,0
P-4564,77,Female,General Medicine,Emergency,COPD,1,0,2,2,5,Home,2025-02-28,41,Medium,1
P-4565,62,Female,Cardiology,Emergency,Gastrointestinal Bleed,0,1,12,4,11,Home,2025-03-28,77,High,1
P-4566,65,Female,General Medicine,Emergency,Hip Fracture,1,0,3,2,10,Home,2025-08-02,42,Medium,0
P-4567,79,Female,General Medicine,Elective,Acute Kidney Injury,1,1,4,1,7,Home,2025-06-01,50,Medium,0
P-4568,65,Male,Cardiology,Emergency,Acute Kidney Injury,1,0,3,1,1,Home,2025-07-21,26,Low,0
P-4569,76,Female,Neurology,Emergency,Gastrointestinal Bleed,1,0,5,3,7,Home,2025-02-07,58,Medium,1
P-4570,57,Male,Emergency,Emergency,Acute Kidney Injury,1,1,19,0,5,Home Health Care,2025-12-31,70,High,1
P-4571,82,Female,General Medicine,Emergency,Gastrointestinal Bleed,1,0,4,1,1,Home,2025-06-30,38,Medium,0
P-4572,67,Male,Emergency,Emergency,Sepsis,3,2,3,1,5,Home Health Care,2025-11-30,60,Medium,0
P-4573,65,Female,General Medicine,Elective,Heart Failure,0,1,5,3,2,Home,2025-01-22,43,Medium,0
P-4574,41,Male,Emergency,Urgent,Hip Fracture,3,0,1,0,1,Home,2025-12-26,19,Low,1
P-4575,66,Female,Cardiology,Elective,Heart Failure,1,1,11,0,5,Home,2025-11-25,53,Medium,1
P-4576,48,Male,Emergency,Elective,Diabetes with Complications,1,1,1,1,5,Home,2025-02-27,22,Low,0
P-4577,51,Male,Emergency,Elective,Sepsis,0,2,4,5,5,Home,2025-04-13,55,Medium,1
P-4578,48,Female,Emergency,Elective,Acute Kidney Injury,1,1,3,1,8,Home,2025-04-23,30,Low,1
P-4579,44,Female,General Medicine,Emergency,Diabetes with Complications,0,1,9,1,8,Home,2025-01-08,36,Medium,0
P-4580,95,Male,General Medicine,Emergency,Sepsis,0,0,15,3,6,Home Health Care,2025-12-20,83,High,1
P-4581,83,Male,ICU,Emergency,Stroke,3,1,1,2,6,Home,2025-06-15,66,High,1
P-4582,92,Male,Emergency,Urgent,Pneumonia,2,0,2,5,11,Home,2025-10-09,82,High,1
P-4583,42,Female,Emergency,Urgent,Hip Fracture,4,0,9,1,3,Skilled Nursing Facility,2025-10-18,56,Medium,1
P-4584,63,Female,ICU,Elective,COPD,1,0,3,3,1,Home,2025-10-23,37,Medium,1
P-4585,41,Female,Cardiology,Urgent,Hypertension,2,0,5,2,7,Home,2025-03-02,39,Medium,1
P-4586,50,Male,ICU,Urgent,Gastrointestinal Bleed,1,1,3,2,1,Home,2025-12-26,29,Low,0
P-4587,47,Male,Pediatrics,Urgent,Stroke,4,0,4,2,6,Home,2025-02-01,55,Medium,0
P-4588,81,Female,General Medicine,Emergency,Pneumonia,1,3,2,1,9,Home,2025-01-26,60,Medium,1
P-4589,55,Male,ICU,Elective,Acute Kidney Injury,0,2,5,2,5,Rehab,2025-05-02,40,Medium,0
P-4590,79,Female,ICU,Elective,Gastrointestinal Bleed,2,0,3,2,5,Skilled Nursing Facility,2025-02-18,54,Medium,1
P-4591,71,Male,General Medicine,Elective,Gastrointestinal Bleed,2,0,6,1,11,Home,2025-02-15,58,Medium,1
P-4592,95,Female,Emergency,Emergency,Hip Fracture,0,0,5,0,5,Home,2025-02-13,38,Medium,1
P-4593,38,Female,General Medicine,Elective,Hip Fracture,3,0,1,2,5,Home,2025-06-16,32,Medium,0
P-4594,82,Male,Neurology,Emergency,Gastrointestinal Bleed,0,2,1,3,6,Home,2025-07-20,53,Medium,0
P-4595,80,Female,General Medicine,Urgent,Acute Kidney Injury,1,0,1,2,14,Home Health Care,2025-03-24,51,Medium,1
P-4596,46,Female,Cardiology,Elective,Gastrointestinal Bleed,4,0,2,2,3,Home,2025-11-07,45,Medium,1
P-4597,78,Male,General Medicine,Emergency,Sepsis,2,1,2,3,6,Home,2025-12-17,64,High,0
P-4598,67,Male,Pediatrics,Emergency,Sepsis,2,2,1,2,1,Home,2025-03-04,48,Medium,0
P-4599,58,Female,General Medicine,Elective,Hypertension,0,1,6,1,1,Skilled Nursing Facility,2025-09-15,28,Low,0
P-4600,48,Male,General Medicine,Elective,Sepsis,2,0,6,4,9,Home,2025-08-30,62,High,1
P-4601,50,Female,Emergency,Elective,Stroke,1,2,5,4,3,Skilled Nursing Facility,2025-04-30,57,Medium,1
P-4602,94,Male,Emergency,Elective,Gastrointestinal Bleed,1,0,2,2,7,Home Health Care,2025-08-22,54,Medium,1
P-4603,62,Male,General Medicine,Urgent,Pneumonia,1,0,5,1,5,Home,2025-09-07,34,Medium,1
P-4604,74,Male,Neurology,Emergency,Sepsis,1,3,3,3,15,Home,2025-12-28,77,High,1
P-4605,49,Male,General Medicine,Elective,Hypertension,4,3,1,3,9,Home,2025-06-24,75,High,1
P-4606,49,Male,General Medicine,Urgent,Acute Kidney Injury,3,1,16,1,6,Home,2025-02-13,79,High,1
P-4607,79,Male,Cardiology,Urgent,COPD,1,0,6,3,7,Home Health Care,2025-03-12,63,High,1
P-4608,40,Female,Cardiology,Emergency,Hip Fracture,1,0,2,1,1,Home Health Care,2025-11-17,14,Low,0
P-4609,55,Female,Emergency,Emergency,Pneumonia,1,0,2,1,7,Home,2025-02-03,25,Low,1
P-4610,62,Female,Cardiology,Emergency,Diabetes with Complications,3,0,11,1,5,Home,2025-05-26,68,High,0
P-4611,63,Male,General Medicine,Urgent,COPD,1,2,2,2,11,Home Health Care,2025-03-28,52,Medium,1
P-4612,59,Female,Cardiology,Emergency,Pneumonia,0,0,1,1,6,Rehab,2025-08-13,18,Low,1
P-4613,68,Male,General Medicine,Emergency,Stroke,4,1,9,0,3,Skilled Nursing Facility,2025-04-26,71,High,1
P-4614,73,Male,Orthopedics,Emergency,COPD,2,1,6,1,11,Home,2025-09-11,65,High,0
P-4615,73,Male,Emergency,Emergency,Hypertension,0,0,4,2,4,Home,2025-05-27,35,Medium,0
P-4616,46,Male,Cardiology,Elective,Gastrointestinal Bleed,3,1,4,0,2,Home,2025-11-28,34,Medium,0
P-4617,57,Female,General Medicine,Elective,Acute Kidney Injury,3,1,6,4,7,Home,2025-12-15,77,High,1
P-4618,81,Male,Pediatrics,Elective,Pneumonia,4,0,11,4,5,Home Health Care,2025-04-05,92,High,1
P-4619,76,Female,General Medicine,Emergency,Diabetes with Complications,1,1,8,1,5,Home,2025-11-14,57,Medium,1
P-4620,40,Male,ICU,Emergency,Sepsis,2,1,2,3,2,Home Health Care,2025-01-25,36,Medium,1
P-4621,67,Female,ICU,Urgent,Sepsis,0,0,5,1,3,Skilled Nursing Facility,2025-06-25,27,Low,0
P-4622,30,Female,Emergency,Emergency,Heart Failure,1,0,6,0,5,Home,2025-09-13,16,Low,0
P-4623,62,Male,Cardiology,Urgent,Stroke,0,1,8,2,1,Rehab,2025-06-27,42,Medium,0
P-4624,92,Female,Orthopedics,Emergency,Acute Kidney Injury,2,0,11,5,4,Home,2025-05-04,90,High,1
P-4625,46,Female,Orthopedics,Emergency,Stroke,2,3,1,3,9,Home,2025-09-23,58,Medium,1
P-4626,48,Female,Cardiology,Emergency,COPD,2,0,1,4,5,Skilled Nursing Facility,2025-02-07,42,Medium,0
P-4627,74,Female,Emergency,Urgent,Acute Kidney Injury,2,2,1,0,1,Rehab,2025-06-06,38,Medium,0
P-4628,37,Female,Cardiology,Emergency,Stroke,3,0,6,3,9,Home Health Care,2025-11-05,57,Medium,0
P-4629,51,Male,Neurology,Elective,Sepsis,1,1,12,2,1,Skilled Nursing Facility,2025-09-17,56,Medium,1
P-4630,71,Female,Emergency,Elective,Heart Failure,1,0,4,2,8,Skilled Nursing Facility,2025-08-24,47,Medium,1
P-4631,51,Male,General Medicine,Emergency,Heart Failure,3,0,4,2,7,Home,2025-12-26,50,Medium,1
P-4632,58,Male,Emergency,Emergency,Diabetes with Complications,1,1,9,5,1,Home Health Care,2025-02-11,71,High,0
P-4633,73,Female,General Medicine,Urgent,Pneumonia,3,1,22,1,4,Home,2025-01-07,93,High,1
P-4634,68,Male,Emergency,Emergency,Heart Failure,2,2,13,1,10,Home,2025-04-24,82,High,1
P-4635,66,Male,Emergency,Elective,Hypertension,1,1,5,3,4,Home Health Care,2025-10-18,55,Medium,1
P-4636,56,Male,General Medicine,Transfer,Diabetes with Complications,1,2,27,2,1,Home Health Care,2025-01-25,92,High,1
P-4637,67,Male,General Medicine,Emergency,Diabetes with Complications,1,0,6,2,10,Home,2025-01-16,53,Medium,1
P-4638,60,Male,Cardiology,Emergency,Stroke,3,1,6,3,5,Home,2025-11-03,71,High,1
P-4639,69,Female,Cardiology,Emergency,Sepsis,0,2,1,0,11,Rehab,2025-01-15,31,Medium,1
P-4640,54,Male,Emergency,Emergency,Gastrointestinal Bleed,1,1,2,1,5,Home,2025-12-27,27,Low,0
P-4641,59,Female,Emergency,Emergency,Hypertension,4,1,4,3,5,Against Medical Advice,2025-03-13,73,High,0
P-4642,46,Male,General Medicine,Elective,Acute Kidney Injury,1,0,6,2,6,Skilled Nursing Facility,2025-06-18,35,Medium,1
P-4643,61,Female,Neurology,Elective,Pneumonia,1,2,2,2,6,Home Health Care,2025-01-19,44,Medium,0
P-4644,49,Female,ICU,Elective,Heart Failure,2,1,8,0,1,Home,2025-02-25,37,Medium,0
P-4645,44,Male,Cardiology,Urgent,Heart Failure,3,2,10,2,1,Home,2025-03-06,68,High,0
P-4646,66,Female,Cardiology,Emergency,Diabetes with Complications,0,1,9,1,2,Home,2025-12-02,42,Medium,1
P-4647,65,Other,Emergency,Emergency,Pneumonia,3,1,4,3,12,Home Health Care,2025-08-25,76,High,1
P-4648,74,Female,Emergency,Emergency,Hypertension,0,0,2,5,1,Home,2025-10-22,46,Medium,1
P-4649,55,Male,General Medicine,Emergency,Hypertension,1,2,9,2,4,Skilled Nursing Facility,2025-08-19,59,Medium,1
P-4650,68,Female,Cardiology,Emergency,Acute Kidney Injury,2,1,7,2,6,Home Health Care,2025-01-22,66,High,1
P-4651,70,Female,General Medicine,Emergency,Stroke,2,2,1,2,3,Home,2025-09-04,52,Medium,0
P-4652,69,Male,Orthopedics,Urgent,COPD,0,1,4,1,8,Home Health Care,2025-10-10,36,Medium,1
P-4653,48,Male,Neurology,Transfer,Hypertension,2,0,8,3,6,Home,2025-05-20,57,Medium,0
P-4654,64,Male,Pediatrics,Emergency,Sepsis,1,0,4,3,5,Home,2025-11-26,46,Medium,1
P-4655,67,Male,General Medicine,Urgent,Sepsis,1,0,2,5,9,Home,2025-11-21,60,Medium,0
P-4656,62,Female,Neurology,Urgent,Diabetes with Complications,1,0,1,2,1,Home,2025-03-09,26,Low,1
P-4657,28,Male,Cardiology,Emergency,Sepsis,3,2,2,2,1,Skilled Nursing Facility,2025-05-13,35,Medium,0
P-4658,64,Male,Cardiology,Emergency,Acute Kidney Injury,4,0,5,1,10,Home Health Care,2025-09-06,66,High,1
P-4659,95,Female,ICU,Transfer,Sepsis,1,1,2,0,2,Home,2025-11-11,40,Medium,1
P-4660,56,Male,General Medicine,Elective,COPD,4,1,1,2,3,Home Health Care,2025-07-17,54,Medium,1
P-4661,50,Male,Neurology,Transfer,Heart Failure,1,1,1,1,9,Home Health Care,2025-05-18,27,Low,0
P-4662,67,Female,Cardiology,Emergency,Gastrointestinal Bleed,1,1,3,2,2,Home,2025-01-22,40,Medium,1
P-4663,66,Male,General Medicine,Emergency,Pneumonia,2,0,3,0,5,Skilled Nursing Facility,2025-05-14,32,Medium,0
P-4664,81,Male,General Medicine,Emergency,Heart Failure,2,1,7,1,4,Home,2025-12-04,64,High,1
P-4665,41,Male,Neurology,Transfer,COPD,2,0,4,3,9,Skilled Nursing Facility,2025-11-18,45,Medium,0
P-4666,73,Female,General Medicine,Emergency,Stroke,0,0,7,5,9,Home Health Care,2025-02-06,69,High,1
P-4667,71,Female,Pediatrics,Emergency,COPD,0,2,1,4,7,Home,2025-07-24,54,Medium,1
P-4668,59,Female,Emergency,Emergency,COPD,2,1,2,1,10,Home,2025-04-18,44,Medium,1
P-4669,67,Male,Emergency,Emergency,Gastrointestinal Bleed,2,1,4,2,2,Skilled Nursing Facility,2025-08-22,52,Medium,0
P-4670,78,Female,Emergency,Emergency,Sepsis,2,0,1,5,4,Skilled Nursing Facility,2025-09-06,66,High,0
P-4671,75,Female,Emergency,Elective,Gastrointestinal Bleed,2,0,15,3,14,Home,2025-03-02,90,High,1
P-4672,43,Male,ICU,Emergency,Diabetes with Complications,1,0,12,4,8,Home,2025-12-11,66,High,0
P-4673,75,Female,General Medicine,Emergency,Stroke,1,0,5,1,9,Home,2025-04-30,46,Medium,0
P-4674,60,Female,General Medicine,Emergency,Stroke,1,2,2,1,9,Home,2025-11-06,41,Medium,1
P-4675,63,Male,General Medicine,Elective,Hip Fracture,1,2,1,1,11,Home,2025-10-17,42,Medium,0
P-4676,63,Male,Emergency,Emergency,Hypertension,1,0,10,2,10,Home,2025-04-20,62,High,1
P-4677,59,Male,Emergency,Emergency,Gastrointestinal Bleed,2,1,2,4,4,Home,2025-11-02,57,Medium,0
P-4678,81,Male,Emergency,Elective,Hip Fracture,2,1,3,2,1,Home,2025-05-27,56,Medium,1
P-4679,60,Female,ICU,Emergency,Diabetes with Complications,1,0,3,2,10,Skilled Nursing Facility,2025-03-11,39,Medium,0
P-4680,44,Female,General Medicine,Emergency,Pneumonia,2,2,2,4,12,Home,2025-01-11,64,High,1
P-4681,55,Male,Cardiology,Elective,Diabetes with Complications,3,1,6,3,10,Home,2025-02-10,74,High,1
P-4682,64,Female,ICU,Emergency,Heart Failure,1,2,4,1,8,Home,2025-10-22,48,Medium,1
P-4683,81,Female,General Medicine,Emergency,Stroke,1,2,10,2,12,Skilled Nursing Facility,2025-08-03,82,High,0
P-4684,71,Male,ICU,Elective,Hip Fracture,1,0,2,1,7,Home,2025-11-04,33,Medium,0
P-4685,48,Female,Pediatrics,Elective,Acute Kidney Injury,2,0,2,3,2,Home,2025-08-06,35,Medium,1
P-4686,95,Female,Emergency,Elective,Hypertension,1,1,4,0,9,Skilled Nursing Facility,2025-09-03,55,Medium,1
P-4687,66,Male,Pediatrics,Emergency,Gastrointestinal Bleed,1,1,3,2,8,Skilled Nursing Facility,2025-09-04,47,Medium,0
P-4688,82,Male,ICU,Emergency,COPD,1,3,18,2,5,Home Health Care,2025-04-27,92,High,1
P-4689,59,Male,General Medicine,Elective,Heart Failure,0,3,5,2,6,Home,2025-11-26,50,Medium,0
P-4690,70,Male,Emergency,Emergency,COPD,1,1,3,2,12,Home,2025-11-14,54,Medium,0
P-4691,75,Male,Orthopedics,Emergency,Acute Kidney Injury,2,0,2,0,9,Home,2025-09-13,39,Medium,0
P-4692,81,Male,Emergency,Elective,Hip Fracture,2,1,4,3,9,Home,2025-01-09,74,High,1
P-4693,78,Female,Cardiology,Emergency,Acute Kidney Injury,1,0,4,3,4,Home,2025-01-18,53,Medium,1
P-4694,75,Female,Orthopedics,Elective,Hypertension,1,0,4,3,1,Home,2025-04-07,47,Medium,0
P-4695,56,Male,Emergency,Emergency,Gastrointestinal Bleed,0,1,13,3,9,Home,2025-03-06,69,High,0
P-4696,52,Male,ICU,Emergency,Sepsis,0,1,4,2,2,Home Health Care,2025-10-10,27,Low,0
P-4697,67,Female,Emergency,Urgent,Hip Fracture,1,0,2,2,9,Home Health Care,2025-11-20,40,Medium,0
P-4698,76,Female,General Medicine,Emergency,Pneumonia,1,0,1,0,1,Home,2025-01-27,22,Low,1
P-4699,58,Male,Cardiology,Elective,Pneumonia,2,0,11,2,8,Rehab,2025-09-11,67,High,0
P-4700,79,Male,Emergency,Emergency,Gastrointestinal Bleed,2,0,28,1,10,Home Health Care,2025-04-18,96,High,1
P-4701,85,Female,ICU,Emergency,Sepsis,4,1,5,2,9,Home,2025-09-13,84,High,1
P-4702,47,Male,General Medicine,Emergency,COPD,3,3,6,0,6,Home,2025-03-23,57,Medium,1
P-4703,48,Male,General Medicine,Emergency,Hip Fracture,2,2,3,0,11,Home,2025-06-21,40,Medium,1
P-4704,59,Male,Emergency,Transfer,COPD,2,3,9,4,5,Home Health Care,2025-07-09,84,High,1
P-4705,66,Male,Emergency,Urgent,COPD,1,0,2,1,5,Home,2025-09-28,28,Low,0
P-4706,53,Male,ICU,Elective,Stroke,3,0,1,1,11,Home,2025-12-17,41,Medium,0
P-4707,83,Male,Cardiology,Urgent,Stroke,4,2,1,5,2,Home,2025-01-12,87,High,1
P-4708,68,Female,Cardiology,Elective,Hip Fracture,5,3,8,2,4,Home Health Care,2025-11-30,90,High,1
P-4709,62,Female,Emergency,Emergency,Hypertension,3,2,3,2,4,Home,2025-04-11,63,High,1
P-4710,39,Female,Emergency,Emergency,Stroke,2,1,16,1,8,Home,2025-12-31,70,High,0
P-4711,40,Male,Neurology,Elective,Hip Fracture,0,2,3,2,9,Home,2025-01-18,30,Low,0
P-4712,66,Male,ICU,Emergency,Hip Fracture,0,0,14,0,3,Home,2025-08-01,45,Medium,1
P-4713,27,Female,General Medicine,Emergency,Stroke,0,0,3,3,5,Home,2025-06-18,17,Low,0
P-4714,78,Female,Emergency,Urgent,Heart Failure,1,0,6,2,7,Home,2025-05-16,56,Medium,0
P-4715,59,Male,Emergency,Emergency,COPD,3,1,2,4,8,Home,2025-03-05,70,High,0
P-4716,95,Male,Orthopedics,Emergency,Pneumonia,1,0,4,1,15,Home,2025-08-06,63,High,1
P-4717,95,Male,Cardiology,Emergency,Gastrointestinal Bleed,0,3,2,2,12,Home,2025-04-29,70,High,1
P-4718,59,Male,ICU,Elective,Hypertension,0,0,6,6,4,Home,2025-01-13,59,Medium,0
P-4719,60,Male,General Medicine,Emergency,Hip Fracture,0,1,2,3,5,Home,2025-01-10,35,Medium,0
P-4720,77,Female,Emergency,Emergency,Gastrointestinal Bleed,1,0,2,2,8,Home,2025-09-14,44,Medium,1
P-4721,89,Male,ICU,Emergency,Acute Kidney Injury,2,1,5,6,10,Home,2025-06-05,91,High,1
P-4722,35,Female,Cardiology,Emergency,Acute Kidney Injury,2,0,2,5,7,Home,2025-01-21,47,Medium,0
P-4723,33,Female,Emergency,Emergency,Hypertension,1,1,2,2,7,Home,2025-12-08,25,Low,0
P-4724,52,Male,General Medicine,Transfer,Acute Kidney Injury,1,1,3,2,9,Skilled Nursing Facility,2025-03-21,39,Medium,0
P-4725,71,Female,Cardiology,Emergency,Diabetes with Complications,0,0,5,6,7,Skilled Nursing Facility,2025-06-10,67,High,1
P-4726,69,Female,Emergency,Elective,Stroke,0,1,2,0,4,Home,2025-03-16,22,Low,0
P-4727,79,Male,Emergency,Elective,Hip Fracture,3,2,3,3,7,Home,2025-02-08,80,High,1
P-4728,42,Male,Emergency,Emergency,Acute Kidney Injury,1,0,1,2,8,Rehab,2025-08-15,23,Low,0
P-4729,24,Female,Pediatrics,Emergency,Hip Fracture,4,0,6,1,9,Home,2025-11-01,44,Medium,0
P-4730,75,Female,ICU,Emergency,Sepsis,2,2,8,5,7,Skilled Nursing Facility,2025-07-19,89,High,1
P-4731,48,Female,Pediatrics,Elective,COPD,2,1,8,0,9,Skilled Nursing Facility,2025-10-14,47,Medium,0
P-4732,29,Male,General Medicine,Emergency,Stroke,2,0,4,5,6,Rehab,2025-11-17,48,Medium,1
P-4733,64,Male,General Medicine,Emergency,Hip Fracture,1,0,3,2,1,Home,2025-09-08,31,Medium,0
P-4734,74,Female,Emergency,Emergency,Gastrointestinal Bleed,0,2,1,1,6,Home,2025-03-14,34,Medium,0
P-4735,60,Male,Emergency,Emergency,Acute Kidney Injury,0,1,5,0,1,Home,2025-03-21,21,Low,1
P-4736,54,Female,Orthopedics,Emergency,Gastrointestinal Bleed,2,2,4,3,8,Home,2025-12-11,64,High,1
P-4737,59,Female,Orthopedics,Urgent,Hip Fracture,1,1,3,2,3,Home,2025-01-19,36,Medium,1
P-4738,56,Female,Cardiology,Emergency,Heart Failure,2,0,5,2,1,Home,2025-04-23,40,Medium,0
P-4739,40,Female,Cardiology,Emergency,Hip Fracture,4,0,14,1,1,Home,2025-08-05,67,High,0
P-4740,50,Female,Emergency,Elective,Hip Fracture,1,1,1,1,7,Home Health Care,2025-04-05,25,Low,1
P-4741,70,Female,Neurology,Urgent,Stroke,2,1,16,1,2,Home,2025-10-31,79,High,1
P-4742,67,Female,Emergency,Emergency,Heart Failure,4,2,4,3,4,Home Health Care,2025-01-27,80,High,1
P-4743,64,Male,General Medicine,Emergency,Sepsis,0,1,9,1,7,Home Health Care,2025-06-17,47,Medium,1
P-4744,46,Other,General Medicine,Emergency,Diabetes with Complications,3,0,23,3,3,Home,2025-03-26,90,High,1
P-4745,59,Male,General Medicine,Emergency,Sepsis,0,0,12,2,7,Home,2025-06-18,53,Medium,1
P-4746,27,Male,General Medicine,Emergency,Diabetes with Complications,0,2,3,3,10,Skilled Nursing Facility,2025-06-22,30,Low,1
P-4747,64,Male,Emergency,Emergency,Diabetes with Complications,1,0,3,1,5,Home,2025-08-23,30,Low,1
P-4748,84,Male,Pediatrics,Emergency,Stroke,4,0,5,1,6,Skilled Nursing Facility,2025-07-18,73,High,0
P-4749,38,Female,General Medicine,Urgent,Hypertension,2,1,5,1,12,Skilled Nursing Facility,2025-02-22,42,Medium,0
P-4750,52,Male,General Medicine,Emergency,Heart Failure,2,1,2,3,7,Home,2025-11-19,50,Medium,1
P-4751,67,Female,Emergency,Emergency,Acute Kidney Injury,0,1,14,1,7,Home Health Care,2025-11-29,63,High,1
P-4752,82,Male,General Medicine,Transfer,Heart Failure,2,0,8,2,14,Home,2025-12-22,78,High,1
P-4753,54,Male,Cardiology,Elective,Gastrointestinal Bleed,2,0,1,5,6,Skilled Nursing Facility,2025-09-01,54,Medium,1
P-4754,50,Male,Cardiology,Emergency,Acute Kidney Injury,1,1,22,2,6,Home,2025-11-02,84,High,1
P-4755,30,Female,General Medicine,Emergency,Acute Kidney Injury,2,2,25,2,9,Home,2025-10-22,91,High,1
P-4756,63,Female,Emergency,Transfer,COPD,1,0,2,0,5,Home,2025-08-29,22,Low,1
P-4757,94,Male,General Medicine,Emergency,Pneumonia,1,2,9,1,2,Rehab,2025-11-15,72,High,0
P-4758,66,Male,Cardiology,Elective,Hip Fracture,1,2,2,1,1,Rehab,2025-11-14,35,Medium,0
P-4759,61,Female,General Medicine,Urgent,Stroke,0,0,1,2,13,Home Health Care,2025-08-14,30,Low,0
P-4760,67,Male,Emergency,Emergency,Gastrointestinal Bleed,0,0,9,2,3,Home,2025-02-22,44,Medium,1
P-4761,61,Male,General Medicine,Elective,Sepsis,1,0,4,2,5,Home,2025-04-16,37,Medium,0
P-4762,48,Male,Cardiology,Transfer,Heart Failure,0,0,1,2,1,Home,2025-08-13,15,Low,0
P-4763,75,Male,General Medicine,Elective,Acute Kidney Injury,1,0,9,3,8,Home Health Care,2025-11-13,70,High,1
P-4764,65,Male,Orthopedics,Emergency,Acute Kidney Injury,0,1,3,7,10,Home Health Care,2025-06-14,73,High,1
P-4765,62,Male,Cardiology,Urgent,Stroke,1,3,1,2,12,Home,2025-09-05,56,Medium,0
P-4766,46,Female,Emergency,Elective,Hypertension,1,0,4,2,10,Skilled Nursing Facility,2025-06-29,34,Medium,0
P-4767,82,Female,General Medicine,Elective,Heart Failure,0,0,3,3,6,Home,2025-01-02,46,Medium,0
P-4768,72,Female,General Medicine,Elective,Heart Failure,2,0,8,5,12,Skilled Nursing Facility,2025-05-23,85,High,1
P-4769,53,Female,General Medicine,Emergency,Sepsis,4,3,3,2,5,Home,2025-03-27,72,High,1
P-4770,78,Female,General Medicine,Emergency,Sepsis,2,0,5,3,8,Home,2025-04-19,69,High,1
P-4771,54,Female,Emergency,Emergency,Gastrointestinal Bleed,2,1,2,1,6,Home Health Care,2025-05-09,36,Medium,0
P-4772,49,Female,Emergency,Emergency,Pneumonia,1,0,1,4,8,Skilled Nursing Facility,2025-06-08,38,Medium,0
P-4773,49,Male,Cardiology,Emergency,Acute Kidney Injury,1,1,1,0,3,Home,2025-01-17,17,Low,0
P-4774,33,Male,Cardiology,Emergency,Acute Kidney Injury,0,1,2,4,1,Home,2025-08-29,23,Low,1
P-4775,69,Female,General Medicine,Emergency,Heart Failure,1,0,5,1,12,Skilled Nursing Facility,2025-04-18,46,Medium,0
P-4776,32,Female,ICU,Urgent,Sepsis,2,0,1,0,1,Skilled Nursing Facility,2025-02-18,12,Low,0
P-4777,42,Female,Neurology,Elective,COPD,0,2,2,1,9,Rehab,2025-12-08,24,Low,0
P-4778,28,Female,Orthopedics,Elective,Sepsis,0,0,1,0,16,Home,2025-03-11,11,Low,0
P-4779,60,Male,Orthopedics,Emergency,Hip Fracture,2,0,3,3,3,Home,2025-08-10,46,Medium,0
P-4780,59,Male,Neurology,Emergency,Hip Fracture,0,0,7,3,8,Skilled Nursing Facility,2025-06-09,46,Medium,0
P-4781,56,Female,Emergency,Emergency,Pneumonia,0,0,4,3,6,Home,2025-08-16,34,Medium,0
P-4782,45,Male,Orthopedics,Elective,Gastrointestinal Bleed,0,0,5,4,6,Home,2025-10-28,36,Medium,1
P-4783,43,Male,Cardiology,Elective,COPD,1,3,14,1,7,Home,2025-12-05,69,High,1
P-4784,69,Female,ICU,Emergency,Heart Failure,0,0,3,3,11,Home,2025-11-18,44,Medium,0
P-4785,53,Male,General Medicine,Elective,Gastrointestinal Bleed,3,0,8,2,4,Home,2025-11-04,60,Medium,1
P-4786,67,Female,ICU,Elective,Acute Kidney Injury,2,1,2,2,12,Home,2025-08-20,58,Medium,0
P-4787,47,Female,Pediatrics,Elective,Hip Fracture,0,0,5,2,6,Home Health Care,2025-01-24,26,Low,1
P-4788,64,Male,General Medicine,Emergency,Stroke,1,0,7,1,4,Home,2025-12-26,39,Medium,1
P-4789,82,Male,General Medicine,Emergency,Acute Kidney Injury,2,3,8,1,1,Skilled Nursing Facility,2025-02-04,75,High,1
P-4790,71,Male,Cardiology,Emergency,Hip Fracture,3,0,2,1,7,Home,2025-06-16,50,Medium,0
P-4791,55,Female,General Medicine,Emergency,Heart Failure,3,0,2,1,4,Home,2025-11-11,36,Medium,0
P-4792,66,Male,ICU,Emergency,COPD,2,0,3,1,4,Rehab,2025-07-02,38,Medium,0
P-4793,58,Male,Orthopedics,Emergency,Acute Kidney Injury,2,0,2,1,8,Home,2025-03-25,35,Medium,0
P-4794,62,Female,Cardiology,Emergency,COPD,1,0,4,3,3,Home,2025-12-27,42,Medium,0
P-4795,56,Male,General Medicine,Emergency,Sepsis,0,0,8,2,6,Skilled Nursing Facility,2025-10-11,38,Medium,0
P-4796,59,Male,Cardiology,Emergency,Gastrointestinal Bleed,2,0,1,2,5,Home Health Care,2025-04-19,36,Medium,0
P-4797,65,Male,ICU,Emergency,Heart Failure,0,0,3,5,11,Home,2025-12-10,56,Medium,0
P-4798,46,Male,Emergency,Emergency,Hypertension,2,1,6,4,7,Skilled Nursing Facility,2025-10-25,64,High,1
P-4799,45,Other,Cardiology,Emergency,Diabetes with Complications,1,1,6,3,7,Home,2025-02-25,48,Medium,0
P-4800,39,Male,General Medicine,Elective,Heart Failure,3,2,2,1,4,Home,2025-05-10,39,Medium,1
P-4801,36,Male,Cardiology,Urgent,Stroke,1,0,5,8,6,Skilled Nursing Facility,2025-06-19,67,High,1
P-4802,42,Female,Emergency,Emergency,Diabetes with Complications,2,0,16,5,11,Home,2025-01-04,87,High,1
P-4803,64,Female,General Medicine,Emergency,Gastrointestinal Bleed,1,0,5,1,8,Rehab,2025-03-25,38,Medium,0
P-4804,47,Male,Cardiology,Urgent,Hip Fracture,2,4,2,0,10,Home,2025-02-15,48,Medium,1
P-4805,70,Female,Emergency,Elective,Hypertension,2,0,4,1,11,Home,2025-03-19,51,Medium,0
P-4806,62,Female,Orthopedics,Emergency,Heart Failure,2,0,2,2,7,Home,2025-05-07,43,Medium,1
P-4807,30,Male,Cardiology,Elective,Pneumonia,0,0,4,1,11,Home Health Care,2025-02-07,16,Low,1
P-4808,72,Female,ICU,Emergency,Sepsis,3,0,9,2,3,Home,2025-05-19,72,High,0
P-4809,74,Female,Emergency,Elective,Pneumonia,4,1,1,3,8,Home,2025-02-01,76,High,1
P-4810,46,Female,Emergency,Transfer,Gastrointestinal Bleed,2,0,3,3,12,Rehab,2025-12-30,49,Medium,0
P-4811,68,Female,Emergency,Emergency,Hypertension,3,0,5,2,2,Skilled Nursing Facility,2025-03-06,58,Medium,0
P-4812,48,Female,Emergency,Urgent,Hypertension,4,5,3,1,8,Home,2025-03-15,77,High,1
P-4813,63,Female,General Medicine,Emergency,Diabetes with Complications,2,0,7,2,4,Home,2025-10-19,54,Medium,1
P-4814,41,Male,ICU,Emergency,Sepsis,2,0,1,1,12,Home,2025-11-28,27,Low,1
P-4815,33,Male,Emergency,Emergency,Diabetes with Complications,1,2,10,2,8,Skilled Nursing Facility,2025-10-10,53,Medium,1
P-4816,55,Female,Emergency,Elective,Pneumonia,0,0,18,2,9,Home,2025-12-06,70,High,0
P-4817,60,Male,General Medicine,Emergency,Hypertension,2,0,3,2,4,Skilled Nursing Facility,2025-06-12,41,Medium,0
P-4818,55,Female,Pediatrics,Elective,Gastrointestinal Bleed,0,0,1,0,5,Skilled Nursing Facility,2025-08-29,12,Low,0
P-4819,43,Male,Emergency,Elective,Gastrointestinal Bleed,0,0,20,1,1,Home,2025-02-20,53,Medium,1
P-4820,55,Male,Pediatrics,Emergency,Diabetes with Complications,2,0,2,1,1,Home,2025-05-30,26,Low,0
P-4821,66,Female,Emergency,Emergency,Hip Fracture,3,0,4,2,8,Home,2025-11-07,61,High,0
P-4822,61,Female,ICU,Emergency,Pneumonia,2,1,2,2,8,Skilled Nursing Facility,2025-05-13,49,Medium,0
P-4823,64,Male,Cardiology,Elective,Diabetes with Complications,3,0,1,0,1,Home,2025-07-13,29,Low,0
P-4824,51,Male,Emergency,Urgent,Hypertension,0,2,1,1,6,Skilled Nursing Facility,2025-01-11,23,Low,0
P-4825,80,Female,Emergency,Emergency,Hip Fracture,2,0,2,2,6,Skilled Nursing Facility,2025-03-11,52,Medium,0
P-4826,43,Female,ICU,Elective,Pneumonia,0,0,20,6,13,Home,2025-06-25,89,High,1
P-4827,69,Female,Emergency,Emergency,Hip Fracture,0,0,8,3,11,Home,2025-08-03,59,Medium,1
P-4828,80,Male,Emergency,Emergency,Sepsis,6,0,3,3,11,Home Health Care,2025-01-24,90,High,1
P-4829,69,Male,Cardiology,Emergency,Heart Failure,2,0,2,0,5,Home,2025-08-13,31,Medium,0
P-4830,58,Female,Cardiology,Elective,Diabetes with Complications,3,1,1,4,3,Home,2025-08-29,61,High,1
P-4831,53,Female,Orthopedics,Transfer,Diabetes with Complications,2,3,3,2,8,Home,2025-12-12,60,Medium,0
P-4832,78,Male,Emergency,Urgent,Stroke,2,2,11,1,3,Skilled Nursing Facility,2025-04-01,77,High,1
P-4833,39,Female,General Medicine,Emergency,Sepsis,1,2,23,2,5,Rehab,2025-09-16,84,High,1
P-4834,46,Male,General Medicine,Elective,Diabetes with Complications,1,0,11,1,9,Home,2025-05-24,46,Medium,0
P-4835,55,Female,Emergency,Emergency,Heart Failure,2,3,1,5,7,Home Health Care,2025-02-05,73,High,1
P-4836,81,Female,Cardiology,Emergency,Acute Kidney Injury,1,0,1,3,1,Home Health Care,2025-06-10,42,Medium,1
P-4837,68,Male,Emergency,Emergency,Diabetes with Complications,1,1,1,3,8,Home Health Care,2025-07-15,49,Medium,1
P-4838,46,Female,General Medicine,Emergency,Hypertension,1,3,1,2,3,Home Health Care,2025-08-08,35,Medium,0
P-4839,57,Male,Emergency,Elective,Hypertension,1,1,1,3,3,Home,2025-03-15,36,Medium,0
P-4840,52,Male,Cardiology,Emergency,Sepsis,1,1,1,2,2,Home,2025-04-28,27,Low,0
P-4841,50,Female,Cardiology,Urgent,Diabetes with Complications,3,3,2,2,4,Home,2025-05-23,59,Medium,0
P-4842,77,Male,Orthopedics,Emergency,Gastrointestinal Bleed,1,1,1,4,1,Rehab,2025-11-10,53,Medium,0
P-4843,40,Female,Emergency,Emergency,Acute Kidney Injury,1,4,1,1,7,Home,2025-03-22,35,Medium,1
P-4844,87,Male,General Medicine,Emergency,Stroke,2,1,4,1,1,Rehab,2025-04-05,56,Medium,1
P-4845,75,Female,Emergency,Emergency,COPD,0,0,2,1,8,Home,2025-08-01,29,Low,0
P-4846,79,Male,Orthopedics,Transfer,Diabetes with Complications,2,1,1,1,9,Home,2025-09-01,52,Medium,0
P-4847,54,Female,Emergency,Emergency,Pneumonia,2,0,6,3,7,Home Health Care,2025-01-10,56,Medium,0
P-4848,59,Female,Emergency,Urgent,Acute Kidney Injury,0,0,2,2,7,Home Health Care,2025-08-02,25,Low,0
P-4849,39,Female,Neurology,Emergency,Heart Failure,0,1,7,2,2,Home,2025-01-12,27,Low,0
P-4850,53,Female,General Medicine,Emergency,COPD,1,1,11,3,10,Home,2025-06-08,71,High,1
P-4851,69,Male,Cardiology,Emergency,COPD,2,1,12,1,4,Home,2025-12-21,71,High,0
P-4852,82,Male,Cardiology,Urgent,Diabetes with Complications,1,2,1,2,6,Skilled Nursing Facility,2025-01-05,54,Medium,1
P-4853,44,Female,General Medicine,Emergency,Gastrointestinal Bleed,3,2,6,1,5,Home Health Care,2025-09-24,55,Medium,1
P-4854,56,Female,Orthopedics,Transfer,Sepsis,1,1,1,2,10,Home,2025-06-24,37,Medium,0
P-4855,59,Male,Emergency,Emergency,Gastrointestinal Bleed,2,2,3,0,8,Home,2025-02-23,43,Medium,0
P-4856,39,Male,General Medicine,Emergency,Sepsis,2,1,3,4,1,Home,2025-06-13,44,Medium,1
P-4857,71,Female,General Medicine,Elective,Diabetes with Complications,1,2,2,4,13,Home,2025-12-01,72,High,1
P-4858,50,Female,Emergency,Emergency,Heart Failure,1,1,7,1,8,Home,2025-11-23,42,Medium,0
P-4859,58,Female,General Medicine,Emergency,COPD,1,1,12,1,5,Against Medical Advice,2025-04-27,58,Medium,1
P-4860,54,Male,Cardiology,Urgent,Heart Failure,0,0,2,2,6,Home Health Care,2025-09-05,22,Low,0
P-4861,49,Male,Pediatrics,Emergency,Hip Fracture,0,2,2,4,9,Home,2025-08-12,46,Medium,0
P-4862,61,Male,General Medicine,Emergency,Heart Failure,1,0,1,1,7,Home,2025-06-13,25,Low,0
P-4863,58,Male,General Medicine,Emergency,Acute Kidney Injury,1,1,6,2,8,Home,2025-01-11,51,Medium,0
P-4864,56,Female,Emergency,Emergency,Gastrointestinal Bleed,0,1,1,3,8,Home,2025-03-19,33,Medium,0
P-4865,50,Female,Cardiology,Emergency,Heart Failure,4,1,1,2,10,Home Health Care,2025-10-12,59,Medium,0
P-4866,67,Female,Emergency,Emergency,COPD,1,2,1,3,10,Home,2025-04-29,57,Medium,0
P-4867,88,Male,General Medicine,Elective,Hip Fracture,2,1,4,2,7,Home,2025-10-19,70,High,1
P-4868,64,Male,General Medicine,Emergency,Hip Fracture,1,2,2,2,4,Home,2025-05-13,44,Medium,1
P-4869,77,Female,Emergency,Elective,Heart Failure,1,1,20,5,10,Home,2025-03-02,96,High,1
P-4870,39,Male,General Medicine,Emergency,Hip Fracture,1,1,3,3,5,Home,2025-07-02,34,Medium,1
P-4871,64,Male,Orthopedics,Emergency,Pneumonia,1,2,3,1,5,Home Health Care,2025-02-02,41,Medium,1
P-4872,44,Female,ICU,Emergency,Stroke,4,0,1,2,8,Skilled Nursing Facility,2025-05-23,47,Medium,1
P-4873,38,Female,Emergency,Elective,Hypertension,0,2,6,5,8,Home,2025-04-08,57,Medium,0
P-4874,50,Female,General Medicine,Elective,Heart Failure,1,0,7,0,7,Home Health Care,2025-01-24,29,Low,0
P-4875,81,Male,Emergency,Emergency,Acute Kidney Injury,1,1,2,3,8,Home Health Care,2025-06-14,60,Medium,1
P-4876,77,Female,General Medicine,Emergency,COPD,1,4,6,2,5,Home Health Care,2025-06-18,75,High,1
P-4877,65,Male,Emergency,Elective,COPD,2,1,2,1,1,Home Health Care,2025-03-15,36,Medium,0
P-4878,37,Female,Pediatrics,Urgent,Acute Kidney Injury,1,0,8,2,6,Skilled Nursing Facility,2025-07-16,35,Medium,1
P-4879,58,Female,ICU,Elective,Pneumonia,0,0,4,0,5,Home,2025-12-30,18,Low,0
P-4880,66,Female,Emergency,Emergency,Stroke,1,0,3,0,5,Home,2025-09-13,25,Low,0
P-4881,64,Male,ICU,Elective,Diabetes with Complications,1,0,6,1,1,Home Health Care,2025-11-17,33,Medium,1
P-4882,32,Female,Cardiology,Elective,Heart Failure,4,1,5,3,2,Skilled Nursing Facility,2025-04-16,57,Medium,0
P-4883,47,Male,Emergency,Emergency,Sepsis,1,1,4,6,1,Home,2025-02-17,57,Medium,1
P-4884,60,Male,Cardiology,Emergency,Heart Failure,3,0,2,5,6,Home,2025-08-12,69,High,1
P-4885,70,Male,Pediatrics,Emergency,Stroke,0,1,9,3,9,Home,2025-12-16,66,High,1
P-4886,26,Female,Neurology,Emergency,Hip Fracture,0,2,3,5,11,Skilled Nursing Facility,2025-09-01,44,Medium,0
P-4887,59,Male,Emergency,Transfer,Diabetes with Complications,0,0,3,1,9,Home Health Care,2025-12-13,24,Low,1
P-4888,64,Female,General Medicine,Urgent,COPD,0,0,2,3,4,Home,2025-07-08,31,Medium,0
P-4889,75,Female,Emergency,Emergency,Stroke,3,3,13,2,7,Home Health Care,2025-04-16,92,High,1
P-4890,73,Male,Orthopedics,Emergency,Sepsis,1,0,4,1,6,Home,2025-11-28,39,Medium,0
P-4891,71,Female,General Medicine,Elective,Diabetes with Complications,0,3,3,3,5,Home,2025-02-21,57,Medium,1
P-4892,49,Male,ICU,Emergency,COPD,1,1,18,1,7,Skilled Nursing Facility,2025-02-15,71,High,1
P-4893,31,Male,General Medicine,Emergency,Pneumonia,0,3,3,0,4,Home,2025-02-12,17,Low,0
P-4894,55,Female,General Medicine,Emergency,Gastrointestinal Bleed,4,1,1,2,7,Home,2025-07-27,59,Medium,0
P-4895,78,Female,Emergency,Emergency,Sepsis,1,0,2,2,10,Home,2025-07-31,48,Medium,0
P-4896,84,Male,Neurology,Emergency,Diabetes with Complications,3,3,7,3,1,Skilled Nursing Facility,2025-08-12,87,High,1
P-4897,73,Female,Neurology,Elective,Diabetes with Complications,2,3,1,1,2,Home,2025-05-12,52,Medium,0
P-4898,68,Female,Emergency,Emergency,Pneumonia,0,2,1,2,10,Home Health Care,2025-03-18,42,Medium,1
P-4899,68,Male,General Medicine,Urgent,Acute Kidney Injury,1,0,3,2,6,Home,2025-11-05,39,Medium,0
P-4900,53,Female,Pediatrics,Urgent,Sepsis,1,3,3,2,7,Skilled Nursing Facility,2025-03-24,50,Medium,0
P-4901,59,Female,Cardiology,Elective,Acute Kidney Injury,1,0,3,0,4,Home,2025-02-03,21,Low,1
P-4902,88,Male,Emergency,Emergency,Heart Failure,3,1,2,0,4,Home Health Care,2025-04-16,56,Medium,0
P-4903,46,Female,Cardiology,Emergency,Heart Failure,0,1,1,3,4,Home Health Care,2025-06-16,24,Low,0
P-4904,87,Female,Orthopedics,Elective,Stroke,0,0,7,4,5,Home,2025-11-13,66,High,1
P-4905,56,Male,General Medicine,Urgent,Hypertension,1,2,5,3,5,Home,2025-06-28,56,Medium,0
P-4906,83,Female,Cardiology,Emergency,Stroke,1,0,2,0,5,Home,2025-08-17,31,Medium,0
P-4907,39,Male,Pediatrics,Emergency,Hypertension,5,2,1,0,5,Skilled Nursing Facility,2025-12-13,47,Medium,0
P-4908,71,Female,General Medicine,Emergency,Sepsis,1,1,10,3,4,Home,2025-11-15,71,High,1
P-4909,50,Male,Orthopedics,Emergency,Gastrointestinal Bleed,0,1,1,3,4,Skilled Nursing Facility,2025-02-18,26,Low,0
P-4910,39,Female,ICU,Emergency,Diabetes with Complications,1,1,4,3,10,Home,2025-04-26,42,Medium,0
P-4911,65,Male,Emergency,Transfer,Heart Failure,2,0,5,2,9,Home,2025-09-01,56,Medium,1
P-4912,78,Female,General Medicine,Emergency,Sepsis,2,0,9,5,6,Rehab,2025-08-28,85,High,1
P-4913,48,Male,Emergency,Emergency,Sepsis,0,0,1,2,13,Home Health Care,2025-08-08,24,Low,0
P-4914,38,Male,General Medicine,Transfer,Gastrointestinal Bleed,0,1,2,1,8,Home Health Care,2025-03-03,17,Low,0
P-4915,60,Male,Orthopedics,Emergency,Hypertension,0,1,16,1,4,Skilled Nursing Facility,2025-04-17,61,High,0
P-4916,60,Female,Emergency,Urgent,Heart Failure,0,0,4,0,10,Against Medical Advice,2025-01-25,23,Low,0
P-4917,70,Male,Orthopedics,Emergency,Heart Failure,1,1,3,2,7,Home,2025-05-23,48,Medium,0
P-4918,77,Female,Cardiology,Transfer,Hypertension,1,2,2,3,11,Home,2025-11-27,67,High,0
P-4919,61,Female,Cardiology,Emergency,Sepsis,1,0,1,3,8,Home,2025-11-08,39,Medium,0
P-4920,91,Female,ICU,Transfer,Acute Kidney Injury,1,1,1,2,4,Skilled Nursing Facility,2025-02-02,51,Medium,1
P-4921,65,Male,Emergency,Emergency,Sepsis,2,2,7,1,8,Home,2025-07-14,66,High,1
P-4922,56,Female,Emergency,Emergency,Sepsis,0,2,2,0,1,Home,2025-12-31,18,Low,0
P-4923,36,Male,Orthopedics,Emergency,COPD,3,1,2,2,5,Skilled Nursing Facility,2025-05-08,39,Medium,0
P-4924,57,Female,General Medicine,Emergency,Hypertension,0,1,2,3,11,Home Health Care,2025-10-07,40,Medium,0
P-4925,56,Female,Emergency,Emergency,Hip Fracture,1,0,7,1,8,Home,2025-09-28,39,Medium,1
P-4926,77,Male,General Medicine,Transfer,Acute Kidney Injury,1,0,3,3,1,Home,2025-05-27,46,Medium,0
P-4927,69,Male,ICU,Emergency,Sepsis,2,0,1,3,10,Home,2025-01-25,55,Medium,0
P-4928,43,Female,Cardiology,Elective,Diabetes with Complications,0,1,4,6,5,Home,2025-01-30,51,Medium,1
P-4929,64,Male,General Medicine,Emergency,Heart Failure,1,3,2,1,5,Home,2025-05-25,44,Medium,1
P-4930,72,Female,General Medicine,Urgent,Hip Fracture,1,2,3,1,5,Home,2025-08-18,46,Medium,1
P-4931,86,Male,General Medicine,Emergency,Sepsis,1,1,10,1,1,Skilled Nursing Facility,2025-12-04,64,High,1
P-4932,76,Female,Emergency,Transfer,Gastrointestinal Bleed,3,0,1,2,7,Rehab,2025-06-01,57,Medium,0
P-4933,74,Male,General Medicine,Emergency,Acute Kidney Injury,1,2,2,7,3,Rehab,2025-03-13,79,High,1
P-4934,62,Female,General Medicine,Emergency,Hip Fracture,1,0,14,1,11,Home,2025-06-09,67,High,1
P-4935,68,Female,Pediatrics,Emergency,Stroke,3,1,7,2,4,Skilled Nursing Facility,2025-04-15,71,High,0
P-4936,81,Female,Cardiology,Elective,Hypertension,1,0,2,4,8,Home Health Care,2025-10-28,61,High,1
P-4937,40,Male,General Medicine,Elective,Heart Failure,4,1,1,2,6,Skilled Nursing Facility,2025-10-21,48,Medium,0
P-4938,56,Female,General Medicine,Elective,Stroke,1,2,13,2,8,Skilled Nursing Facility,2025-04-30,74,High,0
P-4939,49,Male,Pediatrics,Emergency,COPD,3,1,1,4,1,Against Medical Advice,2025-07-19,53,Medium,0
P-4940,68,Male,Cardiology,Elective,Sepsis,1,1,3,5,3,Home,2025-06-03,62,High,0
P-4941,81,Female,Emergency,Urgent,Gastrointestinal Bleed,2,0,2,1,9,Home Health Care,2025-09-20,50,Medium,1
P-4942,52,Female,Emergency,Emergency,Gastrointestinal Bleed,2,1,1,0,3,Home Health Care,2025-06-19,24,Low,0
P-4943,23,Male,Emergency,Emergency,Gastrointestinal Bleed,0,1,1,2,4,Home,2025-10-11,12,Low,0
P-4944,55,Female,Cardiology,Elective,Acute Kidney Injury,2,1,2,0,1,Home,2025-10-23,25,Low,0
P-4945,76,Female,ICU,Emergency,COPD,1,0,3,2,10,Home,2025-04-18,49,Medium,1
P-4946,70,Male,General Medicine,Elective,Sepsis,2,1,16,0,9,Skilled Nursing Facility,2025-06-12,80,High,0
P-4947,68,Female,Emergency,Emergency,Hypertension,1,0,4,0,2,Skilled Nursing Facility,2025-04-17,26,Low,0
P-4948,57,Female,Cardiology,Transfer,Acute Kidney Injury,3,0,11,4,6,Home Health Care,2025-08-16,82,High,1
P-4949,41,Male,Emergency,Urgent,Hypertension,1,1,1,2,8,Home,2025-09-06,27,Low,0
P-4950,70,Female,ICU,Elective,Acute Kidney Injury,0,0,2,2,8,Home,2025-10-30,32,Medium,1
P-4951,48,Female,Pediatrics,Emergency,Hip Fracture,1,2,1,3,8,Home Health Care,2025-02-06,43,Medium,1
P-4952,95,Female,General Medicine,Emergency,Hypertension,0,0,3,0,11,Home,2025-06-01,40,Medium,0
P-4953,71,Male,Orthopedics,Urgent,Acute Kidney Injury,0,0,12,4,1,Home,2025-08-18,66,High,1
P-4954,52,Female,Emergency,Elective,Heart Failure,0,0,2,4,7,Skilled Nursing Facility,2025-09-21,33,Medium,0
P-4955,52,Male,Neurology,Elective,Acute Kidney Injury,0,0,5,2,7,Home Health Care,2025-06-30,29,Low,0
P-4956,60,Male,Emergency,Emergency,Acute Kidney Injury,1,1,12,1,8,Home Health Care,2025-01-19,63,High,0
P-4957,58,Male,General Medicine,Emergency,Acute Kidney Injury,0,0,4,3,8,Home,2025-08-22,37,Medium,0
P-4958,79,Female,Emergency,Emergency,Pneumonia,2,0,4,0,5,Home,2025-07-23,43,Medium,1
P-4959,64,Female,General Medicine,Emergency,Gastrointestinal Bleed,0,2,4,2,11,Home Health Care,2025-07-13,50,Medium,1
P-4960,50,Male,General Medicine,Elective,Acute Kidney Injury,1,1,2,1,5,Home,2025-05-08,25,Low,0
P-4961,92,Male,Cardiology,Elective,Diabetes with Complications,0,0,3,4,9,Home,2025-12-22,63,High,1
P-4962,62,Male,Cardiology,Emergency,Acute Kidney Injury,1,1,9,3,2,Home,2025-10-18,62,High,1
P-4963,74,Male,General Medicine,Elective,Gastrointestinal Bleed,0,0,3,0,7,Home,2025-06-19,24,Low,0
P-4964,52,Female,Emergency,Urgent,Hip Fracture,1,3,3,1,10,Home,2025-12-31,46,Medium,0
P-4965,67,Female,ICU,Elective,Sepsis,0,0,1,0,9,Home,2025-08-10,19,Low,0
P-4966,66,Female,Emergency,Emergency,Gastrointestinal Bleed,1,0,3,0,7,Home,2025-01-04,27,Low,0
P-4967,31,Female,Emergency,Emergency,Stroke,2,0,1,8,1,Home,2025-09-01,55,Medium,1
P-4968,94,Female,Orthopedics,Urgent,Diabetes with Complications,0,0,2,1,8,Home,2025-03-16,39,Medium,1
P-4969,82,Male,ICU,Emergency,Heart Failure,1,1,18,0,9,Skilled Nursing Facility,2025-06-14,83,High,1
P-4970,55,Male,Emergency,Urgent,Pneumonia,4,2,11,2,6,Home,2025-03-27,85,High,1
P-4971,44,Female,Orthopedics,Elective,COPD,1,1,5,2,7,Home,2025-08-01,38,Medium,1
P-4972,67,Female,General Medicine,Urgent,Gastrointestinal Bleed,2,2,6,1,7,Home,2025-03-12,63,High,1
P-4973,63,Female,Cardiology,Transfer,Acute Kidney Injury,1,0,2,3,9,Home,2025-05-06,44,Medium,0
P-4974,67,Female,Orthopedics,Elective,Diabetes with Complications,2,0,1,3,8,Home,2025-03-24,51,Medium,0
P-4975,65,Female,Emergency,Emergency,Hypertension,2,0,4,2,10,Home,2025-09-15,54,Medium,0
P-4976,70,Male,Emergency,Emergency,Acute Kidney Injury,2,0,11,2,6,Home,2025-07-01,72,High,1
P-4977,85,Male,Pediatrics,Emergency,Diabetes with Complications,0,0,9,0,1,Home,2025-03-06,39,Medium,1
P-4978,71,Female,Neurology,Emergency,Gastrointestinal Bleed,1,2,5,2,10,Home,2025-12-06,64,High,0
P-4979,45,Female,Emergency,Emergency,Sepsis,0,0,19,3,10,Home,2025-02-03,74,High,1
P-4980,83,Male,Cardiology,Emergency,Acute Kidney Injury,3,3,2,1,10,Home,2025-07-19,77,High,0
P-4981,88,Female,Emergency,Emergency,Diabetes with Complications,0,0,7,1,13,Home,2025-10-15,57,Medium,1
P-4982,95,Female,ICU,Emergency,Stroke,5,2,2,3,7,Skilled Nursing Facility,2025-11-29,91,High,1
P-4983,44,Male,ICU,Urgent,Stroke,0,0,17,2,7,Home,2025-04-10,59,Medium,1
P-4984,65,Male,Emergency,Elective,Diabetes with Complications,1,2,2,2,4,Against Medical Advice,2025-12-08,44,Medium,1
P-4985,28,Female,Neurology,Urgent,Hypertension,2,1,3,2,12,Rehab,2025-05-03,37,Medium,0
P-4986,70,Female,Orthopedics,Emergency,Sepsis,1,0,3,7,1,Home,2025-05-14,68,High,1
P-4987,53,Male,Emergency,Emergency,Hypertension,2,0,2,1,1,Home Health Care,2025-10-18,25,Low,0
P-4988,92,Female,General Medicine,Emergency,Hypertension,1,0,2,5,6,Rehab,2025-12-16,71,High,1
P-4989,49,Female,ICU,Emergency,Pneumonia,2,0,3,4,3,Home,2025-11-10,46,Medium,0
P-4990,34,Female,Cardiology,Elective,Hip Fracture,2,2,8,2,3,Home,2025-06-28,50,Medium,1
P-4991,54,Male,ICU,Emergency,Acute Kidney Injury,1,1,7,2,2,Home,2025-07-01,44,Medium,0
P-4992,30,Female,General Medicine,Emergency,Hip Fracture,1,1,3,5,12,Home,2025-01-29,50,Medium,1
P-4993,74,Male,Cardiology,Elective,Stroke,0,0,2,0,9,Home,2025-03-15,24,Low,0
P-4994,28,Female,Orthopedics,Elective,Hip Fracture,2,0,1,2,7,Rehab,2025-01-09,22,Low,0
P-4995,62,Female,General Medicine,Elective,Heart Failure,4,2,10,3,1,Home,2025-11-11,86,High,1
P-4996,28,Male,Cardiology,Emergency,Sepsis,3,0,10,0,5,Skilled Nursing Facility,2025-09-22,38,Medium,1
P-4997,56,Male,Cardiology,Emergency,Pneumonia,0,0,1,3,1,Home,2025-07-27,22,Low,0
P-4998,88,Female,General Medicine,Emergency,Acute Kidney Injury,2,1,7,1,9,Home Health Care,2025-08-02,73,High,1
P-4999,67,Female,Neurology,Transfer,Diabetes with Complications,1,0,10,1,9,Home Health Care,2025-02-15,56,Medium,0
P-5000,48,Female,General Medicine,Urgent,COPD,0,2,6,1,4,Home,2025-09-11,31,Medium,1
P-5001,61,Male,Emergency,Emergency,Sepsis,2,2,2,1,8,Skilled Nursing Facility,2025-06-13,49,Medium,0
P-5002,62,Male,General Medicine,Emergency,Heart Failure,1,2,3,2,12,Home,2025-10-07,55,Medium,1
P-5003,69,Male,Emergency,Elective,Diabetes with Complications,0,1,2,2,4,Home,2025-06-07,33,Medium,1
P-5004,40,Female,Pediatrics,Emergency,Diabetes with Complications,2,2,4,3,5,Rehab,2025-12-29,52,Medium,0
P-5005,71,Female,General Medicine,Urgent,Gastrointestinal Bleed,1,2,10,3,3,Home,2025-01-07,75,High,0
P-5006,18,Female,General Medicine,Elective,Acute Kidney Injury,2,0,6,2,7,Home,2025-07-06,28,Low,0
P-5007,51,Male,Emergency,Emergency,Acute Kidney Injury,2,0,3,3,15,Home,2025-11-03,56,Medium,0
P-5008,54,Female,General Medicine,Emergency,Sepsis,0,0,9,2,7,Home Health Care,2025-10-08,41,Medium,1
P-5009,72,Male,Emergency,Elective,Hypertension,2,1,1,0,5,Home,2025-03-16,36,Medium,0
P-5010,62,Female,ICU,Emergency,Pneumonia,0,1,2,2,8,Home Health Care,2025-10-12,33,Medium,1
P-5011,39,Male,Emergency,Elective,Gastrointestinal Bleed,3,0,3,3,5,Home Health Care,2025-07-04,44,Medium,1
P-5012,46,Male,Neurology,Emergency,Pneumonia,0,2,5,1,7,Home,2025-04-23,31,Medium,1
P-5013,65,Female,General Medicine,Emergency,COPD,1,2,25,2,8,Home,2025-06-12,94,High,1
P-5014,60,Male,ICU,Elective,Gastrointestinal Bleed,0,0,5,5,8,Home Health Care,2025-11-25,55,Medium,1
P-5015,52,Female,Orthopedics,Emergency,Hypertension,1,4,3,2,2,Home Health Care,2025-09-22,49,Medium,1
P-5016,54,Female,Cardiology,Emergency,Hip Fracture,0,0,6,2,7,Home,2025-11-08,33,Medium,1
P-5017,73,Female,Cardiology,Emergency,Sepsis,4,0,19,2,2,Home,2025-07-13,92,High,1
P-5018,53,Other,Cardiology,Elective,Hip Fracture,1,0,5,2,2,Rehab,2025-03-05,32,Medium,0
P-5019,60,Male,General Medicine,Elective,Heart Failure,0,1,2,4,10,Skilled Nursing Facility,2025-02-26,48,Medium,0
P-5020,95,Male,Emergency,Emergency,COPD,2,0,6,1,11,Home Health Care,2025-12-13,72,High,1
P-5021,39,Female,Emergency,Elective,Hypertension,1,0,3,1,8,Home,2025-02-10,21,Low,0
P-5022,32,Female,General Medicine,Emergency,COPD,1,1,4,0,8,Home Health Care,2025-04-17,19,Low,0
P-5023,74,Male,Emergency,Emergency,Diabetes with Complications,1,0,14,0,6,Home,2025-10-06,62,High,1
P-5024,51,Female,General Medicine,Elective,Diabetes with Complications,2,1,3,0,8,Home Health Care,2025-03-25,33,Medium,0
P-5025,56,Male,Cardiology,Elective,Hypertension,1,2,2,2,6,Home Health Care,2025-04-16,41,Medium,0
P-5026,49,Male,General Medicine,Emergency,Gastrointestinal Bleed,1,0,5,1,1,Home,2025-05-12,23,Low,1
P-5027,57,Male,General Medicine,Emergency,Sepsis,1,0,4,1,7,Home,2025-08-25,31,Medium,1
P-5028,87,Male,General Medicine,Emergency,Stroke,3,0,3,0,1,Home Health Care,2025-11-26,48,Medium,1
P-5029,74,Male,Emergency,Urgent,COPD,1,0,2,2,1,Skilled Nursing Facility,2025-12-28,34,Medium,0
P-5030,75,Male,General Medicine,Emergency,Pneumonia,0,1,4,3,6,Home,2025-04-05,51,Medium,1
P-5031,39,Male,ICU,Emergency,Pneumonia,3,0,1,1,10,Home Health Care,2025-06-12,32,Medium,0
P-5032,43,Male,Orthopedics,Emergency,Acute Kidney Injury,1,1,2,2,8,Home,2025-02-17,30,Low,0
P-5033,18,Male,ICU,Emergency,Sepsis,1,0,9,1,8,Home Health Care,2025-08-12,24,Low,1
P-5034,49,Female,Cardiology,Elective,Diabetes with Complications,1,1,11,3,3,Home Health Care,2025-12-08,61,High,0
P-5035,77,Male,General Medicine,Emergency,Stroke,2,0,3,2,6,Home,2025-05-23,54,Medium,0
P-5036,70,Male,General Medicine,Emergency,Stroke,1,0,9,1,7,Home Health Care,2025-02-18,53,Medium,1
P-5037,58,Male,ICU,Emergency,Heart Failure,1,2,1,1,7,Home Health Care,2025-09-29,34,Medium,1
P-5038,61,Male,Neurology,Emergency,Stroke,2,1,2,2,6,Home,2025-04-19,47,Medium,0
P-5039,50,Male,Pediatrics,Emergency,COPD,3,0,5,0,3,Home,2025-05-17,34,Medium,1
P-5040,65,Male,General Medicine,Emergency,COPD,3,1,6,0,9,Home,2025-08-03,60,Medium,1
P-5041,74,Female,Emergency,Emergency,Pneumonia,2,0,2,2,8,Against Medical Advice,2025-11-17,51,Medium,0
P-5042,36,Female,General Medicine,Elective,Gastrointestinal Bleed,1,2,13,2,5,Home,2025-05-26,60,Medium,0
P-5043,66,Female,Emergency,Elective,Pneumonia,2,1,5,1,6,Home,2025-08-24,52,Medium,0
P-5044,76,Female,Emergency,Emergency,COPD,3,0,12,1,12,Skilled Nursing Facility,2025-10-21,83,High,1
P-5045,55,Male,Neurology,Emergency,Pneumonia,2,1,1,3,7,Home,2025-01-22,48,Medium,0
P-5046,73,Male,Pediatrics,Emergency,Hip Fracture,1,2,4,3,3,Home,2025-02-15,61,High,1
P-5047,95,Female,Neurology,Emergency,Hip Fracture,0,3,2,1,10,Home,2025-11-05,61,High,1
P-5048,60,Male,Cardiology,Urgent,Hypertension,1,2,10,1,6,Rehab,2025-05-17,61,High,0
P-5049,68,Female,Cardiology,Transfer,Hip Fracture,0,0,1,5,1,Home,2025-02-24,39,Medium,0
P-5050,50,Male,Cardiology,Elective,Acute Kidney Injury,1,0,7,3,10,Home Health Care,2025-05-28,52,Medium,0
P-5051,64,Female,Emergency,Emergency,Stroke,0,1,1,6,6,Home,2025-07-15,56,Medium,1
P-5052,69,Female,Emergency,Elective,Pneumonia,3,0,10,5,5,Home,2025-02-13,87,High,1
P-5053,65,Female,Emergency,Emergency,Hip Fracture,0,1,3,1,7,Home,2025-03-28,30,Low,0
P-5054,45,Male,General Medicine,Elective,Hypertension,0,1,1,1,6,Home,2025-04-18,16,Low,0
P-5055,65,Male,General Medicine,Emergency,Diabetes with Complications,4,1,8,6,3,Against Medical Advice,2025-03-11,91,High,1
P-5056,85,Female,General Medicine,Emergency,Hip Fracture,1,1,4,3,8,Skilled Nursing Facility,2025-07-20,68,High,0
P-5057,69,Female,Orthopedics,Emergency,Sepsis,1,1,1,2,6,Skilled Nursing Facility,2025-06-26,40,Medium,0
P-5058,77,Male,ICU,Emergency,Diabetes with Complications,0,0,1,1,7,Home,2025-12-25,26,Low,0
P-5059,58,Female,ICU,Elective,Sepsis,0,2,2,4,7,Home,2025-10-16,49,Medium,1
P-5060,73,Female,General Medicine,Elective,Hypertension,2,0,6,2,6,Home,2025-09-25,60,Medium,0
P-5061,66,Female,Emergency,Urgent,Diabetes with Complications,1,2,3,1,7,Home Health Care,2025-12-29,45,Medium,0
P-5062,46,Female,General Medicine,Transfer,Pneumonia,2,0,4,4,10,Home Health Care,2025-09-09,56,Medium,1
P-5063,67,Male,ICU,Emergency,Acute Kidney Injury,2,1,1,2,9,Skilled Nursing Facility,2025-02-10,51,Medium,0
P-5064,46,Female,Cardiology,Emergency,Heart Failure,1,0,6,2,11,Skilled Nursing Facility,2025-06-17,41,Medium,1
P-5065,51,Female,General Medicine,Emergency,Gastrointestinal Bleed,2,2,3,2,7,Home,2025-02-21,51,Medium,1
P-5066,65,Female,Orthopedics,Urgent,Hypertension,1,2,2,2,7,Home Health Care,2025-02-04,48,Medium,1
P-5067,66,Female,Neurology,Emergency,Pneumonia,1,3,4,1,4,Home Health Care,2025-04-17,50,Medium,0
P-5068,42,Female,Emergency,Emergency,Heart Failure,0,0,7,0,1,Home,2025-09-08,15,Low,0
P-5069,78,Female,Emergency,Emergency,Sepsis,1,1,1,4,5,Home Health Care,2025-05-12,58,Medium,1
P-5070,71,Male,Orthopedics,Transfer,Heart Failure,0,1,1,4,10,Skilled Nursing Facility,2025-11-14,52,Medium,0
P-5071,50,Female,Emergency,Urgent,Pneumonia,3,1,1,3,5,Home,2025-01-04,51,Medium,1
P-5072,37,Female,Emergency,Emergency,Stroke,1,0,9,6,8,Home,2025-09-07,68,High,0
P-5073,59,Male,Neurology,Urgent,COPD,1,0,9,8,2,Home,2025-01-10,82,High,0
P-5074,54,Male,General Medicine,Emergency,Gastrointestinal Bleed,1,0,5,1,3,Rehab,2025-09-01,27,Low,0
P-5075,63,Female,Neurology,Emergency,Stroke,3,1,1,8,10,Skilled Nursing Facility,2025-09-27,88,High,1
P-5076,56,Female,Cardiology,Elective,Acute Kidney Injury,1,1,7,1,9,Home,2025-06-26,47,Medium,1
P-5077,29,Female,Emergency,Emergency,Gastrointestinal Bleed,3,1,10,3,2,Home Health Care,2025-11-12,61,High,0
P-5078,55,Male,Orthopedics,Emergency,Pneumonia,4,1,12,3,6,Home,2025-12-22,87,High,1
P-5079,57,Female,Cardiology,Urgent,Hip Fracture,1,2,8,0,3,Home,2025-04-23,42,Medium,0
P-5080,72,Male,General Medicine,Elective,Hip Fracture,1,1,3,7,7,Home,2025-01-16,80,High,1
P-5081,50,Male,Cardiology,Transfer,COPD,2,1,3,3,9,Home,2025-10-20,54,Medium,1
P-5082,88,Male,Orthopedics,Emergency,Heart Failure,1,0,4,4,11,Home,2025-05-07,73,High,1
P-5083,31,Female,General Medicine,Emergency,COPD,2,1,3,3,4,Home Health Care,2025-04-02,36,Medium,1
P-5084,82,Male,Cardiology,Emergency,Gastrointestinal Bleed,0,4,4,5,1,Skilled Nursing Facility,2025-12-24,78,High,0
P-5085,58,Male,Emergency,Urgent,Hypertension,5,1,1,1,3,Home,2025-04-29,57,Medium,0
P-5086,75,Female,General Medicine,Emergency,Heart Failure,4,0,8,2,5,Home,2025-11-03,79,High,1
P-5087,63,Male,General Medicine,Emergency,Pneumonia,1,1,1,2,14,Home,2025-06-09,46,Medium,1
P-5088,80,Female,Emergency,Emergency,Hip Fracture,0,0,1,1,2,Home,2025-11-14,23,Low,1
P-5089,55,Female,Orthopedics,Elective,Pneumonia,1,0,1,1,8,Home,2025-07-28,24,Low,0
P-5090,44,Female,Emergency,Emergency,Diabetes with Complications,0,0,11,3,9,Skilled Nursing Facility,2025-06-05,50,Medium,1
P-5091,84,Male,Emergency,Emergency,Heart Failure,1,1,25,3,5,Home,2025-04-18,96,High,1
P-5092,60,Female,ICU,Emergency,Gastrointestinal Bleed,2,1,2,2,5,Home,2025-04-24,45,Medium,1
P-5093,65,Male,Neurology,Emergency,Hypertension,1,0,1,1,10,Home,2025-05-05,30,Low,0
P-5094,81,Female,Cardiology,Emergency,Pneumonia,2,0,1,7,5,Rehab,2025-10-07,79,High,1
P-5095,45,Female,Emergency,Emergency,Stroke,2,2,11,6,4,Home,2025-10-10,86,High,1
P-5096,71,Male,Orthopedics,Urgent,Hypertension,1,0,2,2,4,Home,2025-05-28,36,Medium,0
P-5097,52,Male,Cardiology,Emergency,Pneumonia,1,1,4,1,8,Home,2025-12-19,35,Medium,0
P-5098,59,Male,Emergency,Emergency,Hip Fracture,0,1,3,5,5,Home,2025-08-21,51,Medium,1
P-5099,63,Male,Cardiology,Emergency,Gastrointestinal Bleed,1,1,11,2,8,Rehab,2025-12-09,68,High,1
P-5100,37,Female,General Medicine,Transfer,Hip Fracture,2,2,9,2,5,Home,2025-05-12,58,Medium,1
P-5101,49,Female,General Medicine,Emergency,Acute Kidney Injury,1,0,11,2,10,Home Health Care,2025-05-10,56,Medium,1
P-5102,83,Male,Orthopedics,Urgent,Hypertension,2,2,3,3,11,Home,2025-06-08,79,High,1
P-5103,76,Female,Orthopedics,Urgent,Diabetes with Complications,1,1,2,3,7,Home,2025-05-10,56,Medium,0
P-5104,60,Female,General Medicine,Emergency,Sepsis,0,3,5,0,5,Skilled Nursing Facility,2025-03-31,35,Medium,0
P-5105,65,Female,General Medicine,Emergency,Hip Fracture,2,0,2,0,2,Home Health Care,2025-02-10,26,Low,0
P-5106,57,Male,Emergency,Elective,Diabetes with Complications,1,0,2,3,8,Home,2025-06-11,39,Medium,0
P-5107,83,Female,Emergency,Elective,Sepsis,1,1,14,3,6,Home,2025-09-08,86,High,1
P-5108,58,Female,General Medicine,Elective,Stroke,1,1,10,2,7,Home,2025-03-26,61,High,0
P-5109,65,Female,Neurology,Urgent,Gastrointestinal Bleed,2,1,3,1,4,Rehab,2025-05-14,43,Medium,0
P-5110,80,Male,Emergency,Emergency,Gastrointestinal Bleed,3,1,2,2,3,Home Health Care,2025-12-30,63,High,1
P-5111,49,Male,Emergency,Elective,Diabetes with Complications,0,3,4,1,8,Home,2025-01-19,36,Medium,1
P-5112,86,Female,Emergency,Emergency,Heart Failure,1,1,7,2,6,Home,2025-07-11,68,High,0
P-5113,37,Female,Emergency,Emergency,Stroke,1,0,1,2,8,Home,2025-03-04,21,Low,0
P-5114,88,Female,ICU,Elective,Sepsis,0,1,11,3,13,Home Health Care,2025-11-11,83,High,0
P-5115,56,Male,Emergency,Emergency,Hypertension,0,0,1,3,8,Home,2025-11-09,28,Low,0
P-5116,58,Female,Emergency,Emergency,Hypertension,4,0,5,4,15,Home,2025-05-15,83,High,1
P-5117,31,Male,General Medicine,Emergency,Hypertension,1,1,4,3,8,Skilled Nursing Facility,2025-01-04,35,Medium,0
P-5118,54,Male,Emergency,Emergency,COPD,0,1,2,0,10,Home,2025-09-29,20,Low,0
P-5119,45,Female,General Medicine,Urgent,Gastrointestinal Bleed,1,0,4,5,7,Home,2025-06-01,50,Medium,1
P-5120,52,Male,Orthopedics,Emergency,Heart Failure,0,0,10,5,2,Home,2025-05-05,57,Medium,1
P-5121,59,Male,Pediatrics,Elective,Stroke,2,0,2,1,9,Home,2025-11-08,36,Medium,1
P-5122,77,Female,General Medicine,Emergency,Acute Kidney Injury,5,0,10,5,6,Home,2025-11-22,95,High,1
P-5123,65,Female,ICU,Emergency,Acute Kidney Injury,1,0,1,2,4,Home Health Care,2025-01-29,30,Low,0
P-5124,66,Male,Pediatrics,Emergency,Sepsis,0,0,4,2,2,Home,2025-08-05,29,Low,1
P-5125,44,Female,General Medicine,Emergency,Diabetes with Complications,0,0,2,2,8,Home,2025-04-21,20,Low,0
P-5126,47,Male,Emergency,Emergency,Pneumonia,1,0,12,3,8,Home,2025-11-08,62,High,0
P-5127,90,Male,Cardiology,Urgent,Gastrointestinal Bleed,1,2,1,0,6,Home,2025-07-19,46,Medium,1
P-5128,50,Male,Cardiology,Emergency,COPD,1,0,1,2,9,Home,2025-08-31,27,Low,0
P-5129,88,Male,Cardiology,Emergency,Sepsis,1,1,8,0,10,Home,2025-12-04,64,High,1
P-5130,58,Other,ICU,Emergency,Pneumonia,1,1,7,5,9,Home,2025-03-14,74,High,1
P-5131,62,Male,Neurology,Emergency,Pneumonia,0,0,1,0,10,Home Health Care,2025-12-08,18,Low,0
P-5132,79,Female,Emergency,Emergency,Gastrointestinal Bleed,1,2,13,5,5,Home,2025-01-13,91,High,1
P-5133,82,Female,General Medicine,Elective,Gastrointestinal Bleed,0,0,10,1,7,Home Health Care,2025-04-10,54,Medium,0
P-5134,60,Other,Orthopedics,Emergency,Pneumonia,1,2,2,4,10,Home,2025-07-02,62,High,1
P-5135,55,Male,General Medicine,Emergency,Pneumonia,1,0,6,2,7,Home Health Care,2025-09-16,41,Medium,0
P-5136,61,Female,Orthopedics,Elective,Sepsis,2,1,3,2,4,Home Health Care,2025-10-08,47,Medium,1
P-5137,67,Female,Pediatrics,Emergency,Heart Failure,2,1,4,4,4,Home Health Care,2025-02-01,67,High,1
P-5138,76,Male,Emergency,Emergency,Acute Kidney Injury,0,1,8,2,3,Home,2025-10-12,53,Medium,0
P-5139,62,Male,Pediatrics,Elective,Gastrointestinal Bleed,2,1,5,1,6,Home,2025-05-26,50,Medium,1
P-5140,71,Male,General Medicine,Elective,Gastrointestinal Bleed,2,2,1,3,12,Skilled Nursing Facility,2025-01-28,70,High,1
P-5141,88,Female,ICU,Emergency,Hip Fracture,4,1,5,3,5,Home,2025-08-15,86,High,1
P-5142,68,Female,General Medicine,Elective,Sepsis,0,0,1,0,4,Home,2025-10-02,16,Low,0
P-5143,66,Male,General Medicine,Emergency,Gastrointestinal Bleed,0,0,3,1,11,Rehab,2025-04-25,30,Low,0
P-5144,37,Female,Neurology,Elective,Pneumonia,2,0,3,3,1,Home Health Care,2025-11-19,30,Low,0
P-5145,19,Male,Emergency,Urgent,Gastrointestinal Bleed,1,0,1,2,1,Skilled Nursing Facility,2025-03-30,10,Low,0
P-5146,68,Female,General Medicine,Emergency,Hip Fracture,1,0,1,3,7,Home,2025-04-12,42,Medium,1
P-5147,60,Male,ICU,Emergency,Heart Failure,0,0,7,2,7,Home,2025-02-06,39,Medium,0
P-5148,53,Female,Emergency,Emergency,Gastrointestinal Bleed,1,1,4,2,9,Home,2025-03-27,43,Medium,0
P-5149,65,Male,ICU,Emergency,Hip Fracture,3,1,17,2,11,Home,2025-04-23,91,High,0
P-5150,61,Male,Emergency,Emergency,Hip Fracture,0,2,14,1,7,Home,2025-05-04,65,High,0
P-5151,80,Female,Orthopedics,Elective,Sepsis,1,1,1,1,1,Home,2025-05-27,34,Medium,0
P-5152,63,Male,Cardiology,Emergency,Gastrointestinal Bleed,0,1,9,2,9,Home Health Care,2025-10-27,55,Medium,1
P-5153,50,Female,Emergency,Emergency,Hip Fracture,0,0,2,3,1,Home,2025-08-02,21,Low,0
P-5154,77,Female,Cardiology,Elective,Diabetes with Complications,1,0,1,3,6,Home Health Care,2025-03-15,46,Medium,0
P-5155,58,Male,Cardiology,Elective,Sepsis,1,1,3,1,9,Home,2025-06-22,36,Medium,1
P-5156,70,Female,Emergency,Emergency,Hip Fracture,1,2,2,4,6,Home,2025-10-04,64,High,1
P-5157,54,Male,ICU,Elective,Sepsis,2,1,4,1,6,Home,2025-12-29,42,Medium,0
P-5158,51,Male,General Medicine,Urgent,Gastrointestinal Bleed,2,0,5,3,7,Home Health Care,2025-01-06,52,Medium,0
P-5159,63,Male,ICU,Emergency,Acute Kidney Injury,1,2,2,2,2,Home,2025-08-01,41,Medium,0
P-5160,62,Other,Cardiology,Emergency,Hip Fracture,1,1,4,0,6,Skilled Nursing Facility,2025-08-26,32,Medium,1
P-5161,69,Male,Emergency,Elective,Hypertension,1,0,5,0,12,Home,2025-12-21,40,Medium,0
P-5162,57,Female,General Medicine,Elective,Diabetes with Complications,1,1,5,3,6,Home,2025-05-05,52,Medium,1
P-5163,32,Other,ICU,Emergency,Acute Kidney Injury,0,1,12,1,4,Skilled Nursing Facility,2025-08-17,33,Medium,0
P-5164,55,Male,General Medicine,Emergency,Heart Failure,0,1,5,0,11,Home,2025-10-13,28,Low,1
P-5165,74,Female,Orthopedics,Elective,Acute Kidney Injury,3,1,2,2,12,Home,2025-12-23,70,High,1
P-5166,57,Female,General Medicine,Transfer,Stroke,2,1,1,4,1,Home,2025-04-20,49,Medium,1
P-5167,58,Male,Cardiology,Elective,Heart Failure,2,0,4,0,3,Rehab,2025-10-03,28,Low,0
P-5168,77,Male,General Medicine,Transfer,Hypertension,3,1,4,1,3,Home Health Care,2025-07-17,61,High,0
P-5169,50,Male,General Medicine,Elective,Pneumonia,3,2,4,2,10,Home Health Care,2025-04-04,65,High,1
P-5170,37,Female,ICU,Urgent,Sepsis,4,1,4,0,6,Home,2025-06-06,41,Medium,1
P-5171,59,Female,Orthopedics,Elective,Heart Failure,2,0,3,3,7,Home,2025-12-15,51,Medium,1
P-5172,54,Male,Neurology,Urgent,Pneumonia,1,0,15,2,6,Home,2025-03-07,66,High,1
P-5173,46,Male,Orthopedics,Emergency,Hip Fracture,1,0,5,4,10,Home Health Care,2025-01-10,50,Medium,1
P-5174,59,Female,Orthopedics,Urgent,Gastrointestinal Bleed,0,1,2,1,4,Home,2025-10-04,22,Low,0
P-5175,69,Male,General Medicine,Emergency,Stroke,4,1,1,1,3,Home,2025-04-06,56,Medium,1
P-5176,61,Female,General Medicine,Emergency,COPD,1,2,4,3,5,Home Health Care,2025-04-19,56,Medium,0
P-5177,66,Male,General Medicine,Emergency,Stroke,0,0,7,3,4,Skilled Nursing Facility,2025-07-08,46,Medium,1
P-5178,91,Female,Orthopedics,Emergency,Stroke,1,2,1,1,5,Home,2025-03-15,52,Medium,0
P-5179,56,Female,General Medicine,Emergency,Stroke,2,1,3,0,3,Skilled Nursing Facility,2025-06-02,30,Low,0
P-5180,66,Male,Emergency,Transfer,Hip Fracture,5,1,17,5,15,Home,2025-11-11,98,High,1
P-5181,53,Male,Emergency,Elective,COPD,2,2,4,3,2,Home,2025-06-13,56,Medium,1
P-5182,48,Male,Orthopedics,Urgent,COPD,1,2,9,1,1,Skilled Nursing Facility,2025-01-14,44,Medium,1
P-5183,52,Male,ICU,Transfer,Gastrointestinal Bleed,4,1,1,3,8,Home,2025-06-12,65,High,0
P-5184,54,Male,General Medicine,Emergency,Hip Fracture,2,0,3,3,5,Rehab,2025-11-28,45,Medium,0
P-5185,67,Female,Pediatrics,Emergency,COPD,1,1,2,3,9,Home,2025-12-05,53,Medium,1
P-5186,95,Male,General Medicine,Emergency,Sepsis,1,0,1,4,1,Rehab,2025-02-08,58,Medium,0
P-5187,50,Male,Pediatrics,Emergency,Gastrointestinal Bleed,0,0,4,4,9,Home,2025-06-19,40,Medium,0
P-5188,55,Female,General Medicine,Elective,Sepsis,2,0,3,1,7,Home Health Care,2025-01-14,35,Medium,0
P-5189,60,Female,ICU,Emergency,Acute Kidney Injury,0,0,5,1,8,Against Medical Advice,2025-07-06,28,Low,1
P-5190,68,Male,Orthopedics,Emergency,Stroke,2,3,4,2,2,Home,2025-06-10,64,High,1
P-5191,66,Female,Cardiology,Emergency,Diabetes with Complications,3,1,3,2,4,Home,2025-05-24,59,Medium,0
P-5192,82,Female,Emergency,Emergency,Hip Fracture,0,1,1,3,11,Home,2025-12-24,53,Medium,1
P-5193,23,Female,Emergency,Emergency,Stroke,0,0,3,3,6,Skilled Nursing Facility,2025-05-07,16,Low,0
P-5194,23,Male,Cardiology,Urgent,Sepsis,4,2,16,2,4,Home,2025-04-04,81,High,1
P-5195,54,Male,Emergency,Emergency,Pneumonia,0,0,2,1,10,Home,2025-09-11,21,Low,0
P-5196,79,Female,Emergency,Emergency,Gastrointestinal Bleed,3,1,3,3,2,Home Health Care,2025-08-11,71,High,1
P-5197,36,Female,General Medicine,Emergency,Diabetes with Complications,0,1,9,7,6,Skilled Nursing Facility,2025-02-12,69,High,1
P-5198,18,Female,Orthopedics,Elective,COPD,3,1,4,3,2,Home,2025-11-21,37,Medium,1
P-5199,71,Male,Cardiology,Emergency,Diabetes with Complications,2,1,1,2,15,Skilled Nursing Facility,2025-12-24,61,High,0
P-5200,65,Female,Cardiology,Emergency,Sepsis,0,1,4,2,6,Home,2025-06-02,38,Medium,0
P-5201,44,Female,General Medicine,Emergency,Stroke,0,0,10,2,9,Home Health Care,2025-09-05,40,Medium,0
P-5202,46,Male,General Medicine,Urgent,Gastrointestinal Bleed,3,0,6,2,1,Home,2025-01-10,46,Medium,1
P-5203,46,Male,Neurology,Urgent,Sepsis,4,1,7,2,11,Home,2025-04-28,74,High,0
P-5204,63,Female,ICU,Emergency,Sepsis,1,0,1,3,4,Skilled Nursing Facility,2025-08-20,35,Medium,0
P-5205,51,Female,Orthopedics,Elective,Acute Kidney Injury,4,1,1,2,5,Home,2025-05-21,54,Medium,1
P-5206,69,Male,Emergency,Emergency,Hypertension,0,0,4,2,18,Home,2025-11-08,49,Medium,0
P-5207,18,Female,General Medicine,Emergency,Hypertension,0,2,1,4,7,Home Health Care,2025-11-25,24,Low,0
P-5208,48,Female,ICU,Emergency,COPD,3,1,7,1,10,Home,2025-05-05,60,Medium,0
P-5209,43,Female,Emergency,Emergency,Hypertension,0,2,2,0,1,Home,2025-01-15,14,Low,0
P-5210,57,Female,Cardiology,Elective,COPD,0,0,2,0,3,Home Health Care,2025-08-31,13,Low,0
P-5211,53,Female,Cardiology,Urgent,COPD,4,0,1,0,7,Home Health Care,2025-08-03,38,Medium,0
P-5212,74,Male,Emergency,Emergency,Acute Kidney Injury,3,1,3,1,8,Skilled Nursing Facility,2025-09-11,62,High,1
P-5213,32,Male,Orthopedics,Emergency,Heart Failure,1,0,2,2,5,Home,2025-11-20,18,Low,0
P-5214,62,Female,General Medicine,Emergency,Diabetes with Complications,2,0,1,0,1,Home,2025-12-26,22,Low,0
P-5215,70,Male,General Medicine,Elective,Pneumonia,1,2,1,2,5,Home,2025-06-14,46,Medium,0
P-5216,91,Female,Emergency,Urgent,Stroke,1,1,3,1,6,Home,2025-08-04,53,Medium,0
P-5217,54,Female,Emergency,Urgent,Heart Failure,1,1,2,5,3,Home,2025-02-19,51,Medium,1
P-5218,67,Male,Pediatrics,Elective,Pneumonia,2,0,9,3,9,Home,2025-05-30,74,High,1
P-5219,33,Female,General Medicine,Emergency,Stroke,3,0,2,3,13,Rehab,2025-01-31,48,Medium,1
P-5220,23,Female,Cardiology,Elective,Sepsis,0,0,3,1,4,Skilled Nursing Facility,2025-12-18,9,Low,1
P-5221,75,Male,Cardiology,Emergency,Diabetes with Complications,3,0,3,2,9,Home,2025-06-15,64,High,0
P-5222,61,Male,General Medicine,Transfer,COPD,2,0,5,7,6,Home,2025-10-13,80,High,0
P-5223,80,Female,Emergency,Emergency,Heart Failure,2,0,11,3,4,Home,2025-01-07,80,High,1
P-5224,40,Male,ICU,Elective,Acute Kidney Injury,5,1,6,3,4,Home,2025-04-02,74,High,1
P-5225,70,Female,Orthopedics,Emergency,Diabetes with Complications,1,1,9,3,4,Skilled Nursing Facility,2025-06-09,68,High,1
P-5226,91,Male,General Medicine,Emergency,Hip Fracture,2,0,1,1,8,Home,2025-09-04,52,Medium,1
P-5227,68,Male,General Medicine,Elective,Hypertension,1,0,9,3,13,Skilled Nursing Facility,2025-10-09,72,High,0
P-5228,66,Male,ICU,Elective,Sepsis,3,1,6,2,7,Home,2025-07-23,71,High,1
P-5229,62,Female,Emergency,Elective,Heart Failure,2,1,2,4,8,Home Health Care,2025-04-08,64,High,0
P-5230,36,Male,Neurology,Elective,Diabetes with Complications,2,1,11,2,1,Home Health Care,2025-01-27,52,Medium,1
P-5231,83,Male,Orthopedics,Emergency,COPD,1,0,5,0,4,Home,2025-04-15,38,Medium,0
P-5232,52,Female,Cardiology,Urgent,Pneumonia,0,2,3,4,6,Home,2025-04-22,47,Medium,1
P-5233,70,Male,Cardiology,Urgent,Gastrointestinal Bleed,0,0,6,3,7,Skilled Nursing Facility,2025-11-10,49,Medium,0
P-5234,36,Male,Emergency,Emergency,Heart Failure,0,1,1,0,9,Home,2025-09-12,12,Low,0
P-5235,43,Male,Emergency,Urgent,Stroke,1,2,2,0,2,Home,2025-01-25,19,Low,0
P-5236,84,Male,General Medicine,Transfer,Gastrointestinal Bleed,0,0,7,1,7,Home,2025-12-17,47,Medium,0
P-5237,56,Female,Pediatrics,Elective,Gastrointestinal Bleed,1,1,9,2,9,Home,2025-05-08,60,Medium,1
P-5238,85,Male,Emergency,Emergency,Sepsis,1,1,8,3,1,Home,2025-05-15,71,High,1
P-5239,60,Male,ICU,Elective,Stroke,1,0,6,3,5,Home,2025-08-16,49,Medium,0
P-5240,32,Female,Orthopedics,Emergency,Hip Fracture,0,2,4,1,3,Rehab,2025-12-07,18,Low,1
P-5241,76,Female,ICU,Elective,Pneumonia,2,0,1,4,10,Home,2025-08-23,65,High,1
P-5242,52,Female,Pediatrics,Emergency,Acute Kidney Injury,0,1,1,2,13,Home,2025-03-05,31,Medium,0
P-5243,73,Female,General Medicine,Urgent,COPD,2,1,12,5,3,Home,2025-10-19,89,High,1
P-5244,62,Female,Neurology,Elective,Gastrointestinal Bleed,1,1,2,2,16,Home,2025-02-26,51,Medium,0
P-5245,37,Female,Cardiology,Emergency,Gastrointestinal Bleed,2,2,2,0,4,Home Health Care,2025-07-25,24,Low,0
P-5246,64,Female,ICU,Elective,COPD,1,0,6,2,8,Against Medical Advice,2025-02-01,48,Medium,0
P-5247,95,Female,Emergency,Emergency,Diabetes with Complications,0,0,7,4,4,Home Health Care,2025-01-07,70,High,1
P-5248,69,Female,Emergency,Emergency,Heart Failure,1,0,3,5,5,Home,2025-12-23,60,Medium,0
P-5249,61,Male,Emergency,Emergency,Pneumonia,1,1,1,2,5,Home,2025-04-09,34,Medium,0
P-5250,79,Female,Pediatrics,Emergency,Diabetes with Complications,1,1,3,0,6,Home,2025-09-09,39,Medium,1
P-5251,65,Female,Orthopedics,Transfer,Acute Kidney Injury,3,1,8,1,5,Home,2025-04-21,67,High,0
P-5252,65,Female,General Medicine,Emergency,Sepsis,3,1,10,1,4,Home,2025-05-01,71,High,1
P-5253,44,Male,Cardiology,Elective,Gastrointestinal Bleed,1,2,5,1,2,Home Health Care,2025-06-28,32,Medium,1
P-5254,65,Male,General Medicine,Emergency,COPD,1,1,6,2,9,Home,2025-12-07,56,Medium,1
P-5255,78,Male,General Medicine,Elective,COPD,0,1,1,1,1,Home,2025-04-09,26,Low,0
P-5256,48,Female,Emergency,Elective,COPD,2,0,2,0,6,Skilled Nursing Facility,2025-11-14,22,Low,0
P-5257,84,Male,Neurology,Emergency,Heart Failure,2,0,7,3,4,Rehab,2025-08-26,73,High,1
P-5258,60,Male,Cardiology,Transfer,Pneumonia,3,0,4,1,4,Home,2025-01-06,45,Medium,0
P-5259,47,Male,Cardiology,Emergency,COPD,0,1,4,6,6,Home,2025-03-10,55,Medium,1
P-5260,77,Male,ICU,Elective,Heart Failure,0,0,8,3,8,Home Health Care,2025-07-29,60,Medium,1
P-5261,57,Female,General Medicine,Emergency,Acute Kidney Injury,5,1,5,1,5,Home,2025-09-28,70,High,0
P-5262,74,Female,General Medicine,Emergency,Hypertension,1,0,3,2,3,Rehab,2025-04-10,39,Medium,0
P-5263,57,Male,Emergency,Urgent,Gastrointestinal Bleed,1,0,17,3,9,Home,2025-10-24,80,High,1
P-5264,61,Female,Cardiology,Elective,Heart Failure,1,1,2,2,6,Home,2025-12-03,38,Medium,0
P-5265,69,Male,ICU,Emergency,Stroke,3,0,2,4,6,Home,2025-05-25,68,High,1
P-5266,66,Male,Cardiology,Urgent,Diabetes with Complications,1,0,5,4,3,Home,2025-02-06,54,Medium,1
P-5267,30,Female,Emergency,Emergency,Hypertension,1,1,2,1,7,Home Health Care,2025-10-26,19,Low,1
P-5268,44,Female,Cardiology,Elective,Gastrointestinal Bleed,1,1,3,4,9,Home Health Care,2025-08-07,48,Medium,1
P-5269,76,Female,Cardiology,Emergency,COPD,1,1,6,0,9,Skilled Nursing Facility,2025-08-26,49,Medium,0
P-5270,59,Male,Orthopedics,Elective,Pneumonia,0,3,2,2,10,Home,2025-07-16,46,Medium,1
P-5271,53,Female,Emergency,Emergency,Stroke,3,1,1,5,9,Home Health Care,2025-06-15,71,High,1
P-5272,40,Male,General Medicine,Emergency,Sepsis,3,1,4,1,3,Skilled Nursing Facility,2025-04-21,38,Medium,1
P-5273,44,Male,ICU,Transfer,Hypertension,2,0,7,1,5,Skilled Nursing Facility,2025-01-10,37,Medium,0
P-5274,29,Male,Emergency,Emergency,Hip Fracture,1,0,7,2,5,Home,2025-08-07,27,Low,1
P-5275,60,Female,Emergency,Emergency,Gastrointestinal Bleed,1,0,5,3,3,Home Health Care,2025-04-19,44,Medium,0
P-5276,52,Male,Cardiology,Emergency,Stroke,2,0,7,2,9,Home,2025-08-07,54,Medium,1
P-5277,46,Male,Cardiology,Emergency,Sepsis,0,0,2,3,5,Home,2025-02-23,23,Low,0
P-5278,60,Female,Orthopedics,Emergency,Hip Fracture,3,0,6,3,2,Home,2025-01-28,62,High,1
P-5279,67,Male,Neurology,Emergency,Gastrointestinal Bleed,3,1,1,1,1,Home Health Care,2025-04-30,43,Medium,1
P-5280,95,Male,ICU,Emergency,Hip Fracture,1,0,7,3,12,Home Health Care,2025-06-23,79,High,0
P-5281,37,Male,Emergency,Elective,Sepsis,0,2,1,0,4,Home,2025-05-24,12,Low,0
P-5282,80,Male,Pediatrics,Elective,Hip Fracture,1,1,7,5,6,Home,2025-06-20,81,High,1
P-5283,77,Female,ICU,Transfer,Gastrointestinal Bleed,0,0,10,1,4,Home,2025-02-11,48,Medium,1
P-5284,49,Female,General Medicine,Elective,Sepsis,1,1,8,2,4,Home Health Care,2025-03-24,46,Medium,0
P-5285,65,Male,Pediatrics,Emergency,Sepsis,1,1,2,2,11,Home Health Care,2025-07-17,47,Medium,0
P-5286,54,Male,Pediatrics,Emergency,Diabetes with Complications,1,4,17,3,5,Home,2025-10-17,89,High,1
P-5287,64,Female,Emergency,Elective,Gastrointestinal Bleed,1,1,4,0,5,Home Health Care,2025-07-17,32,Medium,0
P-5288,86,Female,Cardiology,Elective,Hip Fracture,0,2,3,0,10,Home,2025-11-10,45,Medium,1
P-5289,71,Female,Cardiology,Emergency,Acute Kidney Injury,1,3,4,4,6,Home,2025-04-27,75,High,1
P-5290,70,Male,Orthopedics,Emergency,Hypertension,2,1,2,0,7,Home,2025-01-10,40,Medium,1
P-5291,55,Male,Neurology,Elective,Pneumonia,0,1,1,3,1,Home,2025-10-19,26,Low,0
P-5292,38,Female,General Medicine,Elective,Gastrointestinal Bleed,2,1,1,1,3,Home Health Care,2025-08-31,22,Low,0
P-5293,58,Female,General Medicine,Elective,Hypertension,1,0,1,3,1,Against Medical Advice,2025-02-01,29,Low,0
P-5294,81,Male,General Medicine,Emergency,Stroke,2,1,2,2,7,Home,2025-12-29,60,Medium,1
P-5295,37,Male,General Medicine,Elective,Gastrointestinal Bleed,2,1,10,1,3,Rehab,2025-09-22,45,Medium,1
P-5296,45,Male,Orthopedics,Elective,Stroke,3,0,3,1,1,Home Health Care,2025-12-01,30,Low,0
P-5297,64,Male,General Medicine,Urgent,Hip Fracture,1,0,1,1,3,Home,2025-01-18,23,Low,0
P-5298,46,Female,Emergency,Elective,Hypertension,4,3,2,1,9,Home,2025-03-02,64,High,1
P-5299,49,Female,Cardiology,Elective,Acute Kidney Injury,1,0,25,3,7,Home Health Care,2025-09-23,89,High,1
P-5300,55,Male,General Medicine,Elective,Hypertension,1,2,6,2,5,Home Health Care,2025-07-27,51,Medium,0
P-5301,40,Male,Emergency,Emergency,Hypertension,1,2,4,3,5,Home,2025-10-28,43,Medium,1
P-5302,46,Female,Cardiology,Emergency,Sepsis,2,3,1,2,5,Home,2025-03-10,46,Medium,1
P-5303,73,Male,Orthopedics,Urgent,Hip Fracture,2,1,3,2,5,Skilled Nursing Facility,2025-02-20,56,Medium,1
P-5304,41,Female,General Medicine,Emergency,Stroke,0,0,5,0,3,Home,2025-02-11,13,Low,0
P-5305,36,Female,Neurology,Elective,Heart Failure,5,0,12,4,1,Skilled Nursing Facility,2025-12-12,83,High,1
P-5306,51,Female,Cardiology,Transfer,Hypertension,1,0,4,3,3,Home,2025-11-04,35,Medium,0
P-5307,73,Female,General Medicine,Transfer,COPD,2,1,4,1,1,Home,2025-10-24,47,Medium,0
P-5308,58,Female,Cardiology,Elective,Hip Fracture,2,2,4,4,7,Home,2025-06-19,71,High,1
P-5309,54,Female,Neurology,Emergency,Gastrointestinal Bleed,3,1,14,2,7,Home,2025-03-09,82,High,0
P-5310,62,Male,ICU,Emergency,Sepsis,2,1,2,2,8,Home,2025-03-24,50,Medium,1
P-5311,34,Female,General Medicine,Urgent,COPD,2,0,9,2,9,Home,2025-05-06,49,Medium,0
P-5312,69,Male,General Medicine,Emergency,Diabetes with Complications,2,1,3,4,8,Home Health Care,2025-10-14,70,High,0
P-5313,68,Male,Emergency,Transfer,Gastrointestinal Bleed,3,1,7,2,2,Home,2025-01-09,69,High,1
P-5314,55,Male,Pediatrics,Emergency,Heart Failure,1,1,3,1,5,Home Health Care,2025-02-08,30,Low,0
P-5315,78,Female,Orthopedics,Elective,Acute Kidney Injury,1,1,4,2,5,Skilled Nursing Facility,2025-03-03,53,Medium,1
P-5316,43,Male,Cardiology,Emergency,Hip Fracture,0,1,2,2,4,Skilled Nursing Facility,2025-02-22,20,Low,0
P-5317,80,Female,ICU,Emergency,COPD,3,0,3,2,4,Home,2025-12-15,62,High,1
P-5318,64,Female,Cardiology,Urgent,Heart Failure,0,0,4,1,4,Home Health Care,2025-08-19,24,Low,0
P-5319,56,Male,Cardiology,Elective,COPD,1,0,5,0,5,Home Health Care,2025-08-24,25,Low,1
P-5320,61,Female,Orthopedics,Emergency,Acute Kidney Injury,1,1,3,4,11,Home,2025-05-23,61,High,1
P-5321,60,Female,Pediatrics,Emergency,Acute Kidney Injury,2,1,9,2,7,Home,2025-12-23,68,High,1
P-5322,81,Female,ICU,Elective,Heart Failure,2,0,6,4,8,Home,2025-03-07,78,High,1
P-5323,44,Male,Emergency,Emergency,Diabetes with Complications,1,0,3,1,8,Home,2025-01-23,23,Low,1
P-5324,49,Female,Emergency,Urgent,Sepsis,1,1,6,1,6,Skilled Nursing Facility,2025-09-22,36,Medium,0
P-5325,78,Female,ICU,Emergency,Hypertension,0,2,1,0,1,Skilled Nursing Facility,2025-09-26,25,Low,0
P-5326,52,Male,Emergency,Emergency,Acute Kidney Injury,1,0,5,2,14,Home Health Care,2025-10-30,45,Medium,0
P-5327,76,Male,Emergency,Emergency,Gastrointestinal Bleed,4,2,4,1,6,Home,2025-02-27,76,High,1
P-5328,89,Male,Emergency,Emergency,Stroke,0,1,4,3,9,Rehab,2025-02-24,63,High,1
P-5329,55,Female,General Medicine,Emergency,Acute Kidney Injury,1,0,5,1,3,Home,2025-06-27,28,Low,0
P-5330,72,Male,General Medicine,Transfer,Gastrointestinal Bleed,2,0,8,4,7,Home,2025-05-22,77,High,0
P-5331,43,Male,Cardiology,Emergency,Heart Failure,1,3,1,2,4,Skilled Nursing Facility,2025-12-07,34,Medium,0
P-5332,74,Female,Orthopedics,Emergency,Pneumonia,0,1,1,1,12,Home,2025-01-18,35,Medium,0
P-5333,65,Male,General Medicine,Emergency,Diabetes with Complications,1,0,1,3,2,Home,2025-05-04,34,Medium,1
P-5334,69,Female,Orthopedics,Elective,Stroke,2,0,2,1,3,Home Health Care,2025-09-15,35,Medium,0
P-5335,51,Male,Emergency,Elective,Gastrointestinal Bleed,3,1,18,2,5,Skilled Nursing Facility,2025-01-19,86,High,1
P-5336,35,Female,Orthopedics,Elective,Diabetes with Complications,1,1,3,6,6,Home,2025-02-03,53,Medium,0
P-5337,70,Male,Orthopedics,Emergency,Sepsis,2,1,4,4,9,Home Health Care,2025-07-11,74,High,0
P-5338,28,Female,Emergency,Elective,Diabetes with Complications,0,1,21,1,9,Home,2025-05-31,62,High,0
P-5339,56,Female,Emergency,Elective,Pneumonia,0,1,5,5,1,Home Health Care,2025-05-29,50,Medium,1
P-5340,77,Female,Neurology,Emergency,Heart Failure,0,1,1,3,4,Home,2025-06-13,41,Medium,1
P-5341,65,Female,General Medicine,Emergency,Sepsis,2,0,8,4,8,Rehab,2025-04-23,75,High,1
P-5342,93,Male,Neurology,Elective,Diabetes with Complications,0,0,4,3,5,Skilled Nursing Facility,2025-03-09,55,Medium,1
P-5343,78,Male,General Medicine,Emergency,Pneumonia,0,1,25,1,5,Home,2025-03-03,88,High,1
P-5344,51,Male,General Medicine,Emergency,Sepsis,2,2,7,3,1,Skilled Nursing Facility,2025-04-01,62,High,0
P-5345,62,Female,Cardiology,Emergency,Sepsis,1,2,24,8,1,Skilled Nursing Facility,2025-02-26,98,High,1
P-5346,61,Female,Cardiology,Emergency,COPD,0,1,10,2,1,Home,2025-06-20,47,Medium,0
P-5347,36,Male,Pediatrics,Emergency,Heart Failure,0,1,1,0,7,Rehab,2025-01-22,11,Low,0
P-5348,46,Female,Emergency,Elective,Stroke,0,1,7,1,7,Rehab,2025-06-29,30,Low,0
P-5349,53,Female,ICU,Urgent,Diabetes with Complications,0,0,4,2,4,Home,2025-05-21,24,Low,0
P-5350,29,Male,General Medicine,Elective,Sepsis,2,1,1,0,6,Home,2025-07-04,17,Low,1
P-5351,62,Female,General Medicine,Emergency,Stroke,1,1,4,1,3,Home,2025-03-26,35,Medium,1
P-5352,58,Male,Cardiology,Elective,Diabetes with Complications,0,0,1,1,9,Home,2025-11-06,20,Low,1
P-5353,35,Female,Cardiology,Elective,Sepsis,0,1,7,2,1,Home,2025-03-21,25,Low,0
P-5354,68,Male,Emergency,Emergency,Heart Failure,0,0,3,4,7,Home,2025-05-04,46,Medium,0
P-5355,73,Male,ICU,Elective,Sepsis,1,1,8,1,2,Rehab,2025-03-21,52,Medium,1
P-5356,65,Male,General Medicine,Elective,Hip Fracture,1,1,6,3,1,Home Health Care,2025-10-25,53,Medium,1
P-5357,56,Female,Emergency,Emergency,Hip Fracture,2,0,10,0,11,Skilled Nursing Facility,2025-03-09,54,Medium,0
P-5358,71,Female,Orthopedics,Emergency,Stroke,2,0,1,4,2,Rehab,2025-03-17,53,Medium,1
P-5359,72,Male,Orthopedics,Emergency,COPD,3,2,5,2,6,Home,2025-02-12,75,High,1
P-5360,66,Other,General Medicine,Transfer,COPD,3,2,9,3,7,Home Health Care,2025-08-01,85,High,1
P-5361,48,Female,Emergency,Emergency,Acute Kidney Injury,3,2,2,4,10,Home,2025-06-15,71,High,1
P-5362,66,Female,Emergency,Emergency,Hip Fracture,1,2,7,2,2,Home,2025-08-20,57,Medium,0
P-5363,81,Male,Emergency,Emergency,COPD,1,1,2,2,7,Home,2025-02-27,52,Medium,1
P-5364,52,Male,Emergency,Urgent,Gastrointestinal Bleed,1,3,8,3,4,Home,2025-06-24,67,High,0
P-5365,95,Female,Orthopedics,Emergency,Pneumonia,1,1,4,2,4,Home,2025-10-27,63,High,1
P-5366,53,Male,Emergency,Elective,Gastrointestinal Bleed,0,1,5,1,4,Home,2025-07-04,26,Low,1
P-5367,62,Male,Orthopedics,Elective,Diabetes with Complications,1,0,3,2,4,Rehab,2025-05-29,34,Medium,0
P-5368,51,Male,Cardiology,Elective,Sepsis,2,0,8,3,8,Home,2025-06-05,62,High,1
P-5369,65,Male,Cardiology,Urgent,Acute Kidney Injury,2,0,1,4,11,Home,2025-07-19,60,Medium,1
P-5370,34,Male,Pediatrics,Emergency,Acute Kidney Injury,1,2,1,1,12,Home Health Care,2025-03-03,27,Low,0
P-5371,53,Female,General Medicine,Urgent,Sepsis,2,0,1,2,14,Home,2025-06-26,43,Medium,1
P-5372,44,Male,Emergency,Urgent,Hypertension,1,1,14,0,3,Skilled Nursing Facility,2025-07-07,46,Medium,0
P-5373,64,Male,Emergency,Urgent,Stroke,0,2,3,0,16,Home,2025-02-05,39,Medium,0
P-5374,77,Female,Cardiology,Elective,COPD,1,2,3,1,7,Home,2025-05-12,52,Medium,0
P-5375,72,Female,General Medicine,Urgent,COPD,1,1,2,2,8,Home,2025-06-12,48,Medium,1
P-5376,24,Female,ICU,Emergency,Gastrointestinal Bleed,4,0,3,4,10,Home,2025-12-02,57,Medium,0
P-5377,94,Female,General Medicine,Emergency,COPD,3,1,2,5,6,Home,2025-07-09,87,High,0
P-5378,66,Male,General Medicine,Emergency,Hip Fracture,1,1,14,2,7,Home,2025-12-08,76,High,1
P-5379,49,Male,Neurology,Emergency,Hypertension,1,0,2,3,7,Skilled Nursing Facility,2025-03-17,33,Medium,0
P-5380,64,Female,Emergency,Elective,Heart Failure,3,6,12,1,4,Home,2025-10-26,91,High,0
P-5381,64,Female,Cardiology,Emergency,COPD,1,0,4,4,6,Home,2025-06-16,54,Medium,1
P-5382,51,Female,General Medicine,Emergency,Diabetes with Complications,0,3,3,1,3,Rehab,2025-05-18,29,Low,0
P-5383,65,Male,ICU,Elective,Hypertension,4,1,8,0,6,Home Health Care,2025-05-09,70,High,1
P-5384,52,Male,Cardiology,Urgent,Acute Kidney Injury,0,0,4,1,11,Home,2025-05-22,25,Low,0
P-5385,55,Male,ICU,Elective,Diabetes with Complications,5,1,2,1,11,Home,2025-08-16,68,High,0
P-5386,51,Female,Emergency,Urgent,Stroke,1,0,3,5,1,Home,2025-05-10,43,Medium,1
P-5387,39,Male,ICU,Elective,Hypertension,3,2,3,3,7,Home Health Care,2025-05-04,59,Medium,1
P-5388,64,Male,Emergency,Urgent,Stroke,0,0,2,2,6,Skilled Nursing Facility,2025-12-09,27,Low,0
P-5389,71,Male,Neurology,Emergency,Gastrointestinal Bleed,0,0,3,1,3,Home Health Care,2025-09-29,24,Low,0
P-5390,70,Male,General Medicine,Transfer,COPD,2,0,1,3,4,Home Health Care,2025-05-21,48,Medium,0
P-5391,75,Male,ICU,Emergency,Acute Kidney Injury,1,1,13,1,5,Home,2025-03-20,70,High,1
P-5392,67,Male,Cardiology,Urgent,Pneumonia,2,2,5,2,8,Home,2025-02-03,68,High,1
P-5393,53,Female,General Medicine,Elective,Stroke,1,1,1,1,4,Home Health Care,2025-05-11,24,Low,1
P-5394,75,Male,Orthopedics,Elective,Acute Kidney Injury,2,1,8,3,8,Home,2025-11-02,79,High,1
P-5395,40,Female,ICU,Elective,Gastrointestinal Bleed,0,0,2,2,8,Skilled Nursing Facility,2025-12-12,18,Low,0
P-5396,47,Male,Orthopedics,Urgent,Stroke,2,0,5,4,7,Home,2025-09-12,56,Medium,0
P-5397,46,Male,General Medicine,Urgent,COPD,1,1,12,3,6,Home,2025-12-04,65,High,1
P-5398,79,Female,Emergency,Emergency,Stroke,4,0,7,0,6,Home Health Care,2025-06-24,69,High,1
P-5399,77,Female,Pediatrics,Emergency,Heart Failure,2,1,1,3,6,Home Health Care,2025-08-26,61,High,1
P-5400,69,Female,General Medicine,Emergency,Diabetes with Complications,0,3,4,1,10,Home Health Care,2025-01-11,51,Medium,1
P-5401,79,Female,Orthopedics,Emergency,Pneumonia,1,0,6,2,6,Home Health Care,2025-10-04,55,Medium,0
P-5402,47,Female,Emergency,Emergency,Acute Kidney Injury,0,1,2,4,7,Home,2025-10-06,36,Medium,0
P-5403,67,Male,General Medicine,Elective,Acute Kidney Injury,1,0,1,3,4,Rehab,2025-03-07,37,Medium,1
P-5404,59,Female,General Medicine,Emergency,Stroke,1,1,1,1,2,Skilled Nursing Facility,2025-04-04,25,Low,0
P-5405,75,Female,Emergency,Elective,Gastrointestinal Bleed,0,0,15,1,4,Home,2025-02-12,61,High,0
P-5406,60,Male,General Medicine,Emergency,Hypertension,1,0,9,1,11,Skilled Nursing Facility,2025-05-14,51,Medium,1
P-5407,55,Male,Cardiology,Elective,Gastrointestinal Bleed,2,3,9,3,6,Skilled Nursing Facility,2025-04-22,79,High,1
P-5408,70,Female,Cardiology,Emergency,Sepsis,1,1,2,2,4,Home Health Care,2025-09-26,41,Medium,1
P-5409,76,Male,Emergency,Elective,Stroke,3,0,4,3,8,Home,2025-12-07,73,High,1
P-5410,51,Male,General Medicine,Elective,Hip Fracture,1,0,4,2,1,Home Health Care,2025-10-13,27,Low,1
P-5411,61,Female,Neurology,Emergency,COPD,2,0,9,2,1,Home,2025-12-07,55,Medium,1
P-5412,45,Female,Emergency,Emergency,Stroke,0,0,3,2,6,Home,2025-11-18,21,Low,0
P-5413,22,Female,General Medicine,Emergency,Sepsis,0,1,4,1,11,Skilled Nursing Facility,2025-05-09,17,Low,0
P-5414,65,Male,Cardiology,Urgent,Hip Fracture,2,1,4,2,10,Home,2025-06-20,60,Medium,1
P-5415,71,Female,Neurology,Elective,Heart Failure,1,1,3,3,4,Home,2025-07-23,52,Medium,1
P-5416,66,Male,General Medicine,Elective,Acute Kidney Injury,0,0,1,6,5,Home,2025-03-22,50,Medium,0
P-5417,30,Male,General Medicine,Emergency,Pneumonia,4,0,4,2,9,Home,2025-07-26,49,Medium,0
P-5418,56,Female,General Medicine,Emergency,Gastrointestinal Bleed,1,0,4,4,6,Skilled Nursing Facility,2025-02-12,49,Medium,0
P-5419,26,Male,Cardiology,Emergency,Gastrointestinal Bleed,0,1,1,2,7,Home,2025-06-14,15,Low,1
P-5420,83,Male,Emergency,Emergency,Pneumonia,2,0,3,2,5,Home,2025-09-19,56,Medium,0
P-5421,44,Female,Pediatrics,Emergency,Hypertension,4,2,4,2,4,Home,2025-10-27,63,High,0
P-5422,82,Female,ICU,Emergency,Diabetes with Complications,2,2,1,2,10,Home Health Care,2025-09-06,67,High,1
P-5423,77,Female,General Medicine,Elective,Acute Kidney Injury,2,1,1,1,7,Rehab,2025-09-30,48,Medium,1
P-5424,47,Female,Pediatrics,Emergency,COPD,1,2,13,0,3,Home Health Care,2025-12-15,51,Medium,0
P-5425,43,Female,Emergency,Emergency,Stroke,1,1,1,1,8,Home,2025-04-17,23,Low,1
P-5426,67,Male,Orthopedics,Elective,Hip Fracture,1,1,2,1,3,Skilled Nursing Facility,2025-05-20,32,Medium,1
P-5427,48,Female,Neurology,Elective,COPD,3,3,2,1,5,Home,2025-06-09,52,Medium,0
P-5428,63,Male,General Medicine,Elective,Pneumonia,2,0,5,2,9,Home,2025-08-31,55,Medium,0
P-5429,54,Male,Cardiology,Emergency,Gastrointestinal Bleed,2,0,5,0,3,Home,2025-10-12,29,Low,0
P-5430,33,Female,Emergency,Urgent,Hip Fracture,2,0,11,3,4,Home,2025-10-17,55,Medium,1
P-5431,26,Male,ICU,Urgent,Stroke,5,1,3,2,13,Home,2025-10-13,63,High,1
P-5432,65,Male,Orthopedics,Emergency,Hip Fracture,0,0,7,4,5,Home,2025-03-31,53,Medium,1
P-5433,53,Male,Orthopedics,Emergency,Hip Fracture,1,0,3,5,3,Home,2025-02-12,47,Medium,1
P-5434,53,Male,General Medicine,Urgent,Hypertension,2,0,2,0,9,Skilled Nursing Facility,2025-01-09,27,Low,1
P-5435,73,Female,Emergency,Urgent,Hip Fracture,1,1,10,1,5,Home,2025-10-27,61,High,1
P-5436,80,Female,ICU,Emergency,Heart Failure,1,0,3,1,15,Against Medical Advice,2025-11-17,51,Medium,0
P-5437,57,Female,General Medicine,Emergency,COPD,1,0,3,1,4,Home,2025-07-04,25,Low,1
P-5438,56,Female,General Medicine,Urgent,Hypertension,2,0,11,1,6,Home,2025-01-03,57,Medium,0
P-5439,70,Female,Neurology,Emergency,Stroke,3,0,13,2,8,Home,2025-02-21,83,High,1
P-5440,40,Female,General Medicine,Urgent,Sepsis,1,3,3,1,3,Home,2025-02-28,31,Medium,0
P-5441,65,Female,Orthopedics,Emergency,Pneumonia,1,1,1,2,7,Rehab,2025-01-27,39,Medium,1
P-5442,70,Female,General Medicine,Urgent,Pneumonia,0,0,1,2,7,Home Health Care,2025-04-06,28,Low,0
P-5443,72,Female,General Medicine,Emergency,COPD,2,1,5,7,2,Home,2025-08-06,85,High,1
P-5444,31,Other,Emergency,Emergency,Hypertension,2,0,9,2,5,Home,2025-05-09,42,Medium,1
P-5445,49,Female,Neurology,Transfer,Sepsis,0,0,10,5,5,Home,2025-05-10,59,Medium,0
P-5446,47,Female,General Medicine,Emergency,Heart Failure,4,0,11,1,5,Home,2025-05-31,67,High,1
P-5447,63,Male,Emergency,Emergency,Hypertension,0,0,8,2,5,Skilled Nursing Facility,2025-01-21,41,Medium,0
P-5448,69,Female,ICU,Urgent,COPD,2,2,10,4,4,Home,2025-03-13,85,High,1
P-5449,85,Female,Cardiology,Emergency,Gastrointestinal Bleed,1,0,9,2,11,Home,2025-12-27,72,High,0
P-5450,54,Female,Emergency,Emergency,Stroke,1,1,9,0,10,Home,2025-02-01,46,Medium,1
P-5451,54,Female,Cardiology,Emergency,Sepsis,2,0,2,3,9,Home,2025-10-24,47,Medium,0
P-5452,80,Male,Cardiology,Elective,Acute Kidney Injury,1,1,3,3,8,Skilled Nursing Facility,2025-02-18,62,High,1
P-5453,66,Male,Emergency,Elective,Diabetes with Complications,1,0,2,0,5,Home,2025-05-23,23,Low,0
P-5454,82,Male,Cardiology,Urgent,Diabetes with Complications,2,1,1,1,5,Home,2025-03-23,49,Medium,0
P-5455,66,Female,Orthopedics,Emergency,Sepsis,2,1,2,2,10,Home Health Care,2025-10-05,55,Medium,0
P-5456,43,Male,Emergency,Emergency,Gastrointestinal Bleed,1,1,11,1,4,Home,2025-09-23,44,Medium,0
P-5457,40,Male,General Medicine,Emergency,Gastrointestinal Bleed,1,0,16,1,10,Home,2025-04-18,59,Medium,1
P-5458,37,Female,Cardiology,Urgent,Heart Failure,0,3,1,1,8,Home,2025-02-21,23,Low,0
P-5459,72,Female,Emergency,Elective,Stroke,2,0,5,1,1,Against Medical Advice,2025-12-14,43,Medium,0
P-5460,81,Female,Emergency,Urgent,Stroke,4,1,16,1,6,Home Health Care,2025-10-10,92,High,1
P-5461,91,Female,Orthopedics,Transfer,Hypertension,0,0,2,0,1,Rehab,2025-05-10,24,Low,1
P-5462,75,Female,General Medicine,Emergency,Diabetes with Complications,2,1,9,2,5,Home Health Care,2025-06-08,73,High,0
P-5463,80,Female,Cardiology,Emergency,Hypertension,3,1,2,1,1,Home,2025-02-17,54,Medium,1
P-5464,52,Female,General Medicine,Elective,COPD,1,1,3,2,1,Home,2025-07-08,30,Low,0
P-5465,43,Male,Cardiology,Emergency,Hip Fracture,1,3,12,4,10,Skilled Nursing Facility,2025-03-02,82,High,1
P-5466,75,Male,Pediatrics,Emergency,Sepsis,1,0,1,0,3,Home,2025-08-19,23,Low,1
P-5467,68,Female,Pediatrics,Urgent,Stroke,1,1,3,0,2,Home,2025-03-10,28,Low,0
P-5468,63,Female,General Medicine,Emergency,Hypertension,1,0,4,1,3,Rehab,2025-10-12,30,Low,0
P-5469,68,Female,General Medicine,Elective,Sepsis,2,2,11,3,4,Home,2025-05-13,83,High,1
P-5470,67,Male,Orthopedics,Elective,Gastrointestinal Bleed,0,0,4,3,8,Home,2025-05-19,42,Medium,1
P-5471,82,Male,General Medicine,Elective,Hypertension,2,2,14,2,1,Home Health Care,2025-01-05,86,High,1
P-5472,82,Female,General Medicine,Emergency,Hypertension,2,1,2,1,9,Home Health Care,2025-10-04,57,Medium,1
P-5473,70,Male,Pediatrics,Elective,Gastrointestinal Bleed,4,0,4,2,1,Home,2025-08-11,63,High,1
P-5474,75,Male,General Medicine,Emergency,Sepsis,1,3,1,0,5,Home,2025-02-08,41,Medium,1
P-5475,70,Male,General Medicine,Urgent,Sepsis,1,0,21,4,5,Home,2025-12-04,91,High,0
P-5476,54,Female,Orthopedics,Emergency,Gastrointestinal Bleed,0,3,2,6,6,Home,2025-11-27,65,High,0
P-5477,74,Female,General Medicine,Urgent,Hypertension,1,1,12,5,2,Home,2025-03-15,84,High,1
P-5478,39,Female,General Medicine,Emergency,Gastrointestinal Bleed,2,1,3,1,6,Skilled Nursing Facility,2025-10-29,30,Low,0
P-5479,78,Female,Cardiology,Transfer,Pneumonia,1,0,1,2,1,Home,2025-04-05,34,Medium,0
P-5480,42,Female,Emergency,Urgent,Stroke,2,2,3,1,6,Skilled Nursing Facility,2025-05-05,38,Medium,0
P-5481,66,Female,Cardiology,Elective,Pneumonia,0,1,2,6,11,Home Health Care,2025-02-09,66,High,1
P-5482,48,Female,Emergency,Emergency,COPD,0,1,14,2,4,Home Health Care,2025-09-02,55,Medium,1
P-5483,70,Male,Emergency,Emergency,Gastrointestinal Bleed,3,1,7,1,4,Home,2025-02-07,66,High,1
P-5484,61,Male,Pediatrics,Elective,Hypertension,2,0,2,2,6,Home,2025-06-13,41,Medium,0
P-5485,36,Female,General Medicine,Elective,Hip Fracture,1,1,4,5,4,Home Health Care,2025-03-07,47,Medium,0
P-5486,68,Male,General Medicine,Emergency,Sepsis,2,1,5,0,10,Against Medical Advice,2025-08-11,51,Medium,0
P-5487,52,Female,Emergency,Elective,Sepsis,0,1,4,3,1,Home,2025-01-13,31,Medium,0
P-5488,76,Female,Orthopedics,Elective,Hip Fracture,0,0,12,3,10,Skilled Nursing Facility,2025-09-05,73,High,1
P-5489,62,Female,General Medicine,Emergency,Diabetes with Complications,0,1,1,5,1,Home,2025-06-06,42,Medium,1
P-5490,68,Female,General Medicine,Emergency,Acute Kidney Injury,1,1,1,4,5,Skilled Nursing Facility,2025-03-26,52,Medium,1
P-5491,46,Male,Cardiology,Emergency,Stroke,3,1,5,4,3,Home,2025-05-29,65,High,0
P-5492,52,Male,Emergency,Emergency,Pneumonia,0,0,7,4,4,Home Health Care,2025-07-14,44,Medium,0
P-5493,54,Female,General Medicine,Emergency,Hip Fracture,0,0,8,2,6,Skilled Nursing Facility,2025-04-07,37,Medium,0
P-5494,75,Male,General Medicine,Urgent,Pneumonia,1,1,2,1,10,Skilled Nursing Facility,2025-05-05,45,Medium,0
P-5495,88,Male,Neurology,Emergency,COPD,1,0,1,0,12,Home Health Care,2025-01-16,39,Medium,0
P-5496,49,Female,Orthopedics,Emergency,Hypertension,0,1,9,2,8,Home,2025-03-27,45,Medium,1
P-5497,79,Female,Pediatrics,Emergency,Hypertension,1,0,2,2,5,Home,2025-09-24,42,Medium,1
P-5498,27,Female,General Medicine,Transfer,Sepsis,1,1,5,3,7,Home,2025-07-29,35,Medium,0
P-5499,42,Female,Pediatrics,Emergency,Sepsis,1,0,1,2,10,Home,2025-05-20,25,Low,0
P-5500,46,Male,Orthopedics,Transfer,Diabetes with Complications,2,1,8,2,10,Home,2025-04-28,60,Medium,1
P-5501,40,Female,Cardiology,Emergency,Diabetes with Complications,2,0,15,1,8,Home,2025-06-15,62,High,1
P-5502,36,Male,Emergency,Emergency,Pneumonia,3,1,17,2,6,Home Health Care,2025-01-23,80,High,1
P-5503,68,Female,Cardiology,Elective,Pneumonia,1,2,4,0,1,Home Health Care,2025-09-27,35,Medium,1
P-5504,58,Male,ICU,Emergency,COPD,2,0,2,3,10,Home,2025-02-15,51,Medium,0
P-5505,68,Female,Cardiology,Elective,COPD,1,1,1,2,7,Home Health Care,2025-11-17,41,Medium,1
P-5506,73,Female,ICU,Urgent,COPD,1,0,2,1,1,Home,2025-10-04,28,Low,0
P-5507,66,Female,General Medicine,Emergency,Hypertension,0,1,5,1,3,Home,2025-10-21,32,Medium,0
P-5508,72,Female,Emergency,Elective,Hypertension,1,1,3,4,9,Home Health Care,2025-04-06,65,High,1
P-5509,60,Male,Emergency,Elective,Pneumonia,2,1,3,2,5,Home,2025-03-20,48,Medium,1
P-5510,43,Male,General Medicine,Urgent,Heart Failure,1,2,3,2,5,Home,2025-04-14,35,Medium,1
P-5511,78,Female,Orthopedics,Emergency,Gastrointestinal Bleed,2,1,8,1,10,Home,2025-02-18,72,High,1
P-5512,52,Other,Pediatrics,Emergency,Diabetes with Complications,3,1,9,3,2,Home Health Care,2025-04-05,72,High,1
P-5513,47,Female,General Medicine,Elective,Pneumonia,1,0,1,4,5,Home,2025-12-06,34,Medium,0
P-5514,59,Male,Emergency,Transfer,Diabetes with Complications,2,0,12,2,1,Home,2025-09-04,63,High,1
P-5515,47,Female,Emergency,Emergency,Sepsis,5,2,3,2,6,Home,2025-09-10,72,High,0
P-5516,55,Male,Cardiology,Emergency,Sepsis,5,0,2,0,2,Home Health Care,2025-12-27,44,Medium,1
P-5517,67,Female,Cardiology,Emergency,Heart Failure,1,0,25,3,5,Home,2025-09-02,92,High,1
P-5518,67,Male,Emergency,Elective,COPD,1,2,1,1,2,Home,2025-09-18,34,Medium,0
P-5519,47,Female,Pediatrics,Emergency,Hypertension,2,0,2,2,13,Home,2025-03-26,41,Medium,1
P-5520,54,Male,ICU,Emergency,Acute Kidney Injury,0,1,11,4,5,Home,2025-01-21,64,High,1
P-5521,79,Female,Cardiology,Elective,Sepsis,3,0,3,0,9,Home,2025-12-15,53,Medium,1
P-5522,69,Male,Cardiology,Emergency,Acute Kidney Injury,0,1,12,2,8,Home,2025-09-22,66,High,1
P-5523,95,Male,General Medicine,Emergency,Pneumonia,0,2,2,0,11,Against Medical Advice,2025-07-03,49,Medium,1
P-5524,80,Female,Emergency,Emergency,Pneumonia,2,0,3,3,5,Home,2025-09-03,61,High,1
P-5525,80,Male,Emergency,Emergency,Pneumonia,0,1,1,1,4,Home,2025-09-24,30,Low,0
P-5526,39,Female,Cardiology,Emergency,Sepsis,1,0,3,2,7,Against Medical Advice,2025-06-13,25,Low,1
P-5527,74,Male,Emergency,Emergency,COPD,1,1,1,2,7,Home,2025-10-14,45,Medium,0
P-5528,61,Female,Cardiology,Emergency,COPD,0,2,2,3,5,Home Health Care,2025-10-24,41,Medium,0
P-5529,53,Male,Emergency,Elective,Pneumonia,2,1,6,0,6,Home,2025-07-27,40,Medium,0
P-5530,64,Male,ICU,Emergency,COPD,0,2,6,2,5,Skilled Nursing Facility,2025-09-29,48,Medium,0
P-5531,77,Female,General Medicine,Elective,Hip Fracture,0,0,3,3,6,Skilled Nursing Facility,2025-05-28,43,Medium,1
P-5532,70,Male,General Medicine,Emergency,Pneumonia,2,0,1,5,10,Home,2025-04-02,68,High,1
P-5533,47,Male,General Medicine,Emergency,Hypertension,2,0,1,2,7,Home,2025-07-21,31,Medium,0
P-5534,73,Female,Emergency,Urgent,Pneumonia,2,0,2,1,2,Home,2025-09-05,36,Medium,0
P-5535,51,Female,Emergency,Emergency,Sepsis,4,0,1,3,8,Rehab,2025-12-12,58,Medium,1
P-5536,65,Male,ICU,Emergency,Heart Failure,2,0,2,0,1,Home,2025-07-09,25,Low,0
P-5537,57,Female,Emergency,Urgent,Hypertension,0,1,4,1,6,Against Medical Advice,2025-12-18,28,Low,1
P-5538,58,Female,Emergency,Elective,Sepsis,1,2,1,3,12,Skilled Nursing Facility,2025-06-12,54,Medium,1
P-5539,74,Male,Emergency,Elective,Gastrointestinal Bleed,2,0,10,4,11,Home,2025-07-18,85,High,0
P-5540,45,Female,General Medicine,Elective,Pneumonia,2,1,1,5,2,Home Health Care,2025-04-01,50,Medium,0
P-5541,93,Female,Orthopedics,Emergency,Diabetes with Complications,1,0,7,2,4,Home,2025-12-07,64,High,1
P-5542,32,Male,General Medicine,Transfer,Pneumonia,5,0,3,4,3,Home,2025-06-17,62,High,1
P-5543,52,Male,Cardiology,Urgent,Pneumonia,0,1,5,2,10,Home,2025-11-25,38,Medium,1
P-5544,67,Male,General Medicine,Emergency,Diabetes with Complications,0,0,3,3,5,Home,2025-12-15,36,Medium,0
P-5545,71,Female,ICU,Urgent,COPD,0,0,3,0,8,Home,2025-11-17,24,Low,0
P-5546,60,Male,General Medicine,Emergency,Hip Fracture,0,0,6,0,6,Home,2025-12-14,24,Low,1
P-5547,61,Female,Emergency,Elective,Stroke,2,0,2,1,5,Home Health Care,2025-11-07,33,Medium,1
P-5548,68,Female,Cardiology,Emergency,Hypertension,2,0,4,4,1,Home Health Care,2025-03-23,59,Medium,1
P-5549,58,Male,Orthopedics,Emergency,Gastrointestinal Bleed,0,0,8,4,7,Rehab,2025-03-01,54,Medium,1
P-5550,84,Female,General Medicine,Emergency,Hip Fracture,2,2,1,0,7,Home Health Care,2025-12-11,52,Medium,0
P-5551,75,Female,Emergency,Emergency,Stroke,1,1,1,2,3,Home Health Care,2025-05-16,40,Medium,0
P-5552,75,Male,ICU,Emergency,Sepsis,1,0,5,2,6,Home,2025-09-25,50,Medium,1
P-5553,46,Female,Emergency,Emergency,Pneumonia,0,1,15,2,6,Home,2025-07-23,59,Medium,1
P-5554,60,Female,Neurology,Elective,Hypertension,2,2,3,1,6,Home,2025-07-23,49,Medium,1
P-5555,57,Male,General Medicine,Urgent,COPD,0,0,8,2,6,Home,2025-02-03,39,Medium,0
P-5556,45,Male,Pediatrics,Emergency,Hip Fracture,1,0,3,2,3,Home Health Care,2025-08-31,24,Low,0
P-5557,67,Male,Cardiology,Urgent,Diabetes with Complications,2,1,2,3,3,Home Health Care,2025-11-22,54,Medium,0
P-5558,53,Male,General Medicine,Emergency,Sepsis,0,1,3,2,7,Rehab,2025-08-15,30,Low,1
P-5559,72,Male,General Medicine,Urgent,Heart Failure,0,1,3,1,4,Home,2025-09-04,31,Medium,0
P-5560,44,Female,Emergency,Emergency,Stroke,1,1,2,2,7,Home Health Care,2025-03-12,30,Low,0
P-5561,89,Other,ICU,Urgent,COPD,2,0,2,3,5,Skilled Nursing Facility,2025-07-26,64,High,1
P-5562,47,Male,General Medicine,Elective,Heart Failure,2,0,3,4,1,Home,2025-08-27,43,Medium,0
P-5563,65,Male,General Medicine,Emergency,Acute Kidney Injury,2,3,9,1,7,Home,2025-09-10,75,High,1
P-5564,74,Male,General Medicine,Emergency,Acute Kidney Injury,1,1,2,2,8,Rehab,2025-06-24,49,Medium,1
P-5565,52,Male,General Medicine,Transfer,Sepsis,2,0,12,2,9,Home,2025-03-18,68,High,0
P-5566,75,Male,General Medicine,Urgent,Hip Fracture,1,0,1,2,5,Home Health Care,2025-04-20,37,Medium,0
P-5567,42,Male,General Medicine,Emergency,COPD,3,2,1,2,7,Rehab,2025-06-30,48,Medium,0
P-5568,85,Female,Cardiology,Emergency,Stroke,1,1,1,5,4,Home,2025-04-26,68,High,1
P-5569,62,Male,Emergency,Elective,COPD,0,3,7,4,11,Home,2025-06-30,75,High,1
P-5570,52,Female,General Medicine,Transfer,Diabetes with Complications,0,1,1,3,5,Skilled Nursing Facility,2025-12-29,28,Low,0
P-5571,57,Male,Pediatrics,Emergency,Hip Fracture,1,1,4,3,1,Skilled Nursing Facility,2025-07-01,42,Medium,0
P-5572,74,Male,ICU,Urgent,Acute Kidney Injury,0,2,7,1,9,Home,2025-07-14,55,Medium,1
P-5573,52,Female,Emergency,Emergency,Hypertension,1,3,4,4,5,Home,2025-05-11,63,High,1
P-5574,50,Male,Emergency,Transfer,COPD,2,0,1,5,13,Home,2025-12-29,60,Medium,1
P-5575,58,Female,Cardiology,Elective,Diabetes with Complications,1,0,9,2,7,Skilled Nursing Facility,2025-11-03,52,Medium,0
P-5576,43,Male,Emergency,Emergency,Stroke,2,2,2,1,5,Home,2025-01-20,34,Medium,0
P-5577,91,Female,General Medicine,Emergency,Acute Kidney Injury,3,1,1,7,4,Home,2025-12-01,90,High,1
P-5578,52,Other,ICU,Elective,Gastrointestinal Bleed,3,0,7,3,2,Home Health Care,2025-02-12,61,High,1
P-5579,75,Male,General Medicine,Elective,Stroke,2,1,1,4,9,Home,2025-09-30,69,High,1
P-5580,65,Male,Orthopedics,Urgent,Gastrointestinal Bleed,1,0,5,2,1,Rehab,2025-09-19,37,Medium,0
P-5581,46,Female,Pediatrics,Elective,Hypertension,4,3,3,2,8,Rehab,2025-06-04,72,High,1
P-5582,61,Male,Cardiology,Emergency,Hypertension,0,0,3,1,3,Home,2025-12-04,20,Low,0
P-5583,74,Female,General Medicine,Urgent,Acute Kidney Injury,3,2,8,5,4,Home,2025-06-15,91,High,1
P-5584,58,Male,Emergency,Elective,Sepsis,0,2,1,5,9,Home,2025-10-17,55,Medium,0
P-5585,81,Male,Emergency,Urgent,Hip Fracture,2,0,7,1,3,Home,2025-06-24,57,Medium,1
P-5586,78,Male,General Medicine,Urgent,Hypertension,2,1,6,5,5,Home Health Care,2025-08-15,83,High,1
P-5587,76,Female,General Medicine,Urgent,Sepsis,0,0,10,2,8,Home,2025-04-14,59,Medium,0
P-5588,54,Male,ICU,Emergency,COPD,2,0,4,3,10,Home,2025-07-30,54,Medium,1
P-5589,44,Male,Pediatrics,Elective,Diabetes with Complications,0,0,1,4,4,Home,2025-10-16,24,Low,0
P-5590,52,Female,Orthopedics,Emergency,Sepsis,3,1,1,0,5,Home,2025-09-17,33,Medium,0
P-5591,65,Male,General Medicine,Emergency,Gastrointestinal Bleed,2,2,3,3,3,Home,2025-04-20,62,High,1
P-5592,70,Male,General Medicine,Emergency,Hip Fracture,0,1,6,4,2,Home Health Care,2025-12-03,56,Medium,1
P-5593,27,Male,Emergency,Urgent,Pneumonia,0,3,1,1,6,Home,2025-06-17,17,Low,0
P-5594,61,Female,General Medicine,Emergency,Acute Kidney Injury,2,1,2,4,9,Home,2025-09-11,64,High,1
P-5595,64,Female,Emergency,Emergency,Sepsis,0,0,7,1,4,Home Health Care,2025-10-09,31,Medium,0
P-5596,57,Male,Orthopedics,Emergency,Stroke,1,1,2,1,10,Skilled Nursing Facility,2025-12-18,34,Medium,0
P-5597,82,Male,Cardiology,Emergency,Diabetes with Complications,3,2,3,2,4,Home,2025-06-26,73,High,1
P-5598,68,Female,Cardiology,Elective,Sepsis,1,2,7,1,4,Home,2025-10-14,54,Medium,1
P-5599,82,Female,General Medicine,Emergency,Diabetes with Complications,0,2,3,2,11,Home,2025-03-23,58,Medium,0
P-5600,58,Male,Emergency,Emergency,Hip Fracture,0,2,7,2,7,Home,2025-09-07,50,Medium,1
P-5601,76,Male,Emergency,Emergency,Stroke,2,0,2,3,10,Home Health Care,2025-11-19,62,High,0
P-5602,88,Male,Emergency,Emergency,Diabetes with Complications,4,1,15,1,10,Home,2025-12-23,94,High,1
P-5603,82,Female,Orthopedics,Emergency,COPD,1,4,1,2,9,Home Health Care,2025-01-22,70,High,1
P-5604,44,Female,Emergency,Urgent,Stroke,2,2,7,1,6,Rehab,2025-02-22,50,Medium,0
P-5605,57,Male,Emergency,Urgent,Gastrointestinal Bleed,1,0,1,2,11,Home Health Care,2025-01-05,33,Medium,1
P-5606,56,Male,Cardiology,Emergency,Pneumonia,4,0,9,3,10,Home,2025-08-21,82,High,1
P-5607,69,Male,Emergency,Emergency,Hypertension,2,1,1,3,2,Home,2025-11-03,51,Medium,1
P-5608,72,Male,Emergency,Urgent,Hypertension,2,0,4,0,9,Home,2025-02-21,43,Medium,0
P-5609,48,Male,General Medicine,Emergency,Hip Fracture,1,1,2,3,9,Home Health Care,2025-05-06,41,Medium,0
P-5610,63,Female,Cardiology,Elective,Gastrointestinal Bleed,3,3,5,3,1,Home,2025-03-25,76,High,1
P-5611,29,Male,Cardiology,Elective,Hip Fracture,1,1,1,4,6,Home,2025-01-16,30,Low,0
P-5612,85,Female,Emergency,Elective,COPD,0,1,10,1,6,Home,2025-11-21,61,High,0
P-5613,53,Male,Emergency,Transfer,COPD,1,2,6,2,3,Home,2025-06-12,48,Medium,1
P-5614,62,Female,Emergency,Emergency,Stroke,0,1,2,4,8,Home Health Care,2025-04-17,47,Medium,1
P-5615,57,Female,General Medicine,Emergency,COPD,2,2,3,1,5,Skilled Nursing Facility,2025-10-05,45,Medium,0
P-5616,80,Male,Emergency,Elective,Hypertension,0,1,5,4,6,Against Medical Advice,2025-04-01,64,High,0
P-5617,18,Female,Emergency,Transfer,Hypertension,0,0,5,3,9,Home Health Care,2025-05-02,20,Low,0
P-5618,61,Male,General Medicine,Urgent,Stroke,6,1,5,1,3,Home,2025-05-12,77,High,1
P-5619,60,Female,Cardiology,Elective,Gastrointestinal Bleed,2,1,1,3,8,Home,2025-11-10,53,Medium,1
P-5620,54,Female,General Medicine,Urgent,Gastrointestinal Bleed,2,0,8,3,9,Home,2025-06-06,65,High,1
P-5621,89,Male,Emergency,Emergency,Gastrointestinal Bleed,1,2,3,0,9,Home,2025-04-20,55,Medium,0
P-5622,47,Female,Emergency,Emergency,Hypertension,1,0,8,2,6,Home,2025-12-30,41,Medium,0
P-5623,74,Female,Orthopedics,Emergency,Hypertension,3,1,12,2,4,Skilled Nursing Facility,2025-01-22,84,High,1
P-5624,67,Female,Cardiology,Emergency,Sepsis,0,1,1,1,10,Home Health Care,2025-02-21,29,Low,0
P-5625,82,Female,Orthopedics,Elective,Heart Failure,1,0,2,0,8,Skilled Nursing Facility,2025-02-05,34,Medium,1
P-5626,51,Male,General Medicine,Urgent,Hip Fracture,0,0,4,3,5,Home,2025-05-14,30,Low,0
P-5627,50,Female,General Medicine,Elective,Sepsis,2,2,1,3,7,Home,2025-02-27,51,Medium,1
P-5628,79,Female,Orthopedics,Elective,Stroke,2,0,2,1,11,Rehab,2025-07-17,51,Medium,0
P-5629,68,Female,Orthopedics,Emergency,Diabetes with Complications,2,2,1,1,6,Home Health Care,2025-02-24,48,Medium,1
P-5630,37,Female,General Medicine,Elective,Pneumonia,1,0,6,4,2,Home,2025-03-03,38,Medium,1
P-5631,53,Male,General Medicine,Emergency,Sepsis,1,0,4,1,7,Home,2025-05-04,29,Low,0
P-5632,68,Male,Emergency,Elective,Pneumonia,2,0,1,3,4,Home,2025-02-28,47,Medium,1
P-5633,75,Female,Emergency,Emergency,Acute Kidney Injury,0,1,2,3,3,Skilled Nursing Facility,2025-07-09,41,Medium,1
P-5634,51,Female,ICU,Elective,COPD,4,2,3,5,1,Home,2025-08-09,78,High,1
P-5635,18,Male,ICU,Emergency,Acute Kidney Injury,1,0,2,1,6,Home,2025-05-21,11,Low,0
P-5636,70,Female,Orthopedics,Elective,Hip Fracture,1,1,1,3,8,Home Health Care,2025-11-04,50,Medium,0
P-5637,42,Female,ICU,Emergency,COPD,1,0,2,1,2,Home Health Care,2025-09-23,16,Low,1
P-5638,29,Female,Cardiology,Emergency,Gastrointestinal Bleed,1,0,1,1,7,Home,2025-11-24,13,Low,0
P-5639,18,Female,General Medicine,Emergency,Pneumonia,1,1,1,0,10,Home,2025-07-22,12,Low,0
P-5640,75,Female,ICU,Elective,Stroke,1,1,2,1,7,Home Health Care,2025-07-28,41,Medium,1
P-5641,64,Female,Cardiology,Elective,Stroke,1,2,3,2,6,Home,2025-11-29,49,Medium,1
P-5642,58,Female,General Medicine,Urgent,Heart Failure,3,1,12,2,7,Home,2025-08-26,80,High,0
P-5643,84,Male,General Medicine,Elective,Pneumonia,0,0,1,2,2,Against Medical Advice,2025-06-20,31,Medium,0
P-5644,72,Male,General Medicine,Emergency,Hypertension,2,0,6,2,10,Home Health Care,2025-11-08,64,High,0
P-5645,87,Male,Emergency,Elective,Heart Failure,2,1,2,2,6,Home,2025-10-08,63,High,1
P-5646,39,Male,Emergency,Emergency,Hip Fracture,3,1,4,3,6,Home Health Care,2025-11-18,55,Medium,0
P-5647,61,Male,General Medicine,Emergency,Hypertension,1,0,3,5,4,Home,2025-01-01,53,Medium,1
P-5648,36,Female,Emergency,Elective,Acute Kidney Injury,2,1,3,3,2,Rehab,2025-04-07,37,Medium,0
P-5649,58,Female,General Medicine,Emergency,COPD,1,1,7,1,3,Against Medical Advice,2025-07-03,41,Medium,0
P-5650,58,Male,Orthopedics,Emergency,Pneumonia,1,1,1,0,3,Home Health Care,2025-12-25,20,Low,0
P-5651,72,Female,Emergency,Elective,Stroke,4,1,2,2,8,Home Health Care,2025-10-24,72,High,1
P-5652,62,Male,Emergency,Elective,Hip Fracture,1,2,2,3,9,Home Health Care,2025-08-10,56,Medium,1
P-5653,71,Male,ICU,Elective,Hip Fracture,1,1,1,2,5,Home Health Care,2025-09-13,40,Medium,1
P-5654,73,Female,General Medicine,Emergency,Heart Failure,2,0,1,3,9,Home,2025-05-30,56,Medium,1
P-5655,95,Male,ICU,Urgent,Stroke,2,0,6,5,10,Home,2025-04-27,88,High,0
P-5656,56,Female,Emergency,Elective,Acute Kidney Injury,1,1,10,1,11,Home,2025-11-13,58,Medium,1
P-5657,46,Male,Orthopedics,Urgent,Diabetes with Complications,3,1,2,1,2,Home,2025-05-08,35,Medium,1
P-5658,65,Female,Emergency,Elective,Hip Fracture,0,0,5,2,7,Home,2025-02-25,36,Medium,1
P-5659,49,Female,Cardiology,Elective,Diabetes with Complications,1,1,24,5,2,Home,2025-12-25,92,High,1
P-5660,85,Male,General Medicine,Emergency,Sepsis,0,2,1,4,4,Home Health Care,2025-04-27,59,Medium,1
P-5661,57,Female,Cardiology,Elective,Acute Kidney Injury,3,1,2,3,4,Home,2025-01-07,58,Medium,1
P-5662,52,Male,General Medicine,Elective,Sepsis,1,0,8,1,9,Home,2025-01-05,41,Medium,0
P-5663,54,Female,General Medicine,Emergency,Hypertension,1,2,1,0,8,Home,2025-04-11,27,Low,0
P-5664,73,Female,Cardiology,Elective,Hip Fracture,2,0,5,6,11,Home,2025-12-04,84,High,1
P-5665,59,Female,Neurology,Elective,Gastrointestinal Bleed,1,0,3,3,3,Home Health Care,2025-11-20,37,Medium,0
P-5666,51,Male,Cardiology,Elective,Pneumonia,4,1,6,1,2,Home,2025-06-08,58,Medium,0
P-5667,88,Male,Pediatrics,Emergency,Pneumonia,3,2,4,1,4,Home,2025-07-08,73,High,1
P-5668,48,Female,ICU,Emergency,Stroke,1,0,4,3,1,Home Health Care,2025-12-04,31,Medium,0
P-5669,62,Male,Cardiology,Emergency,Pneumonia,1,0,6,2,10,Home,2025-05-25,50,Medium,0
P-5670,72,Male,Cardiology,Elective,Hypertension,1,0,4,4,4,Home,2025-10-23,56,Medium,1
P-5671,35,Female,ICU,Emergency,Acute Kidney Injury,1,0,20,4,1,Home,2025-05-23,75,High,0
P-5672,69,Female,General Medicine,Emergency,Hypertension,3,0,6,3,4,Home,2025-02-19,70,High,1
P-5673,45,Male,General Medicine,Transfer,COPD,1,1,8,3,6,Home Health Care,2025-07-14,53,Medium,1
P-5674,75,Male,General Medicine,Emergency,Gastrointestinal Bleed,1,2,3,3,10,Home,2025-10-09,67,High,1
P-5675,46,Female,Cardiology,Elective,Hip Fracture,1,1,15,1,2,Home,2025-10-12,56,Medium,0
P-5676,73,Female,Emergency,Urgent,Gastrointestinal Bleed,1,1,3,1,5,Home,2025-03-23,40,Medium,0
P-5677,79,Female,General Medicine,Elective,Sepsis,1,3,2,4,5,Home,2025-08-25,73,High,1
P-5678,75,Male,Emergency,Elective,Diabetes with Complications,3,2,13,3,2,Home,2025-05-28,90,High,1
P-5679,66,Male,General Medicine,Transfer,Hip Fracture,4,3,3,4,8,Home,2025-11-13,88,High,1
P-5680,58,Male,General Medicine,Urgent,Heart Failure,2,0,3,6,4,Home,2025-03-29,67,High,1
P-5681,52,Female,Cardiology,Elective,Acute Kidney Injury,0,0,4,3,4,Home Health Care,2025-06-06,29,Low,1
P-5682,85,Male,General Medicine,Emergency,Diabetes with Complications,1,0,9,1,8,Rehab,2025-02-13,63,High,1
P-5683,50,Female,General Medicine,Emergency,Stroke,1,0,2,2,8,Home,2025-03-20,29,Low,0
P-5684,45,Female,General Medicine,Urgent,Acute Kidney Injury,0,0,8,2,9,Skilled Nursing Facility,2025-04-01,35,Medium,0
P-5685,72,Female,Cardiology,Urgent,Hypertension,1,2,1,3,8,Home Health Care,2025-01-04,58,Medium,1
P-5686,49,Male,Cardiology,Urgent,Pneumonia,0,0,1,3,7,Skilled Nursing Facility,2025-06-18,24,Low,1
P-5687,46,Female,Emergency,Elective,Stroke,1,2,3,1,3,Home,2025-01-25,29,Low,0
P-5688,38,Female,Cardiology,Emergency,Pneumonia,5,0,2,0,1,Skilled Nursing Facility,2025-01-26,33,Medium,0
P-5689,54,Male,Cardiology,Emergency,Sepsis,0,0,3,2,6,Rehab,2025-05-28,24,Low,1
P-5690,60,Male,Orthopedics,Emergency,COPD,0,0,1,3,7,Skilled Nursing Facility,2025-03-26,29,Low,0
P-5691,65,Female,General Medicine,Elective,Hypertension,1,3,2,2,1,Home Health Care,2025-08-31,47,Medium,0
P-5692,77,Male,General Medicine,Emergency,Diabetes with Complications,0,0,14,5,2,Home,2025-08-25,80,High,0
P-5693,70,Male,Cardiology,Emergency,Gastrointestinal Bleed,0,0,10,3,5,Home,2025-11-30,58,Medium,1
P-5694,58,Male,Neurology,Urgent,Sepsis,1,0,1,2,4,Skilled Nursing Facility,2025-07-27,27,Low,0
P-5695,58,Male,Cardiology,Emergency,Acute Kidney Injury,1,0,8,1,6,Home,2025-02-13,41,Medium,0
P-5696,70,Female,General Medicine,Urgent,Acute Kidney Injury,1,1,3,5,9,Home,2025-11-21,70,High,1
P-5697,82,Female,Pediatrics,Emergency,Hip Fracture,0,1,8,2,3,Home,2025-09-28,57,Medium,0
P-5698,64,Female,General Medicine,Urgent,Acute Kidney Injury,2,0,2,3,7,Home Health Care,2025-02-26,51,Medium,0
P-5699,54,Female,Pediatrics,Emergency,Hip Fracture,1,0,4,0,5,Home,2025-06-27,22,Low,1
P-5700,46,Female,General Medicine,Emergency,Hip Fracture,1,0,20,2,5,Rehab,2025-09-17,73,High,1
P-5701,38,Female,Cardiology,Elective,Heart Failure,1,1,2,0,10,Skilled Nursing Facility,2025-07-30,20,Low,0
P-5702,72,Male,Cardiology,Urgent,COPD,1,0,10,4,8,Home,2025-07-21,76,High,1
P-5703,71,Female,Emergency,Emergency,Gastrointestinal Bleed,0,1,10,2,5,Home Health Care,2025-09-14,58,Medium,0
P-5704,71,Male,ICU,Elective,Diabetes with Complications,0,1,1,2,8,Home,2025-04-02,36,Medium,0
P-5705,59,Male,General Medicine,Transfer,COPD,1,0,2,1,9,Home,2025-05-04,29,Low,0
P-5706,84,Male,Cardiology,Emergency,COPD,0,1,1,2,7,Skilled Nursing Facility,2025-01-27,42,Medium,0
P-5707,54,Male,Orthopedics,Urgent,Heart Failure,2,0,2,1,11,Home,2025-04-10,36,Medium,0
P-5708,77,Male,Emergency,Emergency,Hypertension,0,0,4,4,5,Home,2025-04-13,52,Medium,0
P-5709,61,Male,Emergency,Emergency,Hypertension,2,1,12,0,5,Home,2025-07-18,61,High,0
P-5710,52,Female,Pediatrics,Emergency,Stroke,2,1,3,1,1,Home Health Care,2025-02-13,32,Medium,0
P-5711,71,Male,Cardiology,Emergency,Heart Failure,3,0,20,5,6,Home,2025-05-24,96,High,1
P-5712,68,Female,General Medicine,Emergency,Acute Kidney Injury,2,1,3,5,2,Home,2025-08-01,69,High,1
P-5713,67,Female,General Medicine,Emergency,Hip Fracture,2,3,5,1,1,Skilled Nursing Facility,2025-02-17,59,Medium,1
P-5714,63,Female,Cardiology,Emergency,COPD,3,0,16,2,8,Home,2025-10-05,86,High,1
P-5715,61,Male,Emergency,Elective,Acute Kidney Injury,1,0,5,4,4,Home,2025-06-02,52,Medium,1
P-5716,95,Female,Emergency,Elective,Hypertension,3,1,3,2,4,Home Health Care,2025-06-27,75,High,1
P-5717,80,Male,General Medicine,Elective,Pneumonia,1,0,4,2,1,Skilled Nursing Facility,2025-11-12,44,Medium,0
P-5718,73,Female,General Medicine,Emergency,Acute Kidney Injury,1,2,4,3,1,Skilled Nursing Facility,2025-08-15,59,Medium,1
P-5719,63,Female,Emergency,Urgent,Pneumonia,1,0,1,1,12,Skilled Nursing Facility,2025-01-01,32,Medium,1
P-5720,78,Male,General Medicine,Emergency,COPD,1,0,3,0,15,Home,2025-05-08,43,Medium,1
P-5721,70,Male,Cardiology,Emergency,Pneumonia,1,0,4,0,5,Rehab,2025-12-16,30,Low,1
P-5722,62,Male,General Medicine,Elective,Acute Kidney Injury,1,1,7,3,5,Home,2025-05-08,59,Medium,1
P-5723,57,Female,Orthopedics,Elective,Diabetes with Complications,1,1,1,1,8,Home,2025-08-02,29,Low,0
P-5724,60,Female,Orthopedics,Emergency,Gastrointestinal Bleed,2,0,8,1,6,Home,2025-07-16,51,Medium,1
P-5725,18,Female,General Medicine,Emergency,Pneumonia,1,0,2,0,4,Rehab,2025-09-09,8,Low,0
P-5726,65,Male,Emergency,Urgent,Hypertension,2,0,6,2,4,Home,2025-11-01,53,Medium,0
P-5727,54,Male,Pediatrics,Emergency,Heart Failure,2,0,7,1,6,Home,2025-11-28,44,Medium,0
P-5728,87,Male,Emergency,Emergency,Acute Kidney Injury,1,0,9,0,7,Home,2025-09-12,56,Medium,1
P-5729,62,Female,General Medicine,Urgent,COPD,2,1,14,2,6,Home,2025-06-09,79,High,1
P-5730,42,Male,Cardiology,Emergency,Diabetes with Complications,1,0,11,3,4,Home Health Care,2025-12-20,51,Medium,0
P-5731,61,Male,Pediatrics,Elective,Hip Fracture,0,0,5,1,4,Home,2025-05-28,25,Low,0
P-5732,45,Female,General Medicine,Emergency,Gastrointestinal Bleed,1,1,6,2,1,Home,2025-08-20,34,Medium,1
P-5733,69,Female,General Medicine,Emergency,Sepsis,1,1,6,0,16,Home Health Care,2025-10-25,54,Medium,1
P-5734,66,Female,ICU,Emergency,Hip Fracture,3,0,4,2,11,Home Health Care,2025-07-26,64,High,1
P-5735,77,Male,General Medicine,Elective,Diabetes with Complications,2,1,7,0,10,Skilled Nursing Facility,2025-09-20,63,High,1
P-5736,49,Female,General Medicine,Emergency,Sepsis,4,0,3,1,6,Home,2025-10-30,47,Medium,0
P-5737,62,Female,General Medicine,Elective,Heart Failure,0,0,8,5,4,Home,2025-12-02,60,Medium,1
P-5738,40,Female,Cardiology,Transfer,Hypertension,2,1,7,5,3,Home Health Care,2025-05-24,65,High,0
P-5739,73,Male,Emergency,Elective,Pneumonia,2,0,4,0,12,Skilled Nursing Facility,2025-11-10,48,Medium,0
P-5740,70,Male,Cardiology,Emergency,Stroke,0,3,4,1,6,Home,2025-10-31,47,Medium,0
P-5741,69,Male,Emergency,Emergency,Heart Failure,0,0,5,0,9,Skilled Nursing Facility,2025-01-02,28,Low,0
P-5742,62,Female,Cardiology,Emergency,Sepsis,2,2,2,1,5,Home,2025-06-03,46,Medium,1
P-5743,68,Male,Emergency,Emergency,Stroke,1,2,4,3,7,Home,2025-10-10,63,High,1
P-5744,87,Female,Cardiology,Transfer,Pneumonia,1,1,11,1,6,Home,2025-08-01,73,High,1
P-5745,57,Female,Cardiology,Transfer,Hip Fracture,3,1,2,2,8,Home,2025-04-07,56,Medium,0
P-5746,64,Female,ICU,Emergency,Hip Fracture,4,1,6,2,1,Home,2025-09-11,71,High,1
P-5747,44,Male,Neurology,Emergency,Acute Kidney Injury,3,1,1,3,6,Home,2025-11-17,49,Medium,1
P-5748,48,Female,Emergency,Urgent,Diabetes with Complications,1,0,1,4,5,Home,2025-01-31,34,Medium,0
P-5749,63,Female,Emergency,Elective,Diabetes with Complications,1,1,10,4,8,Skilled Nursing Facility,2025-06-20,77,High,1
P-5750,79,Male,Emergency,Emergency,Acute Kidney Injury,1,2,11,1,8,Home,2025-11-28,75,High,1
P-5751,57,Female,General Medicine,Emergency,COPD,0,1,4,3,8,Home,2025-05-26,42,Medium,0
P-5752,58,Male,Neurology,Emergency,COPD,1,0,5,3,9,Against Medical Advice,2025-12-30,50,Medium,0
P-5753,55,Female,Cardiology,Urgent,Acute Kidney Injury,1,0,3,1,8,Home,2025-03-24,28,Low,0
P-5754,53,Male,Cardiology,Emergency,Heart Failure,4,2,5,3,4,Home,2025-12-08,76,High,1
P-5755,66,Female,Pediatrics,Urgent,Stroke,3,2,10,1,10,Skilled Nursing Facility,2025-01-11,81,High,1
P-5756,38,Female,Emergency,Emergency,Pneumonia,0,0,1,1,11,Home,2025-09-18,14,Low,0
P-5757,82,Male,ICU,Urgent,Hypertension,2,3,4,3,6,Home,2025-02-21,81,High,0
P-5758,51,Female,Cardiology,Emergency,Hypertension,1,0,10,3,6,Home,2025-11-09,57,Medium,0
P-5759,73,Female,ICU,Emergency,Hip Fracture,0,0,1,4,9,Home Health Care,2025-11-09,45,Medium,0
P-5760,41,Female,Pediatrics,Emergency,Gastrointestinal Bleed,1,3,2,3,2,Skilled Nursing Facility,2025-07-04,40,Medium,1
P-5761,72,Male,Cardiology,Elective,Hip Fracture,0,0,4,4,4,Home,2025-03-11,48,Medium,1
P-5762,72,Male,Neurology,Emergency,Diabetes with Complications,2,0,5,0,3,Home,2025-08-31,39,Medium,1
P-5763,68,Female,Pediatrics,Elective,Stroke,3,1,6,2,2,Home,2025-07-03,66,High,1
P-5764,46,Male,General Medicine,Emergency,COPD,1,1,1,0,7,Home,2025-03-16,19,Low,1
P-5765,65,Female,ICU,Emergency,Acute Kidney Injury,1,1,5,2,10,Home,2025-06-10,55,Medium,0
P-5766,43,Male,ICU,Emergency,Hypertension,1,1,2,2,3,Skilled Nursing Facility,2025-08-01,25,Low,0
P-5767,57,Male,Emergency,Elective,Acute Kidney Injury,1,0,2,0,4,Rehab,2025-08-30,18,Low,0
P-5768,78,Female,Emergency,Emergency,Gastrointestinal Bleed,0,0,1,1,6,Home Health Care,2025-03-25,26,Low,0
P-5769,74,Female,General Medicine,Emergency,Diabetes with Complications,0,0,1,3,6,Rehab,2025-05-11,36,Medium,1
P-5770,62,Female,Emergency,Elective,Diabetes with Complications,1,1,8,1,8,Home,2025-12-23,52,Medium,1
P-5771,46,Female,Neurology,Emergency,Pneumonia,2,2,3,3,6,Skilled Nursing Facility,2025-08-26,54,Medium,1
P-5772,72,Female,Emergency,Emergency,Acute Kidney Injury,1,2,7,0,3,Home Health Care,2025-01-13,49,Medium,0
P-5773,62,Female,General Medicine,Emergency,COPD,1,2,8,0,15,Home,2025-05-10,60,Medium,1
P-5774,24,Female,Orthopedics,Emergency,Hypertension,1,0,8,0,5,Home,2025-07-16,18,Low,0
P-5775,74,Female,Cardiology,Elective,Hypertension,4,1,18,2,5,Home,2025-02-01,94,High,1
P-5776,61,Female,Cardiology,Emergency,Gastrointestinal Bleed,0,0,2,1,7,Home Health Care,2025-07-15,21,Low,0
P-5777,81,Male,Cardiology,Emergency,Pneumonia,2,1,1,1,6,Skilled Nursing Facility,2025-12-08,49,Medium,1
P-5778,44,Female,Cardiology,Elective,Heart Failure,1,1,4,0,7,Home Health Care,2025-01-18,24,Low,0
P-5779,18,Male,Emergency,Emergency,Acute Kidney Injury,2,0,15,2,5,Home Health Care,2025-01-26,51,Medium,1
P-5780,66,Male,Emergency,Elective,Hip Fracture,2,1,2,0,6,Home,2025-06-04,36,Medium,1
P-5781,66,Male,Emergency,Emergency,Heart Failure,2,1,4,4,12,Home Health Care,2025-07-20,75,High,0
P-5782,34,Male,Pediatrics,Elective,Heart Failure,0,0,3,1,2,Home Health Care,2025-10-09,11,Low,0
P-5783,46,Male,Cardiology,Elective,Sepsis,2,0,5,1,4,Home,2025-06-21,32,Medium,0
P-5784,95,Female,Emergency,Urgent,Stroke,1,0,3,5,7,Rehab,2025-03-13,76,High,1
P-5785,57,Female,ICU,Urgent,Hip Fracture,1,1,21,2,6,Home,2025-09-14,85,High,1
P-5786,73,Male,Emergency,Elective,Hip Fracture,1,1,7,0,5,Home Health Care,2025-11-03,45,Medium,0
P-5787,51,Female,Emergency,Urgent,Pneumonia,2,3,7,3,8,Home,2025-05-08,75,High,1
P-5788,28,Female,Neurology,Emergency,COPD,0,0,3,0,4,Rehab,2025-08-10,8,Low,0
P-5789,59,Female,Emergency,Emergency,Gastrointestinal Bleed,1,0,7,4,7,Home,2025-05-09,61,High,1
P-5790,57,Male,ICU,Urgent,Acute Kidney Injury,1,0,4,1,5,Home,2025-08-18,29,Low,0
P-5791,55,Female,Emergency,Urgent,Gastrointestinal Bleed,1,1,9,0,7,Home,2025-11-06,43,Medium,1
P-5792,60,Male,Cardiology,Emergency,Acute Kidney Injury,1,1,7,4,11,Home,2025-07-25,71,High,1
P-5793,66,Male,Cardiology,Emergency,Acute Kidney Injury,0,0,5,2,6,Home,2025-02-05,36,Medium,0
P-5794,59,Male,General Medicine,Urgent,Gastrointestinal Bleed,5,1,2,2,7,Home,2025-09-30,72,High,1
P-5795,41,Female,ICU,Emergency,Sepsis,0,1,4,3,9,Skilled Nursing Facility,2025-03-16,34,Medium,1
P-5796,69,Female,Emergency,Emergency,Pneumonia,1,1,11,2,4,Home,2025-05-23,67,High,0
P-5797,30,Male,General Medicine,Elective,Acute Kidney Injury,3,0,5,2,12,Home,2025-07-16,47,Medium,0
P-5798,29,Male,Emergency,Emergency,Heart Failure,2,1,9,4,10,Rehab,2025-07-06,66,High,0
P-5799,73,Female,ICU,Emergency,Gastrointestinal Bleed,3,3,4,1,4,Home Health Care,2025-01-15,71,High,1
P-5800,70,Female,Pediatrics,Urgent,Hypertension,1,0,9,3,7,Home,2025-08-03,66,High,0
P-5801,61,Male,Emergency,Emergency,Hypertension,1,2,4,2,2,Home,2025-01-24,45,Medium,0
P-5802,39,Female,General Medicine,Urgent,Stroke,2,0,9,4,12,Home,2025-07-18,68,High,1
P-5803,50,Female,Emergency,Transfer,Heart Failure,1,3,3,0,6,Home,2025-06-03,33,Medium,1
P-5804,57,Male,Emergency,Urgent,COPD,1,0,5,1,7,Home,2025-05-05,33,Medium,0
P-5805,36,Female,Emergency,Transfer,Diabetes with Complications,1,1,1,1,9,Home Health Care,2025-06-28,21,Low,0
P-5806,50,Male,Emergency,Emergency,Pneumonia,1,0,3,2,6,Home,2025-08-28,29,Low,1
P-5807,72,Female,ICU,Elective,COPD,2,0,1,5,9,Home,2025-11-29,68,High,0
P-5808,84,Male,Emergency,Urgent,Diabetes with Complications,1,0,2,3,5,Home,2025-11-01,52,Medium,0
P-5809,55,Male,Orthopedics,Emergency,Hypertension,2,0,4,3,7,Home,2025-05-17,51,Medium,1
P-5810,74,Female,General Medicine,Emergency,Heart Failure,0,2,4,4,6,Skilled Nursing Facility,2025-02-20,63,High,0
P-5811,31,Female,Cardiology,Elective,COPD,1,0,8,4,4,Against Medical Advice,2025-11-19,43,Medium,0
P-5812,72,Male,General Medicine,Elective,Gastrointestinal Bleed,0,1,3,2,7,Home Health Care,2025-05-30,41,Medium,1
P-5813,49,Male,Orthopedics,Elective,Gastrointestinal Bleed,3,0,13,0,10,Home,2025-06-30,65,High,0
P-5814,66,Male,General Medicine,Elective,Gastrointestinal Bleed,2,1,2,2,7,Home Health Care,2025-04-26,51,Medium,1
P-5815,58,Female,Cardiology,Elective,Pneumonia,2,1,3,5,1,Home Health Care,2025-08-10,62,High,1
P-5816,83,Female,Orthopedics,Elective,Heart Failure,2,1,7,3,5,Home,2025-03-15,78,High,1
P-5817,48,Female,Emergency,Emergency,Heart Failure,2,1,5,1,2,Home Health Care,2025-03-24,36,Medium,0
P-5818,72,Female,Emergency,Emergency,Pneumonia,4,0,1,2,11,Home,2025-04-30,67,High,1
P-5819,57,Female,Emergency,Elective,Hypertension,3,1,4,1,11,Against Medical Advice,2025-05-24,58,Medium,1
P-5820,59,Female,Orthopedics,Emergency,Hip Fracture,1,0,1,5,9,Home,2025-09-03,52,Medium,1
P-5821,59,Female,Neurology,Transfer,COPD,2,0,1,1,8,Home,2025-08-06,33,Medium,1
P-5822,48,Female,Neurology,Urgent,Hip Fracture,1,1,1,4,5,Home,2025-09-20,40,Medium,0
P-5823,61,Female,ICU,Elective,Stroke,0,0,1,2,4,Home Health Care,2025-06-21,22,Low,0
P-5824,60,Male,Neurology,Transfer,Hip Fracture,1,0,1,4,5,Home,2025-05-26,41,Medium,1
P-5825,65,Male,ICU,Elective,Diabetes with Complications,2,0,10,1,6,Home,2025-05-19,60,Medium,0
P-5826,63,Male,Cardiology,Emergency,Hip Fracture,2,3,6,1,1,Home Health Care,2025-12-05,59,Medium,1
P-5827,74,Female,Emergency,Elective,Gastrointestinal Bleed,2,1,6,0,13,Home Health Care,2025-06-07,62,High,1
P-5828,76,Male,Emergency,Emergency,Hypertension,0,0,11,1,6,Home,2025-09-09,52,Medium,0
P-5829,45,Male,General Medicine,Emergency,Sepsis,2,0,6,1,8,Home,2025-07-26,38,Medium,1
P-5830,75,Female,Emergency,Emergency,Pneumonia,3,2,5,3,6,Home Health Care,2025-03-14,81,High,1
P-5831,43,Female,Neurology,Elective,Stroke,1,1,7,2,8,Home Health Care,2025-02-21,44,Medium,0
P-5832,71,Female,Cardiology,Emergency,Gastrointestinal Bleed,1,1,6,2,3,Skilled Nursing Facility,2025-01-17,53,Medium,1
P-5833,71,Male,Cardiology,Emergency,Hip Fracture,3,1,5,5,7,Home Health Care,2025-06-30,85,High,1
P-5834,31,Female,Neurology,Emergency,Hip Fracture,1,0,1,2,10,Home,2025-02-07,20,Low,0
P-5835,63,Male,ICU,Emergency,Stroke,0,2,1,5,5,Home Health Care,2025-10-28,54,Medium,1
P-5836,54,Male,General Medicine,Emergency,Acute Kidney Injury,2,1,1,1,7,Home,2025-10-26,34,Medium,0
P-5837,49,Male,General Medicine,Emergency,Diabetes with Complications,1,0,5,1,7,Home,2025-12-28,29,Low,0
P-5838,83,Female,Emergency,Elective,Acute Kidney Injury,2,0,4,3,4,Home,2025-01-16,64,High,1
P-5839,51,Male,General Medicine,Emergency,Acute Kidney Injury,1,0,4,1,14,Skilled Nursing Facility,2025-08-02,35,Medium,1
P-5840,49,Female,Cardiology,Emergency,Diabetes with Complications,2,2,3,2,3,Home,2025-02-15,45,Medium,0
P-5841,63,Female,Orthopedics,Emergency,Hypertension,1,1,8,2,11,Home Health Care,2025-06-15,63,High,1
P-5842,72,Male,Cardiology,Elective,Heart Failure,2,0,7,2,10,Home,2025-07-31,67,High,0
P-5843,59,Male,Emergency,Urgent,Acute Kidney Injury,1,0,1,3,4,Rehab,2025-02-25,33,Medium,0
P-5844,80,Male,ICU,Transfer,Sepsis,2,1,2,3,3,Home,2025-01-24,62,High,1
P-5845,70,Female,Emergency,Elective,Stroke,0,0,4,4,4,Home Health Care,2025-12-04,46,Medium,0
P-5846,27,Male,General Medicine,Emergency,Diabetes with Complications,1,1,1,5,6,Home Health Care,2025-03-24,35,Medium,0
P-5847,53,Male,Neurology,Emergency,Sepsis,2,1,1,0,8,Home,2025-09-02,29,Low,0
P-5848,53,Male,General Medicine,Emergency,Hip Fracture,2,1,1,1,5,Skilled Nursing Facility,2025-04-12,32,Medium,1
P-5849,69,Female,Emergency,Elective,Sepsis,1,0,19,1,1,Home Health Care,2025-04-06,73,High,0
P-5850,20,Male,Neurology,Emergency,Pneumonia,2,0,2,2,4,Home,2025-09-06,18,Low,0
P-5851,95,Male,Emergency,Elective,Pneumonia,0,0,3,4,3,Home,2025-09-23,58,Medium,0
P-5852,70,Male,General Medicine,Emergency,Stroke,2,0,5,0,1,Skilled Nursing Facility,2025-11-09,35,Medium,1
P-5853,64,Female,General Medicine,Emergency,Diabetes with Complications,1,0,2,1,5,Home,2025-08-21,27,Low,0
P-5854,80,Male,Emergency,Emergency,Pneumonia,1,0,8,2,3,Home,2025-04-16,58,Medium,0
P-5855,95,Female,Orthopedics,Elective,Stroke,3,1,5,3,7,Skilled Nursing Facility,2025-12-12,85,High,1
P-5856,75,Male,Cardiology,Emergency,Gastrointestinal Bleed,1,1,6,2,7,Home,2025-06-02,60,Medium,1
P-5857,77,Female,General Medicine,Elective,Heart Failure,2,0,1,5,9,Home Health Care,2025-07-22,71,High,1
P-5858,64,Female,General Medicine,Emergency,Acute Kidney Injury,1,2,6,2,11,Home,2025-05-11,64,High,0
P-5859,59,Female,Neurology,Emergency,Diabetes with Complications,3,0,1,5,6,Home,2025-12-29,66,High,0
P-5860,54,Male,Orthopedics,Emergency,Acute Kidney Injury,1,3,2,4,6,Home Health Care,2025-05-22,60,Medium,0
P-5861,48,Male,Emergency,Emergency,Sepsis,3,0,3,2,5,Skilled Nursing Facility,2025-09-03,43,Medium,0
P-5862,51,Male,General Medicine,Emergency,Hip Fracture,0,1,1,1,4,Home,2025-12-05,17,Low,0
P-5863,40,Female,Emergency,Emergency,Stroke,0,0,4,2,3,Home,2025-03-08,18,Low,0
P-5864,60,Female,Emergency,Emergency,Acute Kidney Injury,0,1,2,0,8,Home,2025-09-22,21,Low,1
P-5865,35,Male,Neurology,Urgent,Acute Kidney Injury,1,2,1,3,1,Against Medical Advice,2025-11-21,28,Low,1
P-5866,65,Female,Neurology,Emergency,Diabetes with Complications,3,0,2,3,3,Home,2025-08-14,55,Medium,1
P-5867,61,Male,Orthopedics,Emergency,Sepsis,4,1,4,3,8,Home,2025-09-19,77,High,0
P-5868,64,Female,Cardiology,Elective,Pneumonia,3,1,2,0,1,Against Medical Advice,2025-07-20,38,Medium,0
P-5869,53,Male,Orthopedics,Elective,Sepsis,1,2,3,0,8,Skilled Nursing Facility,2025-11-03,32,Medium,0
P-5870,95,Male,Neurology,Emergency,Pneumonia,2,1,6,5,1,Home Health Care,2025-10-22,86,High,1
P-5871,83,Male,Emergency,Elective,Diabetes with Complications,1,3,5,2,6,Home,2025-10-25,72,High,1
P-5872,42,Female,Emergency,Elective,Hip Fracture,3,1,7,0,4,Home,2025-08-11,42,Medium,1
P-5873,65,Female,General Medicine,Emergency,COPD,2,0,6,3,9,Home,2025-03-16,65,High,1
P-5874,52,Male,General Medicine,Emergency,Acute Kidney Injury,1,1,3,2,9,Home Health Care,2025-11-13,39,Medium,1
P-5875,45,Female,Pediatrics,Emergency,Gastrointestinal Bleed,1,0,4,1,4,Home,2025-02-10,22,Low,0
P-5876,40,Male,Emergency,Emergency,COPD,2,0,2,2,2,Home,2025-06-06,25,Low,1
P-5877,68,Male,General Medicine,Transfer,Heart Failure,1,0,13,3,5,Home,2025-04-06,73,High,1
P-5878,51,Male,General Medicine,Emergency,Sepsis,0,2,11,2,4,Skilled Nursing Facility,2025-01-26,54,Medium,0
P-5879,77,Female,Emergency,Emergency,Acute Kidney Injury,1,1,8,2,5,Home Health Care,2025-04-16,64,High,0
P-5880,77,Female,Orthopedics,Transfer,Hypertension,1,0,1,1,3,Home Health Care,2025-02-10,29,Low,0
P-5881,83,Female,Emergency,Elective,Pneumonia,1,2,7,4,8,Home,2025-11-20,83,High,1
P-5882,48,Female,Emergency,Elective,Acute Kidney Injury,2,1,12,3,4,Skilled Nursing Facility,2025-12-24,72,High,0
P-5883,69,Male,Cardiology,Elective,Hip Fracture,0,1,11,5,6,Home,2025-01-28,78,High,1
P-5884,72,Female,Emergency,Elective,Heart Failure,0,0,11,2,1,Home,2025-04-13,51,Medium,1
P-5885,54,Male,General Medicine,Elective,COPD,0,1,6,1,10,Rehab,2025-09-27,35,Medium,0
P-5886,49,Female,Neurology,Emergency,Pneumonia,1,0,2,3,8,Home,2025-08-11,34,Medium,0
P-5887,87,Male,Cardiology,Emergency,COPD,2,0,4,2,3,Home,2025-05-07,59,Medium,1
P-5888,65,Female,Emergency,Emergency,Diabetes with Complications,0,0,2,5,13,Home Health Care,2025-12-14,55,Medium,1
P-5889,72,Female,Cardiology,Emergency,Diabetes with Complications,0,1,8,1,5,Home,2025-05-12,46,Medium,1
P-5890,48,Male,General Medicine,Emergency,Diabetes with Complications,1,1,1,2,2,Home,2025-08-04,25,Low,0
P-5891,42,Female,Pediatrics,Elective,Pneumonia,0,1,2,1,5,Rehab,2025-07-28,16,Low,1
P-5892,52,Male,General Medicine,Emergency,Gastrointestinal Bleed,3,0,2,2,9,Home,2025-09-12,48,Medium,0
P-5893,60,Male,General Medicine,Emergency,Acute Kidney Injury,3,1,5,1,7,Home,2025-01-28,58,Medium,1
P-5894,44,Female,General Medicine,Elective,COPD,1,1,4,2,5,Home Health Care,2025-04-17,33,Medium,1
P-5895,61,Female,ICU,Elective,COPD,1,2,4,1,11,Home,2025-09-02,50,Medium,0
P-5896,34,Male,General Medicine,Urgent,Pneumonia,2,0,1,2,9,Home,2025-03-26,27,Low,0
P-5897,44,Male,General Medicine,Elective,Gastrointestinal Bleed,3,0,3,1,10,Home,2025-05-24,40,Medium,1
P-5898,72,Female,General Medicine,Transfer,Hypertension,2,0,12,0,4,Home,2025-01-11,61,High,0
P-5899,71,Female,Orthopedics,Elective,Heart Failure,0,0,13,0,7,Skilled Nursing Facility,2025-03-26,50,Medium,1
P-5900,55,Male,General Medicine,Elective,Sepsis,0,1,3,1,9,Skilled Nursing Facility,2025-07-12,27,Low,0
P-5901,45,Female,General Medicine,Urgent,COPD,1,2,2,1,1,Home,2025-07-27,24,Low,0
P-5902,45,Female,Neurology,Urgent,Hip Fracture,1,2,23,0,3,Home,2025-04-27,77,High,1
P-5903,56,Male,Pediatrics,Elective,Stroke,1,0,2,2,4,Home,2025-10-10,28,Low,1
P-5904,72,Male,General Medicine,Emergency,Pneumonia,2,1,9,0,6,Home,2025-07-07,61,High,1
P-5905,76,Male,Cardiology,Emergency,Acute Kidney Injury,0,2,2,0,7,Home Health Care,2025-01-31,33,Medium,1
P-5906,54,Female,Emergency,Urgent,COPD,4,1,11,2,9,Home,2025-05-27,84,High,1
P-5907,43,Male,General Medicine,Elective,COPD,1,0,1,3,1,Skilled Nursing Facility,2025-04-17,22,Low,0
P-5908,66,Female,ICU,Urgent,Hypertension,1,0,2,0,11,Home,2025-12-22,29,Low,0
P-5909,48,Male,ICU,Emergency,Hip Fracture,2,0,5,4,7,Skilled Nursing Facility,2025-06-01,57,Medium,1
P-5910,53,Female,ICU,Emergency,Gastrointestinal Bleed,1,0,1,2,3,Home,2025-09-26,23,Low,1
P-5911,83,Male,General Medicine,Emergency,COPD,0,3,3,4,8,Home Health Care,2025-02-28,73,High,1
P-5912,75,Female,Emergency,Urgent,Diabetes with Complications,1,0,3,3,1,Skilled Nursing Facility,2025-03-24,44,Medium,1
P-5913,64,Female,Emergency,Urgent,Heart Failure,0,1,4,6,6,Home,2025-05-18,65,High,1
P-5914,41,Male,Cardiology,Emergency,Hypertension,0,2,1,2,8,Home Health Care,2025-10-24,25,Low,0
P-5915,65,Female,General Medicine,Elective,COPD,1,0,5,4,4,Home Health Care,2025-02-05,55,Medium,1
P-5916,79,Male,Emergency,Emergency,Hip Fracture,0,1,3,5,8,Home,2025-11-14,66,High,1
P-5917,55,Female,Cardiology,Emergency,Acute Kidney Injury,0,1,2,3,9,Home,2025-03-14,37,Medium,1
P-5918,83,Female,General Medicine,Emergency,Diabetes with Complications,2,1,2,5,1,Home,2025-03-09,73,High,1
P-5919,82,Female,General Medicine,Elective,COPD,0,1,7,1,5,Home,2025-09-25,49,Medium,0
P-5920,88,Female,Emergency,Urgent,COPD,3,1,2,2,10,Home,2025-12-26,75,High,1
P-5921,66,Female,General Medicine,Emergency,Hypertension,2,0,6,4,3,Home,2025-12-07,65,High,1
P-5922,71,Other,Cardiology,Emergency,Acute Kidney Injury,2,1,1,2,3,Rehab,2025-12-25,46,Medium,0
P-5923,84,Male,General Medicine,Elective,Diabetes with Complications,0,0,16,3,10,Home Health Care,2025-02-13,84,High,1
P-5924,69,Male,Cardiology,Emergency,Stroke,2,0,1,2,8,Home,2025-07-06,45,Medium,1
P-5925,53,Female,Cardiology,Transfer,Acute Kidney Injury,1,0,3,1,9,Home,2025-09-03,28,Low,0
P-5926,54,Female,General Medicine,Urgent,COPD,1,0,5,1,11,Home Health Care,2025-11-11,36,Medium,0
P-5927,65,Female,General Medicine,Emergency,Hip Fracture,1,0,5,0,4,Home,2025-11-29,28,Low,1
P-5928,41,Male,Cardiology,Emergency,Diabetes with Complications,1,0,11,2,5,Home Health Care,2025-09-10,45,Medium,1
P-5929,59,Female,Cardiology,Emergency,Heart Failure,5,1,16,1,3,Home,2025-08-13,89,High,1
P-5930,79,Female,Orthopedics,Emergency,Sepsis,1,1,6,1,3,Home Health Care,2025-10-29,51,Medium,0
P-5931,26,Male,General Medicine,Elective,Hypertension,1,0,5,3,10,Home,2025-03-10,32,Medium,0
P-5932,86,Male,Emergency,Emergency,Hypertension,1,0,1,1,5,Home Health Care,2025-02-16,37,Medium,0
P-5933,79,Male,General Medicine,Urgent,Hip Fracture,2,2,3,1,8,Home,2025-07-20,63,High,0
P-5934,54,Male,Cardiology,Elective,Stroke,2,2,1,3,8,Home,2025-11-14,55,Medium,1
P-5935,70,Female,Emergency,Transfer,Gastrointestinal Bleed,1,0,3,1,3,Home,2025-01-08,31,Medium,1
P-5936,62,Female,ICU,Emergency,Heart Failure,1,1,1,1,6,Home,2025-11-19,30,Low,0
P-5937,81,Male,Emergency,Urgent,Pneumonia,0,0,7,5,1,Home,2025-10-19,65,High,1
P-5938,77,Female,ICU,Elective,Gastrointestinal Bleed,2,1,4,2,7,Home,2025-12-30,64,High,0
P-5939,39,Female,Emergency,Emergency,Acute Kidney Injury,3,0,1,4,5,Home,2025-09-29,45,Medium,1
P-5940,71,Male,Emergency,Emergency,Sepsis,1,1,4,2,1,Home Health Care,2025-09-18,44,Medium,0
P-5941,58,Female,Emergency,Urgent,Stroke,7,1,2,2,6,Home,2025-06-01,82,High,1
P-5942,63,Female,ICU,Emergency,Pneumonia,3,0,4,2,14,Rehab,2025-11-24,66,High,1
P-5943,50,Female,Emergency,Emergency,Stroke,2,1,2,3,9,Home,2025-04-03,51,Medium,1
P-5944,89,Male,General Medicine,Urgent,Pneumonia,1,0,7,0,4,Home,2025-12-28,48,Medium,0
P-5945,78,Female,Emergency,Emergency,Sepsis,4,1,1,1,4,Home Health Care,2025-07-11,62,High,0
P-5946,50,Male,General Medicine,Emergency,Hip Fracture,0,1,1,1,6,Home,2025-08-15,18,Low,0
P-5947,40,Male,Emergency,Elective,Stroke,2,1,4,3,8,Home Health Care,2025-07-30,49,Medium,0
P-5948,55,Male,Emergency,Elective,Acute Kidney Injury,2,0,5,0,3,Rehab,2025-06-11,29,Low,0
P-5949,68,Male,General Medicine,Emergency,Sepsis,2,0,1,0,4,Home,2025-03-23,27,Low,0
P-5950,65,Male,Pediatrics,Elective,COPD,0,2,5,3,5,Home,2025-11-02,53,Medium,1
P-5951,82,Male,Cardiology,Elective,Diabetes with Complications,3,2,2,1,1,Home Health Care,2025-04-13,62,High,0
P-5952,74,Female,ICU,Elective,Stroke,1,2,1,4,7,Home Health Care,2025-10-05,64,High,0
P-5953,77,Female,General Medicine,Elective,COPD,4,0,1,1,7,Home,2025-05-19,59,Medium,1
P-5954,67,Male,Neurology,Emergency,Sepsis,2,1,4,1,4,Home,2025-11-24,47,Medium,1
P-5955,39,Male,Pediatrics,Urgent,Hypertension,1,0,7,0,4,Against Medical Advice,2025-01-01,21,Low,0
P-5956,58,Female,Emergency,Emergency,Diabetes with Complications,1,0,5,2,3,Home,2025-09-14,36,Medium,0
P-5957,78,Male,Emergency,Transfer,Diabetes with Complications,3,0,10,6,7,Home,2025-09-29,93,High,1
P-5958,61,Male,General Medicine,Emergency,Sepsis,1,0,4,1,3,Against Medical Advice,2025-11-27,29,Low,0
P-5959,70,Female,General Medicine,Emergency,Hip Fracture,1,0,1,2,8,Skilled Nursing Facility,2025-05-21,37,Medium,0
P-5960,56,Male,General Medicine,Emergency,Heart Failure,0,0,9,5,9,Home,2025-06-20,65,High,1
P-5961,45,Male,Orthopedics,Elective,Hypertension,0,1,12,7,7,Home,2025-09-02,81,High,1
P-5962,60,Male,General Medicine,Emergency,Stroke,2,2,10,0,5,Home Health Care,2025-08-31,61,High,0
P-5963,66,Male,Emergency,Elective,Sepsis,1,0,1,2,5,Home,2025-10-27,32,Medium,0
P-5964,51,Female,Emergency,Urgent,Acute Kidney Injury,1,1,21,1,3,Home,2025-02-15,75,High,1
P-5965,58,Male,General Medicine,Emergency,Hypertension,0,1,15,1,7,Rehab,2025-11-14,61,High,0
P-5966,46,Female,Emergency,Emergency,Hip Fracture,1,2,9,1,4,Home,2025-05-06,47,Medium,0
P-5967,79,Female,Emergency,Urgent,Heart Failure,1,0,4,1,11,Home Health Care,2025-01-08,48,Medium,1
P-5968,57,Male,ICU,Emergency,Acute Kidney Injury,1,1,1,1,1,Home Health Care,2025-10-01,23,Low,1
P-5969,85,Male,Cardiology,Emergency,Sepsis,1,1,1,1,4,Home Health Care,2025-08-17,41,Medium,1
P-5970,86,Female,Emergency,Emergency,COPD,2,2,4,1,4,Skilled Nursing Facility,2025-07-28,65,High,1
P-5971,60,Female,Orthopedics,Emergency,Hypertension,1,1,11,2,7,Home,2025-05-10,65,High,1
P-5972,45,Male,Cardiology,Emergency,Hypertension,1,2,3,1,3,Home Health Care,2025-08-20,28,Low,0
P-5973,28,Male,Emergency,Elective,Diabetes with Complications,0,0,4,2,8,Home Health Care,2025-02-13,17,Low,0
P-5974,38,Female,Emergency,Emergency,Hip Fracture,3,1,3,0,7,Rehab,2025-12-29,32,Medium,0
P-5975,40,Male,Cardiology,Elective,Acute Kidney Injury,0,0,7,3,7,Home Health Care,2025-11-17,34,Medium,0
P-5976,84,Male,Pediatrics,Emergency,Hypertension,1,2,1,4,1,Skilled Nursing Facility,2025-10-16,63,High,1
P-5977,63,Male,Orthopedics,Emergency,Sepsis,1,0,6,2,4,Home,2025-10-02,43,Medium,0
P-5978,68,Male,ICU,Emergency,Gastrointestinal Bleed,4,0,7,3,9,Home,2025-06-05,82,High,1
P-5979,26,Male,General Medicine,Urgent,Diabetes with Complications,3,0,6,1,2,Home,2025-10-01,29,Low,0
P-5980,42,Male,Emergency,Emergency,Acute Kidney Injury,1,1,6,0,3,Home,2025-08-17,24,Low,0
P-5981,76,Female,Pediatrics,Emergency,Heart Failure,1,1,3,1,8,Home,2025-12-29,46,Medium,0
P-5982,66,Female,Emergency,Emergency,Pneumonia,1,1,3,3,2,Home,2025-05-29,46,Medium,0
P-5983,59,Male,Cardiology,Emergency,Sepsis,3,2,2,2,1,Against Medical Advice,2025-08-26,54,Medium,0
P-5984,71,Male,General Medicine,Emergency,Hip Fracture,0,2,6,1,4,Home,2025-01-16,44,Medium,0
P-5985,88,Female,Orthopedics,Emergency,Acute Kidney Injury,3,2,2,4,13,Home,2025-05-15,89,High,0
P-5986,58,Male,Cardiology,Emergency,COPD,0,2,4,5,2,Skilled Nursing Facility,2025-09-09,56,Medium,1
P-5987,63,Male,General Medicine,Transfer,Acute Kidney Injury,2,1,7,2,1,Home,2025-03-13,57,Medium,0
P-5988,65,Male,ICU,Emergency,COPD,1,1,1,2,12,Home,2025-12-24,45,Medium,1
P-5989,95,Male,Neurology,Elective,Diabetes with Complications,1,0,2,4,7,Home,2025-10-30,68,High,1
P-5990,28,Female,ICU,Emergency,Heart Failure,0,1,3,2,7,Home,2025-06-16,19,Low,0
P-5991,72,Female,Neurology,Emergency,Hip Fracture,2,0,5,1,1,Rehab,2025-03-16,43,Medium,1
P-5992,60,Male,Emergency,Transfer,Heart Failure,0,1,2,1,1,Skilled Nursing Facility,2025-11-03,20,Low,0
P-5993,71,Female,Emergency,Urgent,Diabetes with Complications,1,1,1,0,7,Skilled Nursing Facility,2025-03-29,30,Low,0
P-5994,51,Male,Pediatrics,Elective,Acute Kidney Injury,0,0,1,4,1,Skilled Nursing Facility,2025-03-23,24,Low,1
P-5995,61,Male,Pediatrics,Elective,Hip Fracture,0,2,2,5,9,Home,2025-04-05,60,Medium,0
P-5996,73,Male,General Medicine,Transfer,Hypertension,0,1,3,2,2,Home Health Care,2025-08-02,35,Medium,0
P-5997,95,Female,Cardiology,Elective,Pneumonia,3,2,1,2,9,Home Health Care,2025-08-21,79,High,1
P-5998,74,Male,Emergency,Emergency,Gastrointestinal Bleed,1,0,14,1,5,Rehab,2025-04-21,67,High,0
P-5999,48,Male,Emergency,Emergency,Sepsis,1,1,30,0,4,Home,2025-09-04,87,High,1
P-6000,55,Male,Emergency,Elective,Pneumonia,1,0,10,1,1,Home,2025-03-26,39,Medium,0
P-6001,54,Male,General Medicine,Elective,Hypertension,0,0,8,1,14,Home,2025-03-26,40,Medium,0
P-6002,33,Female,ICU,Elective,Stroke,1,0,3,3,3,Home,2025-10-13,24,Low,0
P-6003,56,Female,General Medicine,Emergency,Stroke,1,0,2,3,9,Home Health Care,2025-05-04,40,Medium,0
P-6004,73,Female,General Medicine,Urgent,Stroke,2,1,3,2,2,Home,2025-01-19,52,Medium,1
P-6005,41,Female,Cardiology,Elective,COPD,3,0,1,2,11,Home,2025-10-18,40,Medium,0
P-6006,78,Female,General Medicine,Elective,Sepsis,1,1,1,5,9,Home Health Care,2025-02-02,69,High,1
P-6007,69,Male,General Medicine,Emergency,Pneumonia,1,2,4,3,6,Home,2025-12-17,62,High,1
P-6008,50,Male,General Medicine,Transfer,COPD,1,0,12,4,4,Home,2025-12-05,66,High,1
P-6009,59,Male,ICU,Elective,Pneumonia,2,0,12,0,9,Rehab,2025-08-01,59,Medium,0
P-6010,87,Male,General Medicine,Elective,Pneumonia,1,0,6,3,4,Home Health Care,2025-11-27,64,High,1
P-6011,73,Male,Cardiology,Urgent,Heart Failure,1,0,3,2,7,Home Health Care,2025-08-04,44,Medium,1
P-6012,62,Male,Emergency,Urgent,Acute Kidney Injury,6,0,2,4,7,Skilled Nursing Facility,2025-10-21,84,High,1
P-6013,58,Male,General Medicine,Emergency,Pneumonia,2,0,3,2,9,Home,2025-01-15,46,Medium,1
P-6014,63,Female,General Medicine,Urgent,Heart Failure,3,0,19,2,6,Home,2025-01-30,89,High,1
P-6015,53,Female,Cardiology,Elective,Gastrointestinal Bleed,0,2,9,6,1,Home,2025-01-19,72,High,1
P-6016,28,Male,General Medicine,Emergency,COPD,0,0,3,3,1,Home,2025-07-19,15,Low,0
P-6017,94,Male,Pediatrics,Emergency,Gastrointestinal Bleed,2,1,9,3,2,Home,2025-11-17,83,High,1
P-6018,64,Female,Cardiology,Emergency,Diabetes with Complications,2,0,7,4,10,Home,2025-07-01,74,High,1
P-6019,68,Male,Orthopedics,Elective,Diabetes with Complications,1,0,3,5,9,Home,2025-09-04,64,High,1
P-6020,61,Male,General Medicine,Elective,COPD,1,1,4,3,9,Skilled Nursing Facility,2025-12-05,55,Medium,1
P-6021,50,Male,General Medicine,Emergency,COPD,2,1,3,2,2,Home,2025-06-29,38,Medium,0
P-6022,59,Female,Cardiology,Urgent,Acute Kidney Injury,0,2,1,2,8,Against Medical Advice,2025-01-25,34,Medium,0
P-6023,36,Female,Cardiology,Urgent,Heart Failure,1,0,2,2,3,Home,2025-06-20,18,Low,1
P-6024,95,Female,Neurology,Elective,Acute Kidney Injury,3,0,1,2,6,Home Health Care,2025-03-17,67,High,1
P-6025,42,Male,Emergency,Urgent,Hypertension,3,0,10,1,2,Skilled Nursing Facility,2025-12-15,50,Medium,1
P-6026,45,Male,ICU,Urgent,Diabetes with Complications,1,0,4,2,7,Skilled Nursing Facility,2025-07-06,30,Low,1
P-6027,54,Male,General Medicine,Emergency,Acute Kidney Injury,1,1,3,3,3,Home,2025-04-04,40,Medium,1
P-6028,82,Female,Cardiology,Elective,Hypertension,1,0,1,3,9,Home,2025-10-09,53,Medium,1
P-6029,62,Female,General Medicine,Transfer,Hypertension,0,1,1,3,8,Home,2025-03-14,37,Medium,0
P-6030,42,Male,General Medicine,Emergency,Sepsis,2,0,2,0,5,Home Health Care,2025-12-14,19,Low,1
P-6031,82,Female,Orthopedics,Transfer,Pneumonia,1,1,3,0,1,Home,2025-02-20,35,Medium,1
P-6032,73,Male,General Medicine,Emergency,COPD,3,0,5,4,5,Home,2025-09-28,76,High,1
P-6033,70,Female,Cardiology,Emergency,Acute Kidney Injury,1,0,2,5,6,Home,2025-11-09,58,Medium,1
P-6034,73,Female,Emergency,Elective,Sepsis,3,1,3,1,5,Home,2025-03-02,58,Medium,1
P-6035,95,Male,General Medicine,Elective,Gastrointestinal Bleed,3,3,6,5,6,Home,2025-01-26,95,High,1
P-6036,95,Female,Emergency,Elective,Gastrointestinal Bleed,2,1,1,3,8,Skilled Nursing Facility,2025-01-29,73,High,0
P-6037,51,Male,Pediatrics,Emergency,Sepsis,1,0,4,4,3,Home Health Care,2025-02-07,42,Medium,0
P-6038,87,Male,General Medicine,Elective,Heart Failure,0,1,2,1,8,Home,2025-10-26,41,Medium,0
P-6039,68,Female,ICU,Elective,Sepsis,2,1,7,3,9,Home Health Care,2025-06-30,75,High,1
P-6040,69,Female,Orthopedics,Emergency,Hypertension,2,2,2,4,8,Home,2025-07-25,73,High,0
P-6041,34,Male,Cardiology,Elective,Pneumonia,2,1,1,3,10,Home Health Care,2025-03-30,39,Medium,0
P-6042,59,Female,Cardiology,Urgent,Acute Kidney Injury,0,2,8,1,3,Home,2025-11-15,42,Medium,1
P-6043,48,Female,General Medicine,Emergency,Acute Kidney Injury,1,2,7,3,1,Home Health Care,2025-05-12,52,Medium,0
P-6044,75,Male,Orthopedics,Emergency,Hypertension,0,0,3,5,10,Home,2025-09-16,61,High,1
P-6045,79,Male,Emergency,Emergency,COPD,2,0,1,2,6,Home,2025-01-26,49,Medium,1
P-6046,28,Female,Cardiology,Elective,Pneumonia,3,0,3,2,6,Home,2025-08-24,33,Medium,1
P-6047,61,Male,Emergency,Emergency,Heart Failure,0,0,3,3,11,Home,2025-11-24,40,Medium,0
P-6048,79,Female,Emergency,Emergency,Stroke,0,1,1,2,1,Home,2025-01-11,32,Medium,0
P-6049,59,Male,Emergency,Emergency,Hip Fracture,0,0,3,0,3,Rehab,2025-05-18,15,Low,0
P-6050,73,Male,Cardiology,Emergency,Acute Kidney Injury,0,1,8,2,11,Home,2025-05-13,61,High,1
P-6051,67,Male,General Medicine,Emergency,Hip Fracture,3,0,4,6,4,Home,2025-12-15,80,High,1
P-6052,67,Female,Neurology,Emergency,COPD,3,2,1,0,3,Home Health Care,2025-08-31,45,Medium,0
P-6053,57,Female,Emergency,Emergency,Hip Fracture,2,1,10,3,7,Home,2025-04-24,74,High,0
P-6054,42,Male,Cardiology,Emergency,Pneumonia,1,0,7,2,9,Home,2025-08-26,39,Medium,1
P-6055,44,Male,Orthopedics,Urgent,Hip Fracture,0,0,4,1,5,Home,2025-05-08,17,Low,0
P-6056,73,Female,General Medicine,Emergency,Sepsis,2,2,2,0,6,Home Health Care,2025-09-22,47,Medium,0
P-6057,62,Male,Neurology,Urgent,Gastrointestinal Bleed,1,0,1,2,7,Home Health Care,2025-05-06,32,Medium,0
P-6058,59,Male,Cardiology,Elective,Acute Kidney Injury,1,0,7,4,8,Rehab,2025-10-30,62,High,0
P-6059,55,Male,Cardiology,Emergency,Heart Failure,3,2,5,1,8,Home,2025-04-11,62,High,0
P-6060,57,Male,Emergency,Emergency,Hip Fracture,1,0,8,4,7,Home,2025-04-06,62,High,0
P-6061,78,Male,General Medicine,Transfer,Pneumonia,0,0,6,3,2,Skilled Nursing Facility,2025-06-14,48,Medium,0
P-6062,56,Male,Emergency,Elective,Acute Kidney Injury,0,0,1,1,5,Home Health Care,2025-11-12,16,Low,0
P-6063,40,Male,General Medicine,Emergency,Diabetes with Complications,2,0,3,2,2,Rehab,2025-11-09,27,Low,0
P-6064,73,Female,Cardiology,Emergency,Stroke,1,1,2,0,9,Home,2025-06-29,36,Medium,0
P-6065,58,Male,Emergency,Emergency,Acute Kidney Injury,1,1,10,0,5,Home,2025-09-12,45,Medium,0
P-6066,62,Female,General Medicine,Urgent,Stroke,1,0,2,1,6,Home,2025-02-07,27,Low,0
P-6067,87,Female,Emergency,Urgent,Stroke,0,0,4,4,6,Home,2025-03-02,59,Medium,0
P-6068,61,Male,General Medicine,Emergency,Acute Kidney Injury,1,0,4,4,4,Home,2025-08-21,49,Medium,0
P-6069,66,Female,Emergency,Emergency,Acute Kidney Injury,0,0,5,5,5,Home,2025-12-10,55,Medium,1
P-6070,43,Male,Emergency,Emergency,Gastrointestinal Bleed,2,1,5,3,2,Home,2025-03-27,47,Medium,0
P-6071,58,Male,Emergency,Transfer,Pneumonia,2,1,5,1,4,Skilled Nursing Facility,2025-05-16,45,Medium,1
P-6072,71,Female,Emergency,Elective,Hip Fracture,1,0,2,1,5,Home,2025-03-02,31,Medium,0
P-6073,37,Female,ICU,Urgent,Heart Failure,1,0,4,2,8,Home,2025-12-02,27,Low,1
P-6074,65,Female,General Medicine,Emergency,COPD,2,0,1,1,3,Rehab,2025-04-24,30,Low,0
P-6075,63,Female,Orthopedics,Elective,Diabetes with Complications,0,0,4,2,11,Home,2025-03-24,37,Medium,1
P-6076,62,Male,Emergency,Emergency,Pneumonia,1,0,5,3,1,Home,2025-10-26,42,Medium,1
P-6077,78,Male,ICU,Urgent,Sepsis,1,2,7,4,10,Skilled Nursing Facility,2025-05-29,83,High,0
P-6078,67,Male,Pediatrics,Emergency,COPD,4,0,1,1,2,Home,2025-09-12,47,Medium,0
P-6079,85,Female,Cardiology,Urgent,Heart Failure,2,1,5,1,1,Skilled Nursing Facility,2025-03-24,58,Medium,1
P-6080,46,Female,Cardiology,Emergency,Acute Kidney Injury,2,1,2,2,4,Home,2025-10-14,35,Medium,0
P-6081,64,Female,Emergency,Elective,Pneumonia,1,0,3,3,8,Home,2025-03-25,46,Medium,1
P-6082,63,Male,General Medicine,Emergency,Diabetes with Complications,1,1,3,3,1,Skilled Nursing Facility,2025-01-08,43,Medium,1
P-6083,44,Male,Cardiology,Emergency,COPD,2,1,1,4,4,Home Health Care,2025-08-30,45,Medium,0
P-6084,77,Female,General Medicine,Emergency,COPD,1,0,2,2,7,Home Health Care,2025-10-01,43,Medium,0
P-6085,95,Female,Emergency,Elective,Pneumonia,1,0,1,1,5,Home,2025-03-21,42,Medium,1
P-6086,61,Male,Cardiology,Emergency,Acute Kidney Injury,0,0,17,2,5,Home,2025-10-08,66,High,1
P-6087,70,Male,Emergency,Emergency,Acute Kidney Injury,0,1,1,1,8,Home,2025-11-15,29,Low,0
P-6088,63,Male,General Medicine,Emergency,Hip Fracture,0,1,5,2,9,Home,2025-02-04,43,Medium,0
P-6089,50,Male,General Medicine,Emergency,Hypertension,3,0,1,2,5,Home,2025-07-12,38,Medium,0
P-6090,32,Female,Cardiology,Emergency,Stroke,1,1,6,0,7,Home,2025-08-22,23,Low,0
P-6091,50,Female,Cardiology,Emergency,Gastrointestinal Bleed,0,1,10,2,8,Home,2025-11-26,49,Medium,0
P-6092,39,Female,General Medicine,Emergency,Stroke,1,0,3,1,2,Home,2025-04-28,16,Low,0
P-6093,89,Male,Orthopedics,Emergency,Diabetes with Complications,1,0,6,3,6,Home,2025-08-23,68,High,0
P-6094,60,Male,Emergency,Urgent,Pneumonia,2,0,5,0,1,Home Health Care,2025-11-03,30,Low,1
P-6095,56,Male,General Medicine,Emergency,Sepsis,0,2,5,2,11,Home,2025-08-28,48,Medium,1
P-6096,76,Female,Cardiology,Elective,Heart Failure,0,0,1,2,9,Home,2025-11-24,34,Medium,0
P-6097,44,Female,Emergency,Emergency,Hip Fracture,2,2,8,0,4,Home,2025-05-25,44,Medium,0
P-6098,49,Male,ICU,Transfer,Stroke,1,0,4,4,7,Skilled Nursing Facility,2025-11-19,46,Medium,0
P-6099,63,Male,General Medicine,Emergency,Sepsis,0,2,2,3,1,Home Health Care,2025-03-09,38,Medium,1
P-6100,78,Male,Emergency,Urgent,Acute Kidney Injury,0,1,3,5,12,Skilled Nursing Facility,2025-12-25,70,High,1
P-6101,70,Male,Orthopedics,Emergency,Hypertension,2,0,6,1,4,Home Health Care,2025-11-13,49,Medium,1
P-6102,65,Female,General Medicine,Emergency,Acute Kidney Injury,2,0,5,1,8,Home,2025-05-03,48,Medium,0
P-6103,63,Female,Orthopedics,Emergency,Hip Fracture,1,0,1,1,2,Home,2025-09-03,22,Low,0
P-6104,68,Male,Cardiology,Emergency,Hip Fracture,2,1,5,2,12,Home Health Care,2025-09-25,67,High,1
P-6105,65,Female,Cardiology,Emergency,Pneumonia,1,0,4,0,6,Home,2025-06-03,28,Low,0
P-6106,45,Female,Pediatrics,Emergency,Gastrointestinal Bleed,0,1,5,3,1,Home,2025-07-09,30,Low,1
P-6107,62,Male,General Medicine,Urgent,Pneumonia,3,2,7,2,7,Home Health Care,2025-10-21,76,High,0
P-6108,44,Male,Orthopedics,Emergency,Hypertension,0,0,2,4,6,Home,2025-04-30,28,Low,1
P-6109,63,Female,ICU,Emergency,Hip Fracture,1,1,3,1,2,Skilled Nursing Facility,2025-12-09,31,Medium,0
P-6110,54,Female,Emergency,Elective,Stroke,0,1,5,3,8,Home,2025-05-23,44,Medium,1
P-6111,95,Male,General Medicine,Elective,Gastrointestinal Bleed,1,0,7,2,5,Home Health Care,2025-02-28,66,High,1
P-6112,61,Female,ICU,Emergency,Gastrointestinal Bleed,0,0,5,0,9,Against Medical Advice,2025-08-21,25,Low,0
P-6113,39,Male,General Medicine,Elective,Heart Failure,0,0,1,1,4,Home Health Care,2025-04-07,11,Low,0
P-6114,59,Female,Emergency,Emergency,Heart Failure,1,0,22,1,5,Home,2025-03-23,78,High,1
P-6115,70,Female,ICU,Emergency,Pneumonia,3,2,1,3,6,Skilled Nursing Facility,2025-11-10,70,High,1
P-6116,88,Female,Cardiology,Emergency,Stroke,2,3,10,2,7,Home,2025-03-22,89,High,1
P-6117,52,Female,Cardiology,Emergency,Pneumonia,1,0,11,6,5,Home,2025-08-10,77,High,1
P-6118,36,Male,Cardiology,Emergency,Pneumonia,2,0,2,4,9,Skilled Nursing Facility,2025-01-06,43,Medium,1
P-6119,75,Female,General Medicine,Emergency,COPD,2,1,7,2,1,Home,2025-11-06,64,High,1
P-6120,39,Female,Cardiology,Emergency,Hip Fracture,1,2,3,3,12,Home,2025-12-22,48,Medium,1
P-6121,55,Female,Cardiology,Elective,Heart Failure,0,0,3,1,9,Home,2025-08-23,23,Low,0
P-6122,57,Female,Orthopedics,Elective,COPD,2,0,1,3,9,Home Health Care,2025-03-15,46,Medium,0
P-6123,60,Female,Emergency,Elective,COPD,2,1,3,2,6,Home,2025-11-16,49,Medium,0
P-6124,73,Male,Emergency,Elective,Hip Fracture,0,1,5,3,3,Home Health Care,2025-05-09,49,Medium,0
P-6125,51,Male,General Medicine,Urgent,Stroke,2,0,4,6,9,Home,2025-10-01,71,High,0
P-6126,57,Female,Neurology,Urgent,COPD,2,1,2,6,8,Home,2025-04-08,73,High,0
P-6127,61,Female,ICU,Urgent,Hip Fracture,3,1,4,1,4,Against Medical Advice,2025-07-18,52,Medium,0
P-6128,64,Female,Emergency,Emergency,Pneumonia,2,1,10,5,5,Home,2025-09-15,85,High,1
P-6129,63,Female,General Medicine,Emergency,Hypertension,2,0,8,2,5,Home,2025-05-23,59,Medium,0
P-6130,68,Female,Emergency,Emergency,Stroke,3,2,1,0,3,Home,2025-04-26,46,Medium,0
P-6131,75,Female,General Medicine,Emergency,Gastrointestinal Bleed,2,0,4,3,8,Home Health Care,2025-12-31,64,High,1
P-6132,68,Male,Pediatrics,Emergency,Sepsis,1,1,5,3,5,Home Health Care,2025-11-23,57,Medium,1
P-6133,69,Female,Neurology,Emergency,COPD,0,0,4,5,7,Skilled Nursing Facility,2025-06-17,56,Medium,1
P-6134,36,Male,Cardiology,Transfer,COPD,0,1,5,2,7,Home,2025-03-21,26,Low,0
P-6135,62,Male,Cardiology,Emergency,Heart Failure,2,2,6,4,1,Home,2025-04-23,72,High,1
P-6136,69,Male,Pediatrics,Emergency,Sepsis,5,1,3,1,10,Home Health Care,2025-11-06,76,High,0
P-6137,73,Male,Emergency,Emergency,Pneumonia,1,2,2,1,13,Home Health Care,2025-05-03,54,Medium,0
P-6138,50,Male,Cardiology,Elective,Pneumonia,1,3,3,6,3,Home Health Care,2025-05-07,70,High,0
P-6139,51,Male,General Medicine,Emergency,Heart Failure,1,1,1,0,6,Home Health Care,2025-12-21,20,Low,0
P-6140,52,Male,Cardiology,Emergency,Stroke,2,0,7,0,11,Home,2025-03-06,42,Medium,0
P-6141,70,Male,Cardiology,Transfer,Gastrointestinal Bleed,3,0,7,4,8,Home,2025-06-12,81,High,1
P-6142,78,Male,Orthopedics,Elective,Pneumonia,1,1,13,1,1,Home Health Care,2025-11-09,68,High,1
P-6143,55,Female,Cardiology,Elective,Stroke,1,0,11,2,5,Home,2025-01-03,54,Medium,1
P-6144,76,Female,ICU,Transfer,Gastrointestinal Bleed,2,2,1,3,5,Home,2025-03-28,65,High,0
P-6145,63,Female,Cardiology,Emergency,Pneumonia,2,1,4,4,3,Home,2025-07-05,64,High,0
P-6146,60,Male,General Medicine,Elective,Gastrointestinal Bleed,5,0,6,4,5,Home,2025-07-27,84,High,1
P-6147,58,Female,Cardiology,Emergency,Diabetes with Complications,0,3,8,1,8,Home,2025-04-04,53,Medium,1
P-6148,73,Male,Emergency,Elective,Pneumonia,0,0,2,3,3,Home,2025-12-06,34,Medium,0
P-6149,67,Male,General Medicine,Emergency,COPD,1,1,20,3,10,Home Health Care,2025-04-03,91,High,1
P-6150,95,Female,Orthopedics,Emergency,Stroke,2,1,4,3,10,Home,2025-12-22,81,High,1
P-6151,48,Female,Cardiology,Emergency,Gastrointestinal Bleed,1,2,3,2,5,Home Health Care,2025-05-31,38,Medium,0
P-6152,70,Female,Orthopedics,Emergency,Heart Failure,3,1,3,2,3,Home Health Care,2025-01-05,60,Medium,0
P-6153,53,Female,Cardiology,Emergency,Gastrointestinal Bleed,3,2,1,3,11,Home,2025-12-02,66,High,0
P-6154,48,Male,General Medicine,Emergency,Hypertension,2,2,4,2,1,Home,2025-09-29,45,Medium,1
P-6155,61,Female,Emergency,Elective,Acute Kidney Injury,1,0,1,2,10,Home,2025-06-17,34,Medium,0
P-6156,64,Female,Cardiology,Emergency,COPD,1,0,9,5,8,Home,2025-08-30,76,High,1
P-6157,95,Female,General Medicine,Emergency,Sepsis,1,0,1,4,10,Home,2025-08-27,68,High,0
P-6158,59,Female,Cardiology,Elective,Hypertension,3,1,9,3,1,Home,2025-07-30,74,High,0
P-6159,43,Male,Cardiology,Elective,Acute Kidney Injury,2,2,8,3,6,Home Health Care,2025-07-27,66,High,1
P-6160,66,Male,Emergency,Emergency,Acute Kidney Injury,1,1,2,5,3,Rehab,2025-02-15,58,Medium,0
P-6161,28,Male,General Medicine,Emergency,Acute Kidney Injury,0,3,1,1,6,Home,2025-02-25,18,Low,0
P-6162,60,Male,Cardiology,Elective,Hip Fracture,1,0,10,0,7,Home,2025-04-15,43,Medium,1
P-6163,62,Male,Cardiology,Emergency,Hypertension,0,0,8,5,13,Skilled Nursing Facility,2025-03-26,70,High,1
P-6164,74,Male,ICU,Emergency,Hip Fracture,0,1,5,2,2,Home Health Care,2025-03-06,42,Medium,1
P-6165,77,Female,Emergency,Emergency,Hypertension,0,2,1,1,4,Home,2025-10-04,34,Medium,1
P-6166,53,Female,Emergency,Urgent,COPD,3,0,4,1,2,Against Medical Advice,2025-07-20,39,Medium,0
P-6167,59,Female,Cardiology,Emergency,Gastrointestinal Bleed,0,0,13,1,8,Home,2025-11-17,50,Medium,0
P-6168,49,Male,ICU,Emergency,Hip Fracture,1,0,1,1,12,Home Health Care,2025-04-01,25,Low,0
P-6169,43,Male,Emergency,Urgent,Sepsis,1,0,4,3,6,Home Health Care,2025-05-05,34,Medium,0
P-6170,66,Female,General Medicine,Emergency,Diabetes with Complications,1,0,8,5,5,Home,2025-02-26,71,High,1
P-6171,41,Male,General Medicine,Emergency,Gastrointestinal Bleed,0,2,5,2,11,Home,2025-01-12,39,Medium,1
P-6172,55,Female,Orthopedics,Emergency,Sepsis,3,1,3,1,9,Home,2025-11-11,52,Medium,1
P-6173,46,Female,ICU,Transfer,Hip Fracture,1,0,11,0,1,Home,2025-08-17,30,Low,0
P-6174,70,Male,Pediatrics,Urgent,Sepsis,1,0,4,0,9,Home,2025-04-09,34,Medium,0
P-6175,90,Female,Emergency,Elective,Acute Kidney Injury,1,0,10,0,5,Home,2025-06-02,59,Medium,1
P-6176,41,Male,Pediatrics,Emergency,Stroke,1,0,5,3,2,Home,2025-04-04,31,Medium,1
P-6177,32,Female,Cardiology,Emergency,COPD,1,2,2,2,11,Home,2025-07-19,33,Medium,0
P-6178,60,Male,Emergency,Emergency,Hypertension,3,1,11,4,3,Home,2025-08-01,84,High,1
P-6179,62,Male,Emergency,Emergency,Pneumonia,0,1,10,2,2,Home Health Care,2025-01-28,49,Medium,1
P-6180,65,Female,Emergency,Elective,Stroke,1,0,2,1,1,Home,2025-11-21,24,Low,1
P-6181,54,Female,Orthopedics,Elective,Diabetes with Complications,5,0,2,2,2,Skilled Nursing Facility,2025-03-06,57,Medium,1
P-6182,58,Female,General Medicine,Urgent,Hypertension,1,0,18,1,3,Skilled Nursing Facility,2025-05-03,67,High,1
P-6183,67,Male,Pediatrics,Emergency,Pneumonia,1,1,3,2,6,Home,2025-08-26,45,Medium,0
P-6184,78,Female,General Medicine,Elective,Heart Failure,3,0,28,2,3,Home,2025-08-07,97,High,1
P-6185,30,Female,Emergency,Elective,Heart Failure,2,0,2,2,5,Home Health Care,2025-05-31,23,Low,0
P-6186,56,Female,ICU,Emergency,Diabetes with Complications,3,3,1,5,4,Home,2025-02-15,77,High,0
P-6187,65,Female,Pediatrics,Urgent,Heart Failure,1,1,1,1,6,Skilled Nursing Facility,2025-03-20,32,Medium,0
P-6188,47,Female,General Medicine,Emergency,Diabetes with Complications,3,0,2,0,9,Home,2025-08-22,31,Medium,0
P-6189,89,Female,General Medicine,Elective,Heart Failure,0,3,4,1,4,Home Health Care,2025-03-25,56,Medium,1
P-6190,51,Female,Emergency,Urgent,Pneumonia,3,0,2,3,6,Home Health Care,2025-05-11,50,Medium,0
P-6191,61,Male,Emergency,Emergency,Gastrointestinal Bleed,0,2,4,2,4,Home,2025-06-19,39,Medium,0
P-6192,70,Male,Neurology,Emergency,Gastrointestinal Bleed,2,1,1,0,10,Home,2025-11-27,41,Medium,1
P-6193,52,Female,Cardiology,Emergency,Hip Fracture,1,1,16,4,2,Home,2025-11-24,79,High,1
P-6194,32,Female,Cardiology,Elective,Gastrointestinal Bleed,1,1,2,3,13,Home,2025-11-02,36,Medium,1
P-6195,55,Female,Cardiology,Elective,COPD,1,1,17,0,2,Home,2025-12-28,60,Medium,0
P-6196,78,Male,General Medicine,Emergency,Hip Fracture,1,1,4,4,12,Home,2025-12-04,74,High,1
P-6197,56,Male,ICU,Elective,Acute Kidney Injury,5,1,3,4,4,Skilled Nursing Facility,2025-07-28,80,High,1
P-6198,48,Male,ICU,Urgent,COPD,1,1,1,1,4,Home,2025-02-20,21,Low,0
P-6199,76,Male,Cardiology,Urgent,COPD,2,2,1,2,3,Home Health Care,2025-03-04,56,Medium,1
P-6200,56,Male,Emergency,Emergency,Diabetes with Complications,2,0,4,5,3,Home,2025-10-02,61,High,0
P-6201,53,Female,Emergency,Emergency,Hypertension,2,0,2,3,2,Home,2025-12-06,38,Medium,1
P-6202,64,Male,ICU,Urgent,Gastrointestinal Bleed,1,1,1,0,7,Skilled Nursing Facility,2025-05-27,26,Low,0
P-6203,74,Female,Pediatrics,Emergency,Gastrointestinal Bleed,2,1,1,2,2,Home,2025-08-12,47,Medium,1
P-6204,95,Male,Pediatrics,Elective,Heart Failure,0,1,4,4,1,Home,2025-03-20,64,High,1
P-6205,75,Other,Cardiology,Elective,COPD,1,2,2,0,2,Home,2025-03-06,35,Medium,1
P-6206,80,Female,General Medicine,Emergency,Gastrointestinal Bleed,0,2,8,1,7,Home,2025-02-02,60,Medium,1
P-6207,53,Male,General Medicine,Emergency,COPD,2,0,1,2,10,Home,2025-08-09,38,Medium,0
P-6208,45,Other,Cardiology,Emergency,Diabetes with Complications,3,1,1,3,13,Home,2025-09-23,58,Medium,1
P-6209,62,Female,Cardiology,Emergency,Diabetes with Complications,2,0,13,1,8,Home,2025-09-27,69,High,1
P-6210,63,Male,Emergency,Emergency,Hypertension,1,0,1,2,11,Home,2025-05-26,37,Medium,0
P-6211,44,Female,Emergency,Urgent,Gastrointestinal Bleed,4,1,9,0,10,Home Health Care,2025-12-08,65,High,1
P-6212,59,Male,Cardiology,Emergency,COPD,2,0,10,2,1,Skilled Nursing Facility,2025-12-08,57,Medium,0
P-6213,68,Female,Orthopedics,Emergency,Heart Failure,1,0,14,3,9,Home,2025-08-26,79,High,0
P-6214,67,Female,Emergency,Emergency,Heart Failure,4,0,4,4,6,Home,2025-10-07,78,High,1
P-6215,70,Female,General Medicine,Emergency,Heart Failure,1,1,5,1,13,Home,2025-04-14,54,Medium,0
P-6216,66,Male,Cardiology,Emergency,Hip Fracture,6,1,3,2,4,Home,2025-03-30,81,High,1
P-6217,53,Male,Emergency,Emergency,Heart Failure,0,1,17,1,10,Skilled Nursing Facility,2025-12-20,67,High,1
P-6218,53,Male,Emergency,Emergency,Acute Kidney Injury,4,1,6,3,12,Home Health Care,2025-08-05,81,High,1
P-6219,42,Male,Emergency,Emergency,Gastrointestinal Bleed,3,0,6,1,7,Home,2025-11-23,44,Medium,1
P-6220,90,Male,General Medicine,Emergency,COPD,1,2,2,4,11,Home,2025-11-03,79,High,0
P-6221,62,Female,General Medicine,Elective,Gastrointestinal Bleed,2,2,2,3,3,Home,2025-07-26,57,Medium,1
P-6222,58,Female,Emergency,Emergency,Acute Kidney Injury,0,1,4,0,7,Skilled Nursing Facility,2025-09-09,24,Low,0
P-6223,47,Female,General Medicine,Emergency,Gastrointestinal Bleed,0,2,1,5,12,Home Health Care,2025-01-17,52,Medium,1
P-6224,95,Male,Neurology,Urgent,Diabetes with Complications,2,2,3,2,10,Home,2025-05-10,78,High,1
P-6225,44,Male,General Medicine,Elective,Hip Fracture,0,1,4,2,6,Home,2025-06-20,27,Low,0
P-6226,55,Male,Cardiology,Emergency,Stroke,1,0,7,3,1,Home,2025-07-01,44,Medium,1
P-6227,68,Male,General Medicine,Emergency,Stroke,0,2,4,1,1,Skilled Nursing Facility,2025-06-26,33,Medium,0
P-6228,71,Male,Cardiology,Elective,Pneumonia,0,2,3,0,1,Home,2025-05-09,27,Low,0
P-6229,77,Male,Orthopedics,Emergency,Hypertension,2,1,1,2,6,Home,2025-08-10,54,Medium,1
P-6230,90,Female,Emergency,Emergency,Diabetes with Complications,2,2,6,4,5,Home,2025-08-11,86,High,1
P-6231,70,Female,Emergency,Emergency,Hypertension,0,2,7,1,4,Home,2025-01-06,47,Medium,1
P-6232,45,Male,ICU,Urgent,Heart Failure,1,0,9,1,5,Home,2025-05-31,35,Medium,0
P-6233,57,Female,Emergency,Elective,Heart Failure,2,1,1,1,3,Home Health Care,2025-03-16,32,Medium,1
P-6234,66,Male,Neurology,Emergency,Stroke,3,0,4,2,6,Home,2025-01-28,58,Medium,0
P-6235,95,Female,ICU,Emergency,Gastrointestinal Bleed,2,1,3,1,1,Skilled Nursing Facility,2025-10-25,58,Medium,0
P-6236,39,Male,Emergency,Emergency,Heart Failure,2,0,7,2,8,Home Health Care,2025-12-14,44,Medium,1
P-6237,81,Male,Neurology,Emergency,Hypertension,2,0,4,2,16,Home,2025-01-20,70,High,1
P-6238,64,Male,Emergency,Urgent,COPD,1,1,8,2,9,Home Health Care,2025-07-26,62,High,0
P-6239,75,Male,Emergency,Emergency,Diabetes with Complications,1,3,1,1,15,Home,2025-03-11,60,Medium,0
P-6240,60,Female,General Medicine,Transfer,Hip Fracture,0,0,1,1,11,Home,2025-07-22,22,Low,0
P-6241,48,Female,Emergency,Emergency,Gastrointestinal Bleed,3,0,2,2,3,Rehab,2025-06-28,38,Medium,0
P-6242,74,Female,Cardiology,Emergency,Pneumonia,3,1,3,2,4,Home,2025-12-24,64,High,1
P-6243,72,Male,ICU,Emergency,Pneumonia,4,0,7,4,3,Home,2025-12-27,83,High,1
P-6244,77,Female,General Medicine,Elective,Stroke,2,2,3,3,14,Home,2025-06-19,79,High,1
P-6245,61,Female,Neurology,Emergency,Gastrointestinal Bleed,2,0,7,0,10,Home,2025-11-04,47,Medium,1
P-6246,52,Female,Cardiology,Elective,Stroke,2,1,9,1,6,Home,2025-10-14,55,Medium,0
P-6247,37,Female,Cardiology,Emergency,Stroke,0,2,4,3,4,Home,2025-03-11,32,Medium,1
P-6248,75,Female,Emergency,Emergency,Diabetes with Complications,1,2,15,3,1,Home,2025-02-13,85,High,1
P-6249,68,Female,Orthopedics,Elective,Heart Failure,1,0,1,2,7,Home Health Care,2025-12-22,35,Medium,1
P-6250,46,Female,Cardiology,Emergency,Diabetes with Complications,3,1,2,0,7,Skilled Nursing Facility,2025-04-18,34,Medium,0
P-6251,53,Male,Orthopedics,Emergency,Sepsis,1,0,28,0,4,Home,2025-03-07,82,High,1
P-6252,54,Male,ICU,Emergency,Hypertension,0,1,1,4,3,Home,2025-04-14,33,Medium,0
P-6253,38,Female,Neurology,Emergency,Hip Fracture,1,0,11,4,8,Home,2025-11-08,61,High,1
P-6254,48,Female,General Medicine,Elective,Hip Fracture,2,0,12,2,5,Home,2025-11-23,61,High,1
P-6255,43,Male,General Medicine,Emergency,Sepsis,2,0,5,1,4,Home,2025-06-01,30,Low,0
P-6256,55,Female,Emergency,Urgent,Diabetes with Complications,1,0,1,2,6,Skilled Nursing Facility,2025-03-18,27,Low,1
P-6257,50,Male,General Medicine,Urgent,Gastrointestinal Bleed,1,0,4,3,8,Home,2025-06-11,41,Medium,1
P-6258,35,Male,Cardiology,Emergency,Hypertension,4,2,1,2,7,Home,2025-01-28,53,Medium,1
P-6259,94,Male,ICU,Emergency,COPD,2,1,2,1,6,Rehab,2025-03-06,60,Medium,1
P-6260,82,Female,Emergency,Elective,Acute Kidney Injury,0,1,1,4,9,Home Health Care,2025-07-19,57,Medium,0
P-6261,49,Male,Orthopedics,Urgent,Heart Failure,1,1,1,1,2,Home,2025-09-19,20,Low,0
P-6262,66,Male,General Medicine,Emergency,Gastrointestinal Bleed,0,0,6,4,6,Home,2025-07-21,52,Medium,1
P-6263,68,Male,Emergency,Urgent,Hypertension,1,0,19,3,12,Rehab,2025-08-26,89,High,1
P-6264,81,Female,General Medicine,Urgent,Heart Failure,0,1,7,1,1,Home,2025-01-05,44,Medium,0
P-6265,48,Female,Cardiology,Emergency,Stroke,1,0,3,4,7,Home,2025-12-16,42,Medium,1
P-6266,79,Male,Orthopedics,Elective,Gastrointestinal Bleed,0,1,2,2,4,Home,2025-03-17,38,Medium,0
P-6267,53,Female,General Medicine,Emergency,Pneumonia,7,2,23,0,6,Home,2025-08-05,97,High,1
P-6268,40,Female,General Medicine,Elective,Diabetes with Complications,1,0,2,2,9,Home,2025-12-25,25,Low,0
P-6269,73,Male,Emergency,Emergency,Hypertension,0,0,1,2,6,Home Health Care,2025-04-30,29,Low,0
P-6270,82,Female,Pediatrics,Emergency,Hip Fracture,0,1,2,5,9,Home,2025-04-15,67,High,0
P-6271,95,Male,Orthopedics,Elective,COPD,1,0,2,4,4,Home Health Care,2025-11-08,64,High,1
P-6272,42,Male,General Medicine,Emergency,Heart Failure,2,1,4,1,5,Home,2025-07-04,33,Medium,0
P-6273,73,Female,Emergency,Elective,Hip Fracture,2,0,6,1,5,Home,2025-02-13,52,Medium,1
P-6274,55,Female,General Medicine,Urgent,Sepsis,0,0,5,1,8,Home Health Care,2025-06-06,26,Low,0
P-6275,74,Male,General Medicine,Emergency,Sepsis,3,0,5,1,1,Rehab,2025-12-20,53,Medium,0
P-6276,38,Male,Emergency,Emergency,COPD,2,0,10,2,5,Skilled Nursing Facility,2025-06-05,49,Medium,0
P-6277,41,Female,Emergency,Elective,Sepsis,3,0,4,2,8,Home,2025-09-03,45,Medium,1
P-6278,49,Female,Emergency,Emergency,Diabetes with Complications,1,1,1,2,11,Home,2025-03-07,34,Medium,1
P-6279,63,Male,General Medicine,Urgent,Sepsis,1,0,3,6,3,Home Health Care,2025-05-15,60,Medium,0
P-6280,51,Female,Emergency,Emergency,Diabetes with Complications,0,0,6,2,2,Home,2025-12-19,26,Low,1
P-6281,72,Male,Cardiology,Elective,Sepsis,1,1,4,2,5,Home Health Care,2025-12-26,50,Medium,1
P-6282,78,Male,General Medicine,Emergency,Gastrointestinal Bleed,1,0,4,1,6,Rehab,2025-09-08,42,Medium,0
P-6283,71,Female,Emergency,Emergency,Stroke,3,0,2,2,6,Home,2025-11-06,56,Medium,1
P-6284,87,Female,ICU,Emergency,COPD,4,1,2,2,4,Home Health Care,2025-02-03,75,High,1
P-6285,68,Male,Emergency,Emergency,Heart Failure,1,0,3,0,1,Home,2025-10-10,22,Low,0
P-6286,42,Female,Orthopedics,Emergency,Gastrointestinal Bleed,4,1,1,0,5,Skilled Nursing Facility,2025-02-05,35,Medium,0
P-6287,83,Male,General Medicine,Elective,Heart Failure,0,1,3,1,9,Home Health Care,2025-02-25,43,Medium,0
P-6288,52,Female,Emergency,Emergency,Acute Kidney Injury,2,1,4,3,8,Home,2025-06-29,57,Medium,0
P-6289,76,Male,Neurology,Emergency,Stroke,0,0,1,0,1,Skilled Nursing Facility,2025-01-03,16,Low,0
P-6290,87,Male,ICU,Emergency,Hypertension,1,0,1,2,1,Home Health Care,2025-03-10,39,Medium,1
P-6291,69,Male,Pediatrics,Elective,Hypertension,1,0,1,1,6,Home,2025-09-21,28,Low,0
P-6292,38,Female,Cardiology,Elective,Sepsis,0,0,3,2,7,Rehab,2025-11-09,19,Low,0
P-6293,47,Male,ICU,Emergency,Pneumonia,1,0,4,3,9,Home,2025-02-23,40,Medium,1
P-6294,83,Male,Emergency,Urgent,Hip Fracture,0,1,1,4,9,Against Medical Advice,2025-09-21,58,Medium,0
P-6295,59,Male,Emergency,Urgent,Stroke,0,0,11,1,1,Home,2025-07-25,36,Medium,0
P-6296,63,Male,Emergency,Emergency,Gastrointestinal Bleed,2,2,4,3,12,Home,2025-12-08,73,High,0
P-6297,74,Male,General Medicine,Elective,Heart Failure,0,1,5,6,6,Home,2025-06-03,73,High,1
P-6298,73,Female,Orthopedics,Emergency,Hip Fracture,2,1,1,2,6,Home,2025-03-10,51,Medium,0
P-6299,66,Male,Emergency,Urgent,COPD,4,0,1,0,13,Home Health Care,2025-04-09,53,Medium,1
P-6300,58,Female,Emergency,Emergency,Stroke,1,1,4,1,12,Home,2025-04-21,43,Medium,1
P-6301,56,Female,Cardiology,Transfer,Stroke,0,1,7,2,3,Rehab,2025-12-27,38,Medium,1
P-6302,75,Female,ICU,Emergency,COPD,2,3,9,1,4,Home,2025-02-17,77,High,1
P-6303,70,Female,General Medicine,Emergency,Hip Fracture,3,1,4,0,15,Home,2025-02-27,64,High,0
P-6304,57,Female,ICU,Elective,Heart Failure,0,0,5,2,7,Skilled Nursing Facility,2025-04-04,32,Medium,0
P-6305,79,Female,General Medicine,Elective,Acute Kidney Injury,4,0,5,0,5,Home Health Care,2025-11-09,63,High,1
P-6306,59,Male,Emergency,Elective,COPD,1,2,2,1,4,Home Health Care,2025-12-30,34,Medium,1
P-6307,48,Female,Cardiology,Urgent,COPD,2,1,17,2,10,Home,2025-09-11,82,High,1
P-6308,49,Female,Emergency,Elective,Pneumonia,1,2,17,1,5,Home Health Care,2025-05-19,72,High,1
P-6309,46,Male,Cardiology,Elective,Heart Failure,3,0,5,3,1,Home,2025-10-13,50,Medium,1
P-6310,57,Male,Emergency,Emergency,Acute Kidney Injury,1,0,3,2,10,Against Medical Advice,2025-03-09,38,Medium,1
P-6311,81,Female,General Medicine,Emergency,Hip Fracture,1,2,9,2,4,Home Health Care,2025-03-27,73,High,1
P-6312,49,Female,Emergency,Emergency,Hypertension,2,1,1,3,5,Skilled Nursing Facility,2025-07-08,42,Medium,0
P-6313,65,Male,Cardiology,Elective,Sepsis,3,0,5,2,3,Home Health Care,2025-03-11,57,Medium,0
P-6314,51,Female,General Medicine,Emergency,Heart Failure,3,1,8,6,1,Home,2025-08-30,83,High,1
P-6315,57,Male,Cardiology,Emergency,Acute Kidney Injury,1,2,1,2,5,Home Health Care,2025-07-08,38,Medium,0
P-6316,37,Male,General Medicine,Emergency,Sepsis,3,1,3,4,7,Home,2025-08-12,59,Medium,0
P-6317,58,Female,Emergency,Urgent,Gastrointestinal Bleed,2,1,2,1,8,Home,2025-04-09,41,Medium,0
P-6318,58,Female,Emergency,Emergency,Gastrointestinal Bleed,2,1,8,2,5,Home,2025-05-25,62,High,0
P-6319,70,Female,Orthopedics,Emergency,Acute Kidney Injury,0,1,12,0,9,Home,2025-05-20,55,Medium,0
P-6320,65,Male,General Medicine,Emergency,Pneumonia,0,0,1,5,12,Home Health Care,2025-03-06,51,Medium,0
P-6321,42,Female,ICU,Emergency,Sepsis,2,1,1,2,5,Home,2025-05-23,32,Medium,0
P-6322,79,Male,Cardiology,Emergency,Hip Fracture,2,2,15,4,4,Home Health Care,2025-01-09,93,High,1
P-6323,65,Female,Orthopedics,Emergency,Acute Kidney Injury,0,1,4,1,8,Skilled Nursing Facility,2025-02-25,34,Medium,1
P-6324,65,Male,ICU,Emergency,Hip Fracture,4,1,1,0,3,Home,2025-07-14,46,Medium,1
P-6325,61,Male,Emergency,Urgent,Heart Failure,3,0,1,3,14,Home,2025-10-18,63,High,1
P-6326,53,Female,General Medicine,Elective,Hip Fracture,1,2,15,1,10,Home,2025-09-09,74,High,1
P-6327,65,Male,General Medicine,Emergency,Diabetes with Complications,2,1,3,2,9,Home,2025-10-02,56,Medium,1
P-6328,69,Female,General Medicine,Elective,Stroke,0,1,13,3,4,Home,2025-06-19,71,High,1
P-6329,34,Male,General Medicine,Elective,Diabetes with Complications,1,0,4,3,6,Home,2025-06-18,29,Low,0
P-6330,53,Male,General Medicine,Elective,Pneumonia,2,0,6,6,4,Home Health Care,2025-03-15,72,High,1
P-6331,57,Male,Orthopedics,Emergency,Acute Kidney Injury,0,2,2,3,8,Home,2025-10-22,43,Medium,0
P-6332,66,Female,General Medicine,Emergency,Hypertension,3,1,1,3,3,Home,2025-11-24,59,Medium,0
P-6333,81,Male,Emergency,Elective,Stroke,3,0,7,3,12,Rehab,2025-04-05,84,High,1
P-6334,49,Female,Emergency,Emergency,Gastrointestinal Bleed,1,1,1,4,3,Against Medical Advice,2025-09-19,38,Medium,1
P-6335,54,Female,General Medicine,Emergency,Acute Kidney Injury,1,1,6,2,1,Home Health Care,2025-12-28,40,Medium,1
P-6336,53,Male,Orthopedics,Emergency,Heart Failure,0,2,1,3,10,Home,2025-01-02,40,Medium,1
P-6337,49,Male,Cardiology,Elective,Pneumonia,1,1,4,2,9,Skilled Nursing Facility,2025-05-26,40,Medium,1
P-6338,56,Male,Emergency,Emergency,Acute Kidney Injury,1,0,7,1,6,Home,2025-06-23,37,Medium,1
P-6339,74,Female,Neurology,Emergency,Pneumonia,0,0,1,3,5,Home,2025-05-20,35,Medium,1
P-6340,45,Male,General Medicine,Urgent,Hip Fracture,3,2,3,5,7,Home,2025-05-22,75,High,1
P-6341,68,Male,Cardiology,Urgent,Hip Fracture,2,0,4,3,9,Home,2025-09-03,62,High,1
P-6342,34,Male,General Medicine,Emergency,Heart Failure,3,1,8,5,10,Rehab,2025-12-19,79,High,1
P-6343,53,Female,Pediatrics,Emergency,Hip Fracture,2,1,2,1,5,Skilled Nursing Facility,2025-03-14,34,Medium,1
P-6344,56,Female,Orthopedics,Elective,COPD,1,0,8,3,14,Home,2025-12-06,63,High,1
P-6345,88,Female,General Medicine,Emergency,Sepsis,1,2,5,2,4,Home,2025-09-25,67,High,0
P-6346,57,Female,Cardiology,Elective,Hypertension,1,1,2,3,2,Home,2025-01-02,38,Medium,1
P-6347,26,Male,Orthopedics,Elective,Hip Fracture,0,0,2,5,8,Skilled Nursing Facility,2025-02-18,27,Low,0
P-6348,30,Male,Emergency,Emergency,Diabetes with Complications,0,0,6,2,3,Home,2025-10-15,18,Low,0
P-6349,62,Female,Orthopedics,Emergency,Hip Fracture,1,2,6,2,9,Home,2025-03-26,61,High,0
P-6350,71,Female,Emergency,Emergency,Stroke,5,0,5,3,11,Home,2025-11-19,86,High,1
P-6351,68,Male,ICU,Elective,COPD,1,1,3,1,9,Home,2025-12-02,42,Medium,1
P-6352,64,Male,Emergency,Emergency,Acute Kidney Injury,0,1,1,2,8,Rehab,2025-01-09,32,Medium,0
P-6353,80,Female,Cardiology,Emergency,Sepsis,1,0,4,0,1,Rehab,2025-05-16,31,Medium,1
P-6354,53,Male,General Medicine,Emergency,Pneumonia,0,1,5,1,9,Home,2025-10-29,31,Medium,0
P-6355,76,Male,Pediatrics,Emergency,Diabetes with Complications,1,0,2,1,2,Home,2025-05-02,30,Low,1
P-6356,35,Female,General Medicine,Emergency,Diabetes with Complications,2,0,2,2,5,Home,2025-11-08,25,Low,0
P-6357,47,Female,Orthopedics,Emergency,COPD,0,0,9,2,1,Home Health Care,2025-03-14,30,Low,1
P-6358,33,Male,Emergency,Elective,Stroke,0,2,1,4,3,Home,2025-05-19,27,Low,0
P-6359,57,Male,General Medicine,Emergency,Heart Failure,1,0,2,1,7,Home,2025-10-13,26,Low,1
P-6360,61,Male,Orthopedics,Emergency,Heart Failure,2,2,5,2,6,Home,2025-01-21,62,High,0
P-6361,63,Female,General Medicine,Urgent,COPD,0,0,2,5,7,Home,2025-10-26,47,Medium,0
P-6362,62,Other,Emergency,Elective,Gastrointestinal Bleed,2,0,3,3,1,Home Health Care,2025-06-19,45,Medium,0
P-6363,47,Female,General Medicine,Elective,Acute Kidney Injury,1,0,4,2,8,Home,2025-06-23,32,Medium,0
P-6364,58,Male,General Medicine,Emergency,Heart Failure,2,1,13,3,13,Home,2025-12-18,85,High,0
P-6365,38,Male,Cardiology,Emergency,Pneumonia,1,1,2,4,3,Home Health Care,2025-06-18,35,Medium,1
P-6366,83,Female,Orthopedics,Elective,Sepsis,5,0,1,1,5,Home Health Care,2025-09-28,68,High,0
P-6367,57,Male,Pediatrics,Urgent,Pneumonia,2,0,1,0,1,Home,2025-12-26,20,Low,0
P-6368,54,Female,Emergency,Urgent,Sepsis,1,2,1,2,8,Home,2025-12-25,40,Medium,0
P-6369,87,Female,General Medicine,Urgent,Sepsis,0,0,7,2,13,Skilled Nursing Facility,2025-05-02,63,High,0
P-6370,42,Male,General Medicine,Emergency,Acute Kidney Injury,1,2,18,3,5,Home,2025-02-06,81,High,1
P-6371,43,Female,General Medicine,Urgent,Hypertension,1,0,1,2,8,Home Health Care,2025-12-05,23,Low,1
P-6372,44,Male,Emergency,Urgent,Acute Kidney Injury,3,0,2,0,7,Home,2025-10-14,28,Low,0
P-6373,60,Female,Orthopedics,Emergency,Gastrointestinal Bleed,2,0,9,2,8,Home,2025-11-21,63,High,0
P-6374,68,Male,Emergency,Emergency,Pneumonia,2,0,11,2,3,Home,2025-06-21,67,High,1
P-6375,73,Female,ICU,Emergency,Hypertension,2,1,2,2,5,Home,2025-05-25,53,Medium,0
P-6376,95,Female,Orthopedics,Emergency,Stroke,2,2,12,3,3,Home,2025-07-18,91,High,1
P-6377,26,Male,General Medicine,Emergency,COPD,3,1,4,2,3,Skilled Nursing Facility,2025-05-08,36,Medium,1
P-6378,71,Male,Orthopedics,Urgent,Diabetes with Complications,2,0,24,2,6,Home,2025-09-12,93,High,1
P-6379,53,Male,Cardiology,Urgent,Hypertension,2,1,1,4,9,Home Health Care,2025-08-18,57,Medium,1
P-6380,52,Male,ICU,Urgent,Pneumonia,0,1,7,1,4,Home Health Care,2025-10-12,30,Low,0
P-6381,52,Female,Neurology,Emergency,Pneumonia,0,0,1,5,7,Home,2025-04-21,37,Medium,0
P-6382,47,Male,Cardiology,Emergency,Pneumonia,2,1,6,4,8,Home Health Care,2025-12-28,66,High,1
P-6383,88,Male,Orthopedics,Elective,Pneumonia,2,2,13,5,6,Home Health Care,2025-09-27,95,High,1
P-6384,75,Male,Orthopedics,Emergency,Hypertension,1,0,2,1,10,Home,2025-01-30,39,Medium,0
P-6385,62,Female,General Medicine,Emergency,Sepsis,2,1,2,5,6,Home,2025-09-19,68,High,1
P-6386,83,Female,Cardiology,Elective,Sepsis,4,0,2,1,1,Against Medical Advice,2025-02-16,59,Medium,1
P-6387,37,Male,General Medicine,Emergency,Gastrointestinal Bleed,0,0,3,3,9,Home Health Care,2025-09-28,25,Low,1
P-6388,40,Female,Orthopedics,Emergency,Hip Fracture,3,1,3,1,3,Home Health Care,2025-05-06,35,Medium,0
P-6389,27,Female,Emergency,Emergency,Hypertension,3,2,4,1,10,Home Health Care,2025-01-01,45,Medium,0
P-6390,50,Male,Emergency,Urgent,Stroke,1,3,6,3,10,Home Health Care,2025-03-11,67,High,1
P-6391,64,Female,Emergency,Emergency,Diabetes with Complications,0,1,5,2,3,Home,2025-05-27,37,Medium,0
P-6392,63,Male,ICU,Emergency,Hypertension,1,1,1,3,12,Against Medical Advice,2025-05-13,51,Medium,0
P-6393,64,Male,Orthopedics,Transfer,Diabetes with Complications,1,0,5,0,12,Home Health Care,2025-11-13,37,Medium,1
P-6394,39,Female,Orthopedics,Emergency,Heart Failure,4,0,1,3,1,Skilled Nursing Facility,2025-02-02,42,Medium,0
P-6395,74,Male,Pediatrics,Emergency,Stroke,0,2,4,2,4,Home,2025-08-28,47,Medium,1
P-6396,65,Female,General Medicine,Elective,Stroke,2,1,4,5,5,Skilled Nursing Facility,2025-06-25,73,High,1
P-6397,73,Male,General Medicine,Emergency,Heart Failure,2,1,3,1,6,Home Health Care,2025-01-15,50,Medium,0
P-6398,31,Male,Cardiology,Emergency,Sepsis,0,1,3,2,11,Home Health Care,2025-09-02,23,Low,0
P-6399,66,Female,General Medicine,Urgent,Stroke,1,0,3,2,2,Home,2025-10-28,34,Medium,1
P-6400,42,Female,General Medicine,Emergency,Heart Failure,2,1,2,2,5,Home Health Care,2025-06-13,34,Medium,1
P-6401,55,Female,Neurology,Elective,Sepsis,0,0,8,0,12,Home,2025-03-21,32,Medium,0
P-6402,70,Male,Orthopedics,Emergency,Hypertension,0,2,3,3,6,Home Health Care,2025-12-01,51,Medium,0
P-6403,63,Female,Neurology,Emergency,Gastrointestinal Bleed,0,1,4,2,9,Home,2025-10-30,40,Medium,0
P-6404,48,Female,Orthopedics,Emergency,Heart Failure,3,0,1,2,1,Home,2025-06-03,33,Medium,0
P-6405,62,Female,Orthopedics,Emergency,Diabetes with Complications,1,2,3,2,12,Home,2025-03-05,55,Medium,0
P-6406,37,Female,ICU,Emergency,Diabetes with Complications,2,0,3,1,11,Home,2025-06-09,29,Low,0
P-6407,80,Female,Orthopedics,Emergency,Hypertension,1,0,3,5,6,Home Health Care,2025-03-08,67,High,1
P-6408,58,Male,General Medicine,Emergency,Pneumonia,1,0,3,4,5,Home,2025-06-18,46,Medium,0
P-6409,79,Male,Emergency,Elective,COPD,2,0,2,0,7,Home,2025-06-02,39,Medium,1
P-6410,53,Male,ICU,Emergency,Stroke,5,0,8,2,5,Home Health Care,2025-10-03,76,High,1
P-6411,53,Female,General Medicine,Emergency,Pneumonia,0,1,1,3,9,Home Health Care,2025-11-20,33,Medium,1
P-6412,49,Male,Emergency,Elective,Stroke,0,1,4,2,4,Against Medical Advice,2025-03-09,27,Low,0
P-6413,76,Female,Emergency,Emergency,Acute Kidney Injury,5,2,2,1,2,Home,2025-12-17,74,High,1
P-6414,50,Male,General Medicine,Urgent,Acute Kidney Injury,2,1,6,3,9,Home Health Care,2025-09-15,62,High,1
P-6415,72,Female,Neurology,Elective,Stroke,1,0,6,2,3,Home,2025-07-05,47,Medium,0
P-6416,55,Male,Orthopedics,Transfer,Stroke,2,1,6,3,6,Skilled Nursing Facility,2025-09-24,62,High,0
P-6417,30,Female,Emergency,Emergency,Stroke,1,2,10,1,11,Home Health Care,2025-06-16,48,Medium,0
P-6418,52,Male,Emergency,Urgent,Gastrointestinal Bleed,0,0,7,3,2,Home Health Care,2025-10-23,35,Medium,1
P-6419,43,Female,Cardiology,Elective,Heart Failure,0,0,2,3,2,Home,2025-08-31,19,Low,0
P-6420,62,Female,Emergency,Elective,Heart Failure,0,0,3,1,6,Against Medical Advice,2025-12-07,23,Low,0
P-6421,42,Female,Cardiology,Urgent,Pneumonia,2,1,10,7,6,Rehab,2025-07-15,85,High,1
P-6422,76,Male,Pediatrics,Elective,Sepsis,2,0,8,0,8,Home,2025-12-02,56,Medium,1
P-6423,60,Male,General Medicine,Urgent,Diabetes with Complications,2,2,12,1,12,Home,2025-10-04,79,High,1
P-6424,59,Female,Cardiology,Emergency,Gastrointestinal Bleed,1,1,9,3,1,Skilled Nursing Facility,2025-03-15,59,Medium,0
P-6425,72,Male,Emergency,Elective,Heart Failure,1,0,1,1,6,Home,2025-05-06,30,Low,0
P-6426,77,Male,Emergency,Emergency,Acute Kidney Injury,2,0,2,2,1,Home,2025-11-11,44,Medium,1
P-6427,61,Female,Emergency,Emergency,Stroke,4,3,2,4,8,Home Health Care,2025-03-19,85,High,1
P-6428,49,Male,ICU,Elective,Hypertension,1,1,3,4,4,Home Health Care,2025-11-21,45,Medium,0
P-6429,33,Male,Pediatrics,Transfer,Pneumonia,1,0,2,2,8,Home,2025-02-11,21,Low,0
P-6430,51,Female,Cardiology,Elective,Diabetes with Complications,1,2,7,1,8,Home,2025-12-17,49,Medium,1
P-6431,52,Male,ICU,Elective,Pneumonia,0,1,6,0,8,Home,2025-09-06,26,Low,0
P-6432,63,Male,ICU,Elective,Stroke,1,2,1,3,6,Skilled Nursing Facility,2025-01-14,50,Medium,0
P-6433,56,Female,General Medicine,Emergency,Heart Failure,1,2,1,5,1,Skilled Nursing Facility,2025-04-27,53,Medium,1
P-6434,73,Male,Cardiology,Emergency,Hip Fracture,1,3,2,1,2,Home Health Care,2025-09-13,46,Medium,0
P-6435,52,Female,ICU,Emergency,Pneumonia,1,1,2,3,8,Home,2025-10-02,42,Medium,1
P-6436,61,Male,Emergency,Emergency,Acute Kidney Injury,2,0,6,1,10,Home Health Care,2025-11-07,51,Medium,1
P-6437,80,Female,General Medicine,Elective,Hypertension,1,1,3,1,1,Home,2025-09-11,40,Medium,0
P-6438,67,Male,Cardiology,Urgent,Acute Kidney Injury,0,1,3,1,1,Home Health Care,2025-06-06,25,Low,0
P-6439,61,Male,Emergency,Emergency,Sepsis,2,1,1,3,12,Home,2025-09-29,58,Medium,0
P-6440,52,Male,Emergency,Emergency,Stroke,1,0,3,2,7,Home,2025-04-02,31,Medium,0
P-6441,51,Male,Cardiology,Emergency,Heart Failure,0,0,3,1,1,Home,2025-05-08,15,Low,0
P-6442,48,Female,Emergency,Emergency,Sepsis,1,0,6,1,2,Skilled Nursing Facility,2025-08-05,26,Low,1
P-6443,53,Male,ICU,Emergency,Diabetes with Complications,1,1,2,3,4,Skilled Nursing Facility,2025-03-12,38,Medium,0
P-6444,74,Female,ICU,Emergency,Hypertension,2,1,6,0,2,Home,2025-12-20,48,Medium,1
P-6445,58,Female,Emergency,Emergency,Pneumonia,1,0,6,1,3,Home,2025-01-10,32,Medium,0
P-6446,40,Female,Cardiology,Urgent,Acute Kidney Injury,2,0,5,1,7,Home,2025-12-26,32,Medium,1
P-6447,90,Male,ICU,Emergency,Heart Failure,1,1,2,2,6,Home,2025-10-20,56,Medium,1
P-6448,67,Male,Emergency,Elective,Stroke,0,0,1,2,7,Rehab,2025-05-18,27,Low,1
P-6449,39,Female,Neurology,Elective,Heart Failure,2,1,2,0,8,Home,2025-01-30,24,Low,0
P-6450,54,Female,General Medicine,Emergency,Hip Fracture,3,0,12,3,4,Skilled Nursing Facility,2025-08-28,76,High,1
P-6451,63,Female,Orthopedics,Urgent,Sepsis,0,0,10,1,11,Home Health Care,2025-07-07,48,Medium,0
P-6452,89,Male,Orthopedics,Elective,Heart Failure,2,1,1,3,8,Home,2025-12-15,70,High,1
P-6453,44,Female,Pediatrics,Emergency,Stroke,0,0,2,3,7,Home Health Care,2025-11-19,24,Low,0
P-6454,77,Female,General Medicine,Emergency,Hypertension,3,1,1,4,4,Home Health Care,2025-11-01,72,High,0
P-6455,84,Male,General Medicine,Elective,Pneumonia,1,1,2,4,8,Home Health Care,2025-08-22,68,High,1
P-6456,51,Female,Emergency,Emergency,Stroke,1,1,8,1,8,Home,2025-02-21,45,Medium,1
P-6457,57,Male,Cardiology,Emergency,Hip Fracture,1,1,4,3,8,Home,2025-02-16,51,Medium,0
P-6458,45,Male,General Medicine,Emergency,Hypertension,0,1,10,3,9,Home Health Care,2025-05-04,54,Medium,0
P-6459,58,Female,Pediatrics,Emergency,Pneumonia,0,0,15,2,8,Home,2025-06-21,62,High,1
P-6460,61,Male,Emergency,Elective,Acute Kidney Injury,0,1,2,2,7,Skilled Nursing Facility,2025-01-31,32,Medium,1
P-6461,72,Female,General Medicine,Urgent,Hypertension,1,0,4,2,10,Home,2025-04-03,50,Medium,0
P-6462,79,Male,Emergency,Elective,Diabetes with Complications,0,0,7,3,2,Home,2025-01-13,51,Medium,1
P-6463,50,Male,Emergency,Emergency,Diabetes with Complications,2,0,5,3,11,Home Health Care,2025-01-18,56,Medium,0
P-6464,30,Male,Emergency,Urgent,Heart Failure,3,2,2,1,6,Home,2025-05-18,36,Medium,0
P-6465,61,Other,Emergency,Elective,Pneumonia,1,1,18,5,2,Home,2025-07-08,89,High,1
P-6466,66,Male,Emergency,Elective,COPD,0,0,6,1,11,Home,2025-09-25,38,Medium,1
P-6467,65,Male,General Medicine,Emergency,Pneumonia,0,1,1,4,6,Home,2025-07-22,43,Medium,1
P-6468,56,Female,Orthopedics,Emergency,Hip Fracture,1,1,4,0,7,Home,2025-06-08,30,Low,0
P-6469,63,Male,Orthopedics,Urgent,Heart Failure,1,0,1,2,5,Home,2025-08-28,30,Low,0
P-6470,86,Male,Cardiology,Emergency,Acute Kidney Injury,1,2,6,3,8,Home Health Care,2025-09-01,78,High,1
P-6471,68,Male,Orthopedics,Elective,Stroke,1,1,1,4,9,Home,2025-06-14,57,Medium,0
P-6472,56,Male,Emergency,Elective,Gastrointestinal Bleed,1,1,2,1,4,Home Health Care,2025-04-08,27,Low,1
P-6473,53,Male,Emergency,Emergency,Heart Failure,0,1,2,0,3,Skilled Nursing Facility,2025-02-27,15,Low,0
P-6474,59,Male,General Medicine,Elective,Gastrointestinal Bleed,1,0,10,3,8,Home Health Care,2025-03-17,64,High,0
P-6475,88,Male,Emergency,Emergency,Gastrointestinal Bleed,2,2,10,3,2,Home Health Care,2025-09-05,86,High,1
P-6476,59,Female,ICU,Elective,COPD,0,1,8,0,8,Home,2025-01-02,35,Medium,0
P-6477,61,Male,Emergency,Transfer,Hypertension,0,0,7,1,6,Home,2025-10-18,32,Medium,0
P-6478,54,Female,General Medicine,Transfer,Acute Kidney Injury,1,2,14,4,6,Home,2025-09-17,83,High,0
P-6479,79,Female,Emergency,Urgent,Sepsis,1,1,1,6,2,Home Health Care,2025-08-17,68,High,1
P-6480,93,Male,General Medicine,Emergency,COPD,0,1,8,3,6,Home Health Care,2025-11-24,73,High,1
P-6481,69,Female,General Medicine,Elective,Sepsis,3,0,6,2,5,Rehab,2025-09-04,65,High,1
P-6482,63,Male,General Medicine,Elective,Acute Kidney Injury,3,1,6,2,1,Home Health Care,2025-07-15,62,High,0
P-6483,62,Male,Orthopedics,Emergency,Pneumonia,1,0,3,2,4,Home,2025-02-19,34,Medium,0
P-6484,23,Male,Emergency,Emergency,Pneumonia,0,4,5,3,4,Home Health Care,2025-04-18,38,Medium,1
P-6485,73,Female,Cardiology,Elective,Gastrointestinal Bleed,3,3,2,2,6,Home,2025-03-16,74,High,0
P-6486,64,Male,Emergency,Emergency,Acute Kidney Injury,2,0,4,1,5,Skilled Nursing Facility,2025-07-18,40,Medium,0
P-6487,68,Male,Emergency,Urgent,Pneumonia,0,0,16,1,2,Home,2025-12-13,57,Medium,1
P-6488,50,Male,General Medicine,Emergency,Hip Fracture,1,2,6,2,1,Home,2025-02-28,43,Medium,0
P-6489,55,Female,ICU,Emergency,Hip Fracture,3,0,6,2,4,Home,2025-08-26,55,Medium,0
P-6490,55,Male,Emergency,Emergency,Pneumonia,0,0,2,1,11,Against Medical Advice,2025-05-17,22,Low,0
P-6491,78,Male,General Medicine,Urgent,Stroke,4,0,9,2,11,Home Health Care,2025-12-02,86,High,1
P-6492,55,Female,General Medicine,Urgent,Gastrointestinal Bleed,0,0,12,3,8,Home,2025-12-21,59,Medium,0
P-6493,95,Female,General Medicine,Emergency,Pneumonia,4,0,1,2,5,Home,2025-02-22,73,High,0
P-6494,68,Male,Orthopedics,Elective,Hip Fracture,0,0,3,3,10,Home,2025-06-30,43,Medium,0
P-6495,41,Male,General Medicine,Elective,Heart Failure,1,2,5,2,1,Home,2025-08-19,35,Medium,0
P-6496,59,Female,General Medicine,Elective,Pneumonia,2,0,10,0,7,Home,2025-06-17,51,Medium,1
P-6497,51,Male,Emergency,Elective,COPD,0,0,4,1,5,Home Health Care,2025-03-07,20,Low,1
P-6498,26,Female,Pediatrics,Emergency,Pneumonia,1,0,3,1,5,Home Health Care,2025-04-11,14,Low,0
P-6499,87,Female,General Medicine,Emergency,Gastrointestinal Bleed,1,1,1,3,7,Against Medical Advice,2025-06-11,60,Medium,0
P-6500,73,Female,Cardiology,Emergency,Hypertension,1,0,4,1,6,Home,2025-11-09,39,Medium,0
P-6501,70,Male,Cardiology,Emergency,Acute Kidney Injury,0,0,2,2,1,Skilled Nursing Facility,2025-05-26,25,Low,0
P-6502,64,Male,General Medicine,Emergency,Pneumonia,3,0,23,1,11,Home,2025-03-15,93,High,1
P-6503,39,Male,Neurology,Emergency,Pneumonia,0,2,5,1,6,Home,2025-02-19,26,Low,0
P-6504,54,Female,Cardiology,Elective,Diabetes with Complications,2,1,2,2,12,Home,2025-10-31,50,Medium,0
P-6505,75,Female,ICU,Emergency,Hypertension,2,2,23,1,4,Against Medical Advice,2025-06-10,93,High,1
P-6506,45,Male,Orthopedics,Elective,Sepsis,3,1,5,4,11,Against Medical Advice,2025-06-26,73,High,1
P-6507,21,Female,Neurology,Elective,Gastrointestinal Bleed,2,1,7,4,7,Skilled Nursing Facility,2025-09-21,52,Medium,1
P-6508,58,Female,Cardiology,Urgent,Stroke,0,0,16,3,10,Home,2025-10-29,73,High,1
P-6509,59,Male,Emergency,Elective,Diabetes with Complications,1,1,7,2,4,Skilled Nursing Facility,2025-05-19,49,Medium,0
P-6510,64,Male,General Medicine,Transfer,Gastrointestinal Bleed,1,0,13,1,3,Home Health Care,2025-02-20,56,Medium,1
P-6511,73,Male,Emergency,Emergency,Pneumonia,1,1,3,3,13,Home,2025-10-01,64,High,1
P-6512,72,Male,Orthopedics,Elective,Stroke,0,1,1,1,1,Home,2025-06-20,23,Low,1
P-6513,66,Female,Cardiology,Emergency,Hypertension,1,1,15,1,3,Home Health Care,2025-05-27,69,High,1
P-6514,81,Female,ICU,Elective,Stroke,0,2,4,5,11,Skilled Nursing Facility,2025-02-22,78,High,1
P-6515,37,Male,Cardiology,Emergency,COPD,2,0,7,1,9,Skilled Nursing Facility,2025-10-23,38,Medium,0
P-6516,70,Male,Cardiology,Elective,COPD,0,1,4,6,10,Home,2025-02-19,72,High,1
P-6517,72,Male,Cardiology,Emergency,Diabetes with Complications,3,0,7,3,6,Home,2025-04-06,76,High,0
P-6518,42,Female,ICU,Emergency,Diabetes with Complications,3,1,1,3,7,Home Health Care,2025-07-31,49,Medium,0
P-6519,37,Female,General Medicine,Elective,Diabetes with Complications,0,0,1,2,7,Home Health Care,2025-02-20,15,Low,0
P-6520,50,Female,Cardiology,Urgent,Acute Kidney Injury,0,0,12,2,4,Home,2025-02-08,44,Medium,1
P-6521,51,Female,Neurology,Emergency,Pneumonia,1,5,3,6,4,Home Health Care,2025-03-07,80,High,1
P-6522,74,Male,Emergency,Urgent,Hypertension,0,0,2,1,6,Home,2025-08-19,26,Low,1
P-6523,52,Male,General Medicine,Emergency,Stroke,0,2,12,3,6,Home,2025-09-18,66,High,0
P-6524,48,Other,Cardiology,Elective,Stroke,1,1,30,2,6,Home,2025-01-31,93,High,1
P-6525,52,Male,Cardiology,Transfer,Sepsis,1,2,5,3,13,Home,2025-04-23,63,High,0
P-6526,79,Female,General Medicine,Emergency,Hip Fracture,2,1,4,1,4,Home,2025-07-06,55,Medium,1
P-6527,62,Male,General Medicine,Emergency,COPD,1,0,12,0,13,Skilled Nursing Facility,2025-01-12,57,Medium,1
P-6528,59,Female,General Medicine,Emergency,Gastrointestinal Bleed,2,0,1,3,5,Home Health Care,2025-09-20,42,Medium,0
P-6529,60,Female,General Medicine,Emergency,Hypertension,5,1,5,0,8,Against Medical Advice,2025-03-19,69,High,1
P-6530,82,Female,General Medicine,Elective,Hypertension,0,0,8,2,6,Home,2025-05-08,54,Medium,0
P-6531,50,Female,Emergency,Elective,Acute Kidney Injury,1,1,7,2,3,Home Health Care,2025-06-21,43,Medium,1
P-6532,83,Male,Orthopedics,Transfer,COPD,2,2,7,2,8,Rehab,2025-01-20,80,High,1
P-6533,65,Female,General Medicine,Emergency,Pneumonia,5,1,8,2,5,Home,2025-06-09,84,High,1
P-6534,59,Male,Pediatrics,Emergency,Gastrointestinal Bleed,0,0,2,2,5,Home,2025-06-30,24,Low,0
P-6535,95,Female,Orthopedics,Emergency,COPD,1,0,4,2,1,Home Health Care,2025-12-21,53,Medium,1
P-6536,45,Male,ICU,Urgent,Gastrointestinal Bleed,1,3,1,0,4,Home,2025-04-04,24,Low,0
P-6537,56,Female,Emergency,Emergency,Heart Failure,2,2,1,1,7,Home,2025-06-04,41,Medium,0
P-6538,42,Male,General Medicine,Transfer,Acute Kidney Injury,2,1,8,2,8,Against Medical Advice,2025-04-27,55,Medium,1
P-6539,77,Male,General Medicine,Emergency,Heart Failure,1,1,8,3,2,Home Health Care,2025-01-21,67,High,1
P-6540,89,Male,General Medicine,Elective,Gastrointestinal Bleed,1,0,1,4,5,Home,2025-01-27,59,Medium,1
P-6541,88,Female,General Medicine,Emergency,Stroke,1,2,4,4,4,Home,2025-03-29,76,High,1
P-6542,81,Male,Cardiology,Urgent,Hypertension,0,2,1,5,1,Home,2025-06-21,60,Medium,1
P-6543,58,Male,Cardiology,Elective,Gastrointestinal Bleed,2,1,3,2,5,Home,2025-11-21,47,Medium,1
P-6544,56,Male,ICU,Elective,Acute Kidney Injury,4,1,1,1,2,Home,2025-05-23,46,Medium,0
P-6545,35,Male,General Medicine,Elective,Hypertension,1,1,3,2,3,Home,2025-09-25,24,Low,0
P-6546,94,Male,General Medicine,Emergency,Gastrointestinal Bleed,1,0,4,1,3,Home,2025-01-18,48,Medium,1
P-6547,69,Female,Emergency,Emergency,COPD,3,1,8,1,9,Rehab,2025-09-26,73,High,0
P-6548,54,Male,General Medicine,Urgent,Pneumonia,0,1,4,1,4,Home,2025-04-16,24,Low,0
P-6549,83,Female,ICU,Emergency,Diabetes with Complications,1,3,13,1,9,Home,2025-05-17,85,High,0
P-6550,46,Male,ICU,Urgent,COPD,2,0,1,2,3,Home Health Care,2025-08-16,27,Low,1
P-6551,68,Male,General Medicine,Elective,Pneumonia,2,2,4,3,8,Home,2025-04-05,72,High,0
P-6552,59,Female,Emergency,Emergency,Gastrointestinal Bleed,0,0,11,2,2,Home Health Care,2025-06-09,44,Medium,0
P-6553,72,Male,General Medicine,Elective,Hip Fracture,1,0,2,2,3,Home Health Care,2025-03-22,35,Medium,1
P-6554,60,Male,Orthopedics,Elective,Heart Failure,2,0,7,3,6,Against Medical Advice,2025-06-26,62,High,0
P-6555,38,Male,Orthopedics,Elective,Diabetes with Complications,2,1,2,0,7,Home,2025-04-20,23,Low,0
P-6556,63,Male,Cardiology,Urgent,Pneumonia,1,2,18,3,9,Home,2025-03-26,90,High,1
P-6557,78,Female,Emergency,Emergency,Sepsis,1,1,7,1,4,Home,2025-11-10,54,Medium,0
P-6558,61,Female,General Medicine,Urgent,Acute Kidney Injury,2,2,5,3,8,Home,2025-12-31,70,High,0
P-6559,74,Female,General Medicine,Emergency,Acute Kidney Injury,0,0,10,0,1,Skilled Nursing Facility,2025-05-11,35,Medium,1
P-6560,45,Male,General Medicine,Urgent,Sepsis,0,1,4,4,12,Home Health Care,2025-05-19,47,Medium,1
P-6561,61,Male,Cardiology,Emergency,Hip Fracture,1,1,2,2,2,Rehab,2025-05-03,34,Medium,0
P-6562,52,Male,Cardiology,Emergency,Heart Failure,2,0,2,2,5,Home,2025-04-18,34,Medium,0
P-6563,73,Female,General Medicine,Elective,Acute Kidney Injury,0,2,4,4,3,Skilled Nursing Facility,2025-05-28,59,Medium,0
P-6564,62,Male,General Medicine,Emergency,Sepsis,2,1,4,3,7,Home,2025-02-25,62,High,0
P-6565,73,Male,Emergency,Transfer,Hypertension,0,0,11,4,3,Skilled Nursing Facility,2025-06-18,67,High,1
P-6566,79,Female,Cardiology,Emergency,Sepsis,1,0,4,2,1,Home,2025-09-21,43,Medium,0
P-6567,73,Male,General Medicine,Emergency,Gastrointestinal Bleed,2,0,4,0,2,Home Health Care,2025-08-15,36,Medium,1
P-6568,66,Female,Cardiology,Emergency,Hypertension,1,1,3,2,5,Home,2025-10-03,43,Medium,0
P-6569,46,Male,Cardiology,Emergency,Stroke,1,1,1,2,1,Home,2025-07-16,23,Low,0
P-6570,61,Female,Cardiology,Elective,COPD,2,1,1,3,8,Home Health Care,2025-11-04,53,Medium,0
P-6571,53,Male,Emergency,Emergency,Stroke,0,0,5,2,13,Skilled Nursing Facility,2025-05-23,36,Medium,0
P-6572,56,Female,General Medicine,Emergency,Stroke,1,1,3,1,13,Home Health Care,2025-11-01,40,Medium,0
P-6573,56,Male,Emergency,Emergency,Sepsis,2,0,4,2,2,Home,2025-03-16,39,Medium,1
P-6574,46,Male,ICU,Emergency,Hip Fracture,0,1,12,1,1,Home,2025-04-04,37,Medium,0
P-6575,30,Male,ICU,Emergency,Hip Fracture,3,0,7,2,3,Home,2025-08-06,41,Medium,1
P-6576,51,Other,Cardiology,Elective,Hypertension,3,3,3,3,7,Skilled Nursing Facility,2025-11-19,72,High,1
P-6577,65,Female,General Medicine,Elective,Sepsis,1,0,7,1,4,Home,2025-06-13,40,Medium,0
P-6578,40,Male,ICU,Elective,Diabetes with Complications,0,1,17,0,8,Skilled Nursing Facility,2025-09-23,50,Medium,1
P-6579,62,Female,General Medicine,Transfer,Acute Kidney Injury,0,1,1,3,2,Home Health Care,2025-08-12,30,Low,0
P-6580,92,Female,Cardiology,Urgent,Heart Failure,1,3,11,4,8,Home,2025-01-10,93,High,1
P-6581,78,Male,Cardiology,Emergency,Hypertension,4,1,2,1,4,Skilled Nursing Facility,2025-07-17,65,High,1
P-6582,88,Male,Cardiology,Emergency,Hypertension,3,1,6,1,1,Home Health Care,2025-11-09,70,High,0
P-6583,68,Female,ICU,Urgent,Hypertension,2,1,6,2,7,Home,2025-04-25,64,High,1
P-6584,80,Male,General Medicine,Elective,Gastrointestinal Bleed,1,0,6,4,11,Home,2025-01-06,74,High,1
P-6585,50,Male,Emergency,Emergency,COPD,2,1,11,1,3,Home,2025-12-19,56,Medium,1
P-6586,51,Male,Orthopedics,Elective,Heart Failure,1,1,5,2,5,Home,2025-05-13,40,Medium,0
P-6587,18,Male,ICU,Transfer,Pneumonia,1,0,1,4,3,Home,2025-10-11,18,Low,0
P-6588,80,Female,Cardiology,Urgent,Hypertension,2,1,5,1,9,Home Health Care,2025-03-15,64,High,0
P-6589,86,Male,Emergency,Emergency,Diabetes with Complications,2,0,2,0,8,Home,2025-10-09,45,Medium,1
P-6590,53,Male,General Medicine,Transfer,Gastrointestinal Bleed,4,0,14,1,5,Skilled Nursing Facility,2025-10-21,77,High,1
P-6591,57,Male,Emergency,Transfer,Stroke,2,1,2,1,4,Home Health Care,2025-07-28,35,Medium,0
P-6592,49,Male,Emergency,Emergency,Hypertension,2,1,2,1,8,Skilled Nursing Facility,2025-07-05,35,Medium,1
P-6593,68,Male,Emergency,Urgent,Hypertension,0,1,1,3,5,Home,2025-06-22,37,Medium,1
P-6594,79,Female,ICU,Urgent,Sepsis,1,2,9,0,9,Home Health Care,2025-12-20,66,High,1
P-6595,34,Male,Neurology,Emergency,COPD,0,2,12,3,6,Skilled Nursing Facility,2025-01-16,56,Medium,1
P-6596,68,Female,Emergency,Elective,COPD,3,1,1,2,8,Home,2025-01-17,59,Medium,1
P-6597,57,Male,General Medicine,Emergency,Stroke,0,0,3,2,7,Against Medical Advice,2025-05-08,27,Low,0
P-6598,63,Male,General Medicine,Elective,Hip Fracture,2,2,3,2,5,Home,2025-08-08,56,Medium,1
P-6599,69,Male,Emergency,Urgent,COPD,0,3,8,1,1,Home,2025-09-14,52,Medium,0
P-6600,58,Female,ICU,Emergency,Stroke,3,0,2,2,6,Home,2025-12-23,48,Medium,0
P-6601,60,Female,General Medicine,Emergency,Pneumonia,0,0,2,1,1,Home,2025-12-08,16,Low,0
P-6602,58,Male,Cardiology,Urgent,Gastrointestinal Bleed,0,1,2,2,11,Skilled Nursing Facility,2025-08-15,34,Medium,0
P-6603,77,Male,Emergency,Transfer,Pneumonia,2,0,3,3,3,Home,2025-02-24,57,Medium,1
P-6604,68,Female,General Medicine,Emergency,Pneumonia,2,0,5,2,6,Home,2025-01-10,54,Medium,0
P-6605,65,Male,General Medicine,Urgent,Hypertension,1,1,16,0,1,Home Health Care,2025-11-02,62,High,1
P-6606,41,Female,General Medicine,Emergency,Diabetes with Complications,0,0,4,0,1,Home Health Care,2025-11-27,10,Low,0
P-6607,55,Male,General Medicine,Emergency,Pneumonia,2,3,3,4,3,Home,2025-04-21,68,High,1
P-6608,76,Female,Cardiology,Elective,Hip Fracture,1,0,1,2,9,Home Health Care,2025-09-12,42,Medium,0
P-6609,62,Female,Emergency,Elective,Diabetes with Complications,1,1,1,3,3,Home,2025-06-02,39,Medium,1
P-6610,72,Male,ICU,Elective,Heart Failure,1,1,14,1,7,Home Health Care,2025-08-24,73,High,1
P-6611,90,Female,General Medicine,Emergency,Acute Kidney Injury,2,1,2,2,5,Skilled Nursing Facility,2025-05-17,63,High,0
P-6612,78,Male,Pediatrics,Emergency,Hip Fracture,0,3,2,2,7,Home,2025-10-19,54,Medium,1
P-6613,63,Male,Cardiology,Urgent,Sepsis,1,2,1,2,6,Home,2025-11-04,43,Medium,0
P-6614,53,Male,ICU,Emergency,Diabetes with Complications,3,1,4,1,4,Home,2025-07-22,47,Medium,0
P-6615,21,Female,Emergency,Emergency,Gastrointestinal Bleed,1,0,3,1,8,Home,2025-09-26,14,Low,1
P-6616,59,Male,Orthopedics,Urgent,COPD,0,1,4,0,7,Home,2025-08-05,24,Low,0
P-6617,56,Female,General Medicine,Elective,Pneumonia,0,2,17,4,7,Home,2025-11-13,85,High,1
P-6618,68,Female,ICU,Emergency,COPD,1,0,1,1,4,Home,2025-04-10,26,Low,0
P-6619,59,Male,Pediatrics,Emergency,Pneumonia,2,1,1,4,5,Home,2025-09-06,55,Medium,1
P-6620,56,Female,Orthopedics,Urgent,Hip Fracture,2,0,4,2,8,Home,2025-10-02,46,Medium,0
P-6621,33,Male,Cardiology,Transfer,Heart Failure,0,1,1,4,11,Home,2025-03-24,30,Low,0
P-6622,46,Female,Neurology,Emergency,Heart Failure,2,3,5,1,6,Home Health Care,2025-07-12,52,Medium,1
P-6623,69,Male,Emergency,Elective,Gastrointestinal Bleed,0,0,8,0,2,Rehab,2025-11-13,29,Low,0
P-6624,89,Female,Emergency,Emergency,Stroke,2,0,6,2,5,Home,2025-07-20,68,High,0
P-6625,60,Female,Emergency,Urgent,Gastrointestinal Bleed,2,0,2,1,7,Home,2025-04-03,35,Medium,0
P-6626,67,Female,Orthopedics,Emergency,Pneumonia,1,0,9,3,8,Home,2025-08-30,66,High,1
P-6627,77,Male,General Medicine,Elective,Pneumonia,0,2,4,4,2,Home Health Care,2025-06-02,60,Medium,0
P-6628,49,Male,ICU,Emergency,Diabetes with Complications,0,0,7,2,3,Rehab,2025-03-04,28,Low,0
P-6629,67,Male,Pediatrics,Emergency,Diabetes with Complications,1,0,15,3,5,Home Health Care,2025-04-03,77,High,1
P-6630,50,Male,Cardiology,Urgent,Gastrointestinal Bleed,2,0,3,2,11,Home,2025-09-01,43,Medium,0
P-6631,75,Male,General Medicine,Emergency,Diabetes with Complications,2,0,3,1,1,Skilled Nursing Facility,2025-02-20,39,Medium,0
P-6632,64,Female,General Medicine,Urgent,COPD,2,0,2,1,9,Home Health Care,2025-12-30,39,Medium,0
P-6633,66,Female,Cardiology,Emergency,COPD,1,2,1,4,1,Home,2025-07-03,52,Medium,1
P-6634,49,Male,Cardiology,Emergency,Gastrointestinal Bleed,0,0,6,0,5,Home Health Care,2025-01-18,18,Low,0
P-6635,73,Male,Orthopedics,Emergency,Pneumonia,1,0,7,4,9,Home,2025-03-10,71,High,1
P-6636,95,Female,Emergency,Emergency,Hypertension,2,0,4,3,2,Home,2025-10-03,69,High,1
P-6637,45,Female,General Medicine,Emergency,Diabetes with Complications,3,1,7,3,3,Home,2025-09-18,64,High,0
P-6638,56,Male,Emergency,Urgent,Pneumonia,5,1,2,4,9,Home,2025-04-30,82,High,1
P-6639,65,Male,General Medicine,Elective,Gastrointestinal Bleed,2,2,1,3,9,Home Health Care,2025-06-21,63,High,1
P-6640,74,Female,Emergency,Urgent,Acute Kidney Injury,3,0,1,1,6,Skilled Nursing Facility,2025-06-25,48,Medium,0
P-6641,53,Female,Cardiology,Emergency,Acute Kidney Injury,1,1,4,3,6,Home,2025-03-22,46,Medium,1
P-6642,18,Male,Emergency,Emergency,Stroke,4,1,1,5,12,Home,2025-12-22,63,High,1
P-6643,83,Female,Orthopedics,Emergency,Heart Failure,1,1,8,3,12,Home,2025-03-04,80,High,1
P-6644,74,Female,Emergency,Urgent,Hypertension,0,0,6,0,11,Skilled Nursing Facility,2025-07-26,36,Medium,0
P-6645,34,Male,Cardiology,Emergency,Acute Kidney Injury,1,2,10,1,1,Home,2025-05-30,38,Medium,1
P-6646,52,Female,Neurology,Emergency,Gastrointestinal Bleed,2,1,6,3,9,Skilled Nursing Facility,2025-09-23,64,High,1
P-6647,87,Male,General Medicine,Emergency,Sepsis,0,1,1,2,6,Rehab,2025-03-08,43,Medium,0
P-6648,85,Female,ICU,Emergency,Hip Fracture,2,1,2,2,8,Home,2025-04-20,64,High,0
P-6649,77,Female,Pediatrics,Emergency,Hypertension,2,1,2,0,3,Home,2025-03-29,39,Medium,0
P-6650,59,Male,General Medicine,Emergency,Hip Fracture,1,0,4,0,1,Home,2025-12-26,21,Low,0
P-6651,63,Female,Cardiology,Emergency,Heart Failure,2,0,15,1,4,Home,2025-04-22,70,High,0
P-6652,59,Female,Cardiology,Emergency,Hip Fracture,3,0,7,0,11,Home,2025-01-07,55,Medium,1
P-6653,80,Female,General Medicine,Elective,Sepsis,1,0,2,1,1,Skilled Nursing Facility,2025-01-22,31,Medium,0
P-6654,47,Male,General Medicine,Urgent,COPD,0,0,1,7,9,Home,2025-08-21,50,Medium,0
P-6655,49,Male,Cardiology,Elective,Pneumonia,0,1,11,1,7,Home,2025-03-26,43,Medium,0
P-6656,78,Female,Cardiology,Emergency,Acute Kidney Injury,0,1,4,1,4,Home,2025-01-01,37,Medium,1
P-6657,61,Female,Emergency,Emergency,Acute Kidney Injury,0,0,1,1,3,Skilled Nursing Facility,2025-04-17,16,Low,0
P-6658,84,Female,General Medicine,Urgent,Stroke,3,1,9,0,6,Home,2025-08-25,75,High,1
P-6659,51,Male,Cardiology,Emergency,Gastrointestinal Bleed,4,1,5,1,5,Home Health Care,2025-03-28,59,Medium,0
P-6660,61,Male,Cardiology,Emergency,Heart Failure,5,0,10,5,2,Home,2025-08-22,91,High,1
P-6661,47,Male,General Medicine,Urgent,Gastrointestinal Bleed,0,1,7,2,7,Home Health Care,2025-03-31,37,Medium,0
P-6662,62,Female,General Medicine,Transfer,Pneumonia,0,0,4,0,2,Skilled Nursing Facility,2025-06-08,17,Low,0
P-6663,38,Female,Emergency,Urgent,Sepsis,2,1,4,2,11,Home,2025-09-02,45,Medium,0
P-6664,54,Female,Emergency,Transfer,Sepsis,0,0,4,6,9,Home,2025-04-01,56,Medium,0
P-6665,39,Male,Emergency,Urgent,COPD,4,0,1,3,3,Home Health Care,2025-05-05,45,Medium,0
P-6666,73,Male,Emergency,Elective,Diabetes with Complications,1,0,13,2,6,Skilled Nursing Facility,2025-04-01,71,High,0
P-6667,73,Female,Pediatrics,Emergency,Acute Kidney Injury,1,2,20,2,6,Home,2025-04-09,90,High,0
P-6668,34,Female,General Medicine,Transfer,Pneumonia,0,0,2,1,15,Home,2025-06-10,17,Low,1
P-6669,83,Female,Cardiology,Urgent,COPD,1,1,8,3,1,Home,2025-04-11,70,High,0
P-6670,95,Male,Emergency,Emergency,Sepsis,0,0,28,3,10,Skilled Nursing Facility,2025-02-15,97,High,1
P-6671,62,Male,Emergency,Emergency,Stroke,2,1,1,3,3,Skilled Nursing Facility,2025-01-13,48,Medium,1
P-6672,51,Male,General Medicine,Emergency,Diabetes with Complications,0,0,2,5,7,Home,2025-05-03,39,Medium,1
P-6673,95,Female,Emergency,Transfer,Pneumonia,0,0,4,7,7,Home,2025-02-12,81,High,0
P-6674,40,Male,Orthopedics,Elective,Stroke,1,1,3,2,6,Home,2025-10-17,29,Low,0
P-6675,62,Female,General Medicine,Emergency,Acute Kidney Injury,1,1,16,6,7,Home Health Care,2025-05-25,92,High,1
P-6676,64,Female,Emergency,Emergency,COPD,0,1,1,5,1,Against Medical Advice,2025-08-12,43,Medium,0
P-6677,83,Male,Orthopedics,Transfer,COPD,0,1,3,2,1,Skilled Nursing Facility,2025-02-18,40,Medium,0
P-6678,67,Male,General Medicine,Elective,Gastrointestinal Bleed,3,0,6,2,4,Home Health Care,2025-07-10,62,High,1
P-6679,54,Female,General Medicine,Emergency,Gastrointestinal Bleed,0,0,8,1,9,Home,2025-10-27,34,Medium,0
P-6680,46,Male,Pediatrics,Emergency,Hypertension,4,0,1,3,5,Against Medical Advice,2025-11-23,51,Medium,0
P-6681,56,Male,Cardiology,Emergency,Stroke,3,4,2,6,1,Skilled Nursing Facility,2025-09-11,85,High,1
P-6682,45,Female,Cardiology,Emergency,Heart Failure,4,0,1,2,4,Home,2025-04-14,43,Medium,1
P-6683,62,Female,Orthopedics,Elective,Heart Failure,2,0,4,2,4,Home Health Care,2025-02-04,45,Medium,1
P-6684,52,Female,General Medicine,Emergency,Pneumonia,2,1,4,0,1,Home,2025-11-03,28,Low,1
P-6685,38,Male,Neurology,Emergency,Pneumonia,1,0,7,2,5,Home Health Care,2025-04-04,32,Medium,1
P-6686,82,Female,ICU,Elective,Stroke,1,0,10,2,5,Rehab,2025-11-27,67,High,0
P-6687,54,Male,General Medicine,Emergency,Diabetes with Complications,1,0,1,0,4,Home,2025-06-19,16,Low,0
P-6688,41,Male,Cardiology,Urgent,Hip Fracture,4,1,4,1,4,Home Health Care,2025-10-31,48,Medium,1
P-6689,59,Male,Emergency,Emergency,Heart Failure,1,1,3,4,7,Home,2025-05-13,55,Medium,0
P-6690,63,Male,Cardiology,Emergency,Hip Fracture,2,0,11,2,5,Rehab,2025-11-16,67,High,0
P-6691,34,Female,Cardiology,Emergency,Gastrointestinal Bleed,1,1,4,3,3,Home,2025-02-16,31,Medium,1
P-6692,67,Female,ICU,Emergency,Acute Kidney Injury,2,0,2,4,5,Home Health Care,2025-07-12,57,Medium,0
P-6693,45,Female,General Medicine,Emergency,COPD,3,1,12,2,2,Home,2025-04-28,70,High,0
P-6694,89,Female,Emergency,Emergency,Sepsis,0,0,13,1,5,Home,2025-02-13,65,High,0
P-6695,70,Male,Cardiology,Elective,Sepsis,3,0,1,0,7,Home,2025-06-25,39,Medium,0
P-6696,55,Male,Emergency,Emergency,Hip Fracture,0,0,9,1,7,Home,2025-04-14,35,Medium,1
P-6697,50,Female,Cardiology,Emergency,Hip Fracture,0,1,9,3,7,Rehab,2025-05-29,52,Medium,1
P-6698,60,Female,Neurology,Urgent,Heart Failure,1,3,5,3,3,Home,2025-05-02,62,High,1
P-6699,71,Male,Emergency,Emergency,Gastrointestinal Bleed,0,2,3,3,9,Home,2025-07-27,56,Medium,1
P-6700,61,Male,Emergency,Elective,Hypertension,0,0,1,4,7,Home,2025-06-26,36,Medium,0
P-6701,58,Male,Orthopedics,Emergency,Heart Failure,1,2,2,0,5,Home,2025-12-16,29,Low,0
P-6702,62,Male,General Medicine,Emergency,Pneumonia,1,1,2,4,6,Home,2025-12-26,53,Medium,1
P-6703,52,Male,General Medicine,Emergency,Stroke,3,0,1,2,4,Rehab,2025-05-17,38,Medium,0
P-6704,56,Male,General Medicine,Emergency,Acute Kidney Injury,0,1,6,3,8,Home,2025-10-12,48,Medium,1
P-6705,28,Male,Neurology,Urgent,Sepsis,1,0,1,1,5,Skilled Nursing Facility,2025-08-25,12,Low,0
P-6706,77,Male,Cardiology,Emergency,Hip Fracture,0,0,1,4,5,Home Health Care,2025-10-25,43,Medium,0
P-6707,66,Male,Pediatrics,Elective,COPD,0,2,1,1,2,Home Health Care,2025-07-27,26,Low,1
P-6708,49,Female,Orthopedics,Elective,COPD,0,0,6,2,2,Skilled Nursing Facility,2025-01-08,25,Low,0
P-6709,92,Female,General Medicine,Emergency,Hip Fracture,1,1,1,3,1,Skilled Nursing Facility,2025-02-17,55,Medium,1
P-6710,63,Female,General Medicine,Elective,Pneumonia,0,0,1,3,7,Home,2025-02-27,31,Medium,0
P-6711,45,Female,General Medicine,Emergency,Sepsis,0,3,13,3,8,Skilled Nursing Facility,2025-04-24,73,High,1
P-6712,75,Other,ICU,Elective,COPD,1,0,2,1,11,Home,2025-08-20,40,Medium,1
P-6713,68,Male,Cardiology,Urgent,Sepsis,3,1,6,4,8,Home,2025-04-04,82,High,0
P-6714,68,Male,Pediatrics,Emergency,COPD,2,0,13,3,1,Home Health Care,2025-02-04,76,High,1
P-6715,55,Female,Emergency,Emergency,Diabetes with Complications,0,0,1,2,9,Home,2025-09-29,23,Low,0
P-6716,69,Female,Emergency,Emergency,Hypertension,1,0,3,2,5,Home,2025-07-23,39,Medium,1
P-6717,57,Male,General Medicine,Emergency,Pneumonia,1,1,4,2,7,Skilled Nursing Facility,2025-11-25,43,Medium,0
P-6718,70,Female,Emergency,Emergency,Hip Fracture,2,0,7,2,4,Home,2025-10-20,59,Medium,0
P-6719,31,Male,ICU,Transfer,Heart Failure,1,1,15,0,9,Home,2025-02-03,48,Medium,0
P-6720,55,Male,General Medicine,Emergency,Hypertension,0,1,1,1,8,Rehab,2025-05-25,22,Low,0
P-6721,89,Male,General Medicine,Emergency,Sepsis,1,0,3,4,1,Home,2025-06-01,60,Medium,1
P-6722,49,Male,Cardiology,Emergency,Gastrointestinal Bleed,2,1,3,2,5,Home,2025-02-03,41,Medium,0
P-6723,52,Male,Pediatrics,Emergency,Heart Failure,0,0,16,1,3,Rehab,2025-08-13,49,Medium,1
P-6724,54,Female,Cardiology,Emergency,COPD,2,2,7,2,9,Skilled Nursing Facility,2025-11-06,67,High,0
P-6725,42,Male,Emergency,Emergency,Stroke,0,0,13,1,6,Home,2025-01-06,38,Medium,1
P-6726,26,Male,Cardiology,Emergency,Sepsis,2,2,1,2,4,Home,2025-08-14,27,Low,1
P-6727,58,Male,General Medicine,Emergency,Sepsis,3,1,1,0,6,Skilled Nursing Facility,2025-06-04,37,Medium,1
P-6728,64,Female,Emergency,Elective,Gastrointestinal Bleed,0,0,16,1,7,Home,2025-06-17,61,High,1
P-6729,61,Other,Emergency,Urgent,Hip Fracture,1,1,2,3,10,Home,2025-03-25,50,Medium,0
P-6730,59,Male,Orthopedics,Emergency,Acute Kidney Injury,2,1,5,4,4,Home,2025-08-30,66,High,1
P-6731,62,Male,ICU,Urgent,Diabetes with Complications,0,0,1,1,7,Home Health Care,2025-06-26,20,Low,0
P-6732,78,Male,General Medicine,Emergency,Pneumonia,2,0,4,3,7,Home,2025-11-23,65,High,1
P-6733,58,Female,General Medicine,Elective,Hypertension,0,0,13,2,1,Home,2025-05-08,48,Medium,1
P-6734,52,Male,Pediatrics,Emergency,Pneumonia,1,0,6,4,8,Home,2025-07-24,55,Medium,1
P-6735,57,Male,General Medicine,Urgent,COPD,4,1,3,1,4,Home,2025-02-16,55,Medium,0
P-6736,71,Male,ICU,Urgent,Diabetes with Complications,0,0,12,0,14,Home,2025-10-10,55,Medium,1
P-6737,84,Male,ICU,Elective,Hip Fracture,0,1,1,2,3,Home,2025-11-14,37,Medium,0
P-6738,51,Female,Orthopedics,Urgent,Hip Fracture,0,0,3,2,4,Skilled Nursing Facility,2025-12-31,21,Low,1
P-6739,63,Male,Orthopedics,Elective,Hip Fracture,2,1,4,1,2,Skilled Nursing Facility,2025-11-02,42,Medium,0
P-6740,67,Male,Emergency,Emergency,Hypertension,0,0,1,3,2,Home Health Care,2025-01-01,28,Low,0
P-6741,46,Female,General Medicine,Elective,Acute Kidney Injury,1,0,1,2,7,Home,2025-08-23,24,Low,0
P-6742,62,Female,Emergency,Emergency,Hypertension,1,2,5,3,12,Home,2025-07-12,68,High,1
P-6743,38,Male,Pediatrics,Emergency,Sepsis,1,1,5,1,3,Home,2025-01-15,25,Low,0
P-6744,33,Female,Neurology,Emergency,Sepsis,1,0,19,3,5,Home,2025-11-15,70,High,1
P-6745,67,Female,Pediatrics,Elective,Stroke,3,2,2,6,7,Home Health Care,2025-10-22,86,High,0
P-6746,55,Male,Orthopedics,Emergency,Heart Failure,1,1,2,4,4,Home,2025-06-12,46,Medium,0
P-6747,65,Male,Neurology,Elective,Hypertension,3,1,5,2,7,Rehab,2025-07-19,68,High,1
P-6748,61,Male,Cardiology,Elective,Pneumonia,1,1,7,1,8,Home Health Care,2025-08-12,49,Medium,1
P-6749,46,Male,Orthopedics,Emergency,Pneumonia,3,0,4,2,4,Against Medical Advice,2025-12-05,44,Medium,1
P-6750,61,Male,General Medicine,Emergency,Stroke,0,0,5,2,6,Home,2025-12-31,33,Medium,0
P-6751,42,Female,Pediatrics,Transfer,Sepsis,0,1,2,5,10,Home,2025-05-15,44,Medium,0
P-6752,84,Female,General Medicine,Urgent,Gastrointestinal Bleed,2,0,6,4,5,Home,2025-04-30,77,High,1
P-6753,40,Male,ICU,Emergency,Gastrointestinal Bleed,2,0,3,3,5,Home Health Care,2025-02-02,37,Medium,0
P-6754,58,Male,General Medicine,Emergency,Gastrointestinal Bleed,2,0,4,2,6,Rehab,2025-04-08,45,Medium,1
P-6755,45,Male,General Medicine,Emergency,COPD,0,1,5,2,8,Home,2025-03-25,32,Medium,1
P-6756,71,Female,Cardiology,Emergency,Pneumonia,2,0,1,1,9,Home,2025-12-31,41,Medium,0
P-6757,56,Female,Emergency,Emergency,COPD,0,0,4,0,1,Home,2025-11-16,15,Low,0
P-6758,53,Male,General Medicine,Urgent,Pneumonia,3,1,13,3,9,Against Medical Advice,2025-02-28,86,High,1
P-6759,75,Female,Emergency,Transfer,Stroke,1,1,1,3,3,Home,2025-04-24,47,Medium,0
P-6760,62,Male,Emergency,Urgent,Pneumonia,0,3,1,4,4,Skilled Nursing Facility,2025-05-18,51,Medium,1
P-6761,70,Female,Cardiology,Emergency,Heart Failure,0,1,2,0,3,Home,2025-05-05,21,Low,1
P-6762,46,Male,Neurology,Emergency,Hip Fracture,3,1,1,5,4,Skilled Nursing Facility,2025-01-14,62,High,1
P-6763,39,Male,General Medicine,Elective,Sepsis,2,1,9,3,7,Home,2025-06-16,62,High,1
P-6764,63,Male,ICU,Elective,Acute Kidney Injury,0,1,10,3,11,Home,2025-01-21,67,High,0
P-6765,56,Female,General Medicine,Emergency,Hip Fracture,3,0,3,3,14,Home Health Care,2025-08-09,66,High,1
P-6766,72,Female,General Medicine,Elective,Hip Fracture,1,0,8,3,3,Skilled Nursing Facility,2025-02-09,60,Medium,1
P-6767,60,Female,ICU,Elective,Pneumonia,5,1,2,4,2,Home,2025-02-22,78,High,0
P-6768,65,Male,Emergency,Elective,Pneumonia,2,1,4,1,4,Home Health Care,2025-11-10,46,Medium,0
P-6769,36,Male,General Medicine,Emergency,Hypertension,1,3,4,5,8,Home,2025-05-11,64,High,0
P-6770,92,Male,Emergency,Elective,Stroke,2,2,2,1,4,Rehab,2025-11-22,63,High,1
P-6771,59,Female,General Medicine,Emergency,Pneumonia,2,0,4,1,13,Home,2025-02-06,47,Medium,0
P-6772,73,Female,Emergency,Elective,Gastrointestinal Bleed,2,1,9,1,1,Home,2025-04-22,62,High,1
P-6773,48,Female,Cardiology,Emergency,Hip Fracture,0,1,14,2,7,Home,2025-06-18,58,Medium,1
P-6774,66,Female,Pediatrics,Emergency,Hip Fracture,0,1,2,3,4,Home,2025-01-18,37,Medium,0
P-6775,41,Female,Cardiology,Emergency,Gastrointestinal Bleed,1,0,12,2,2,Home,2025-03-25,44,Medium,1
P-6776,69,Female,General Medicine,Emergency,Hip Fracture,3,2,5,1,7,Home,2025-08-28,69,High,0
P-6777,56,Male,Cardiology,Transfer,COPD,1,0,5,4,1,Home,2025-10-29,46,Medium,1
P-6778,62,Female,Emergency,Emergency,Stroke,1,1,1,3,9,Home,2025-05-30,47,Medium,1
P-6779,73,Female,Emergency,Urgent,Sepsis,1,3,6,2,12,Home,2025-05-14,75,High,1
P-6780,42,Female,Cardiology,Emergency,Heart Failure,1,2,2,1,13,Skilled Nursing Facility,2025-03-29,35,Medium,0
P-6781,51,Female,Emergency,Emergency,Acute Kidney Injury,0,0,3,1,6,Skilled Nursing Facility,2025-01-28,18,Low,0
P-6782,69,Male,Cardiology,Elective,Diabetes with Complications,2,0,1,2,7,Home,2025-12-13,44,Medium,0
P-6783,95,Male,General Medicine,Emergency,Gastrointestinal Bleed,0,2,2,1,8,Home,2025-01-14,52,Medium,1
P-6784,59,Female,General Medicine,Elective,Pneumonia,1,0,5,3,8,Home,2025-11-22,49,Medium,0
P-6785,71,Male,ICU,Emergency,Stroke,1,1,5,2,7,Skilled Nursing Facility,2025-08-04,55,Medium,0
P-6786,60,Male,Orthopedics,Urgent,Diabetes with Complications,0,1,3,2,11,Rehab,2025-12-15,38,Medium,0
P-6787,93,Female,Cardiology,Emergency,Stroke,1,1,5,1,3,Home,2025-07-06,56,Medium,0
P-6788,34,Male,Cardiology,Elective,COPD,1,1,10,2,6,Home Health Care,2025-12-06,45,Medium,0
P-6789,63,Male,General Medicine,Emergency,Sepsis,0,0,1,0,2,Home,2025-11-03,13,Low,0
P-6790,35,Female,Emergency,Elective,Gastrointestinal Bleed,2,0,2,2,12,Home,2025-11-09,33,Medium,0
P-6791,21,Male,Emergency,Elective,Hip Fracture,0,1,2,0,4,Home,2025-06-22,8,Low,0
P-6792,66,Male,Cardiology,Emergency,Gastrointestinal Bleed,0,0,4,2,2,Home,2025-07-29,29,Low,0
P-6793,64,Male,Orthopedics,Emergency,Acute Kidney Injury,3,0,5,2,4,Home Health Care,2025-02-04,58,Medium,1
P-6794,57,Male,General Medicine,Elective,Acute Kidney Injury,3,0,4,3,3,Home Health Care,2025-04-05,56,Medium,0
P-6795,60,Male,Cardiology,Urgent,COPD,1,1,6,3,5,Rehab,2025-05-27,55,Medium,1
P-6796,95,Female,Emergency,Emergency,Gastrointestinal Bleed,5,2,3,3,6,Home,2025-05-25,92,High,1
P-6797,57,Male,Orthopedics,Elective,Hypertension,0,2,8,1,1,Home,2025-10-28,38,Medium,0
P-6798,70,Male,General Medicine,Emergency,Hip Fracture,1,0,1,1,6,Home,2025-04-18,29,Low,0
P-6799,51,Female,Cardiology,Emergency,Sepsis,1,1,5,3,3,Home,2025-03-18,44,Medium,0
P-6800,66,Female,Emergency,Transfer,Hypertension,2,0,1,2,1,Home Health Care,2025-05-07,35,Medium,1
P-6801,58,Male,Cardiology,Elective,Sepsis,1,0,2,1,7,Skilled Nursing Facility,2025-07-06,26,Low,1
P-6802,55,Female,Emergency,Urgent,Sepsis,1,2,1,4,8,Home,2025-08-12,54,Medium,0
P-6803,91,Female,Orthopedics,Emergency,Sepsis,1,0,5,4,7,Against Medical Advice,2025-03-25,73,High,1
P-6804,80,Female,Emergency,Emergency,Stroke,3,1,2,1,3,Home Health Care,2025-11-07,57,Medium,1
P-6805,64,Female,Emergency,Elective,Sepsis,1,0,1,5,5,Home Health Care,2025-05-25,50,Medium,0
P-6806,25,Male,Neurology,Urgent,Hip Fracture,0,1,7,1,3,Against Medical Advice,2025-07-04,17,Low,0
P-6807,56,Male,General Medicine,Urgent,Stroke,1,1,1,3,9,Home,2025-07-09,43,Medium,1
P-6808,95,Male,General Medicine,Emergency,Diabetes with Complications,0,0,4,4,3,Home,2025-09-25,60,Medium,1
P-6809,58,Female,Cardiology,Emergency,Hypertension,1,0,12,1,9,Home Health Care,2025-04-25,57,Medium,0
P-6810,79,Female,General Medicine,Emergency,COPD,1,0,7,2,12,Skilled Nursing Facility,2025-04-13,65,High,0
P-6811,85,Male,General Medicine,Elective,Stroke,1,1,5,1,7,Home,2025-02-22,56,Medium,1
P-6812,65,Male,Emergency,Emergency,Diabetes with Complications,1,1,1,6,9,Home,2025-07-21,68,High,0
P-6813,48,Female,Pediatrics,Emergency,COPD,1,0,8,6,5,Home,2025-04-12,68,High,1
P-6814,23,Male,Orthopedics,Elective,Diabetes with Complications,1,2,2,2,7,Home,2025-03-09,25,Low,0
P-6815,72,Male,General Medicine,Elective,Diabetes with Complications,1,0,1,2,7,Rehab,2025-09-10,37,Medium,1
P-6816,48,Female,Emergency,Urgent,Stroke,0,2,21,6,7,Home,2025-07-23,93,High,1
P-6817,64,Male,Emergency,Urgent,Diabetes with Complications,1,0,1,3,11,Skilled Nursing Facility,2025-07-15,44,Medium,1
P-6818,42,Male,Cardiology,Emergency,COPD,0,0,6,5,14,Skilled Nursing Facility,2025-10-14,54,Medium,1
P-6819,57,Male,Emergency,Urgent,Stroke,1,3,2,0,5,Skilled Nursing Facility,2025-08-12,34,Medium,0
P-6820,62,Female,General Medicine,Elective,Sepsis,0,0,9,2,7,Home,2025-07-10,46,Medium,0
P-6821,66,Male,Emergency,Transfer,COPD,2,0,4,2,1,Home Health Care,2025-05-01,44,Medium,1
P-6822,44,Female,Orthopedics,Emergency,Gastrointestinal Bleed,2,1,10,2,4,Rehab,2025-01-19,58,Medium,1
P-6823,81,Male,Cardiology,Emergency,Acute Kidney Injury,2,1,4,7,7,Home,2025-06-27,89,High,1
P-6824,52,Female,Emergency,Elective,Diabetes with Complications,1,0,2,1,5,Home,2025-05-15,22,Low,0
P-6825,35,Male,General Medicine,Urgent,Stroke,2,1,15,2,12,Skilled Nursing Facility,2025-11-07,75,High,0
P-6826,60,Male,Emergency,Urgent,Hypertension,0,0,3,0,5,Home Health Care,2025-12-17,17,Low,0
P-6827,62,Female,Orthopedics,Elective,Diabetes with Complications,1,0,9,3,10,Home Health Care,2025-08-02,65,High,0
P-6828,64,Male,Pediatrics,Emergency,Hip Fracture,3,1,9,4,3,Rehab,2025-11-29,82,High,1
P-6829,83,Female,Cardiology,Elective,Stroke,2,1,4,1,9,Home Health Care,2025-12-14,63,High,1
P-6830,58,Male,Cardiology,Urgent,Gastrointestinal Bleed,3,1,4,4,8,Home,2025-02-24,74,High,1
P-6831,60,Male,Cardiology,Elective,Sepsis,1,0,2,2,1,Home,2025-08-30,27,Low,0
P-6832,44,Female,General Medicine,Elective,Stroke,2,1,4,2,4,Home,2025-03-23,40,Medium,0
P-6833,75,Female,Emergency,Emergency,Hypertension,5,2,4,4,12,Home,2025-11-19,93,High,1
P-6834,64,Male,General Medicine,Elective,Gastrointestinal Bleed,1,0,2,1,8,Home,2025-01-22,30,Low,0
P-6835,55,Female,Emergency,Emergency,Stroke,1,2,8,2,10,Home,2025-06-18,63,High,1
P-6836,31,Male,General Medicine,Transfer,Gastrointestinal Bleed,1,0,2,0,2,Skilled Nursing Facility,2025-11-05,10,Low,0
P-6837,85,Male,General Medicine,Elective,Hip Fracture,2,0,7,2,3,Home,2025-09-27,66,High,0
P-6838,42,Male,Emergency,Elective,Acute Kidney Injury,0,0,20,3,4,Home,2025-03-12,69,High,0
P-6839,52,Male,Emergency,Transfer,Stroke,3,0,25,1,9,Home Health Care,2025-09-02,92,High,1
P-6840,67,Male,ICU,Emergency,Stroke,0,1,9,0,8,Home Health Care,2025-02-24,43,Medium,1
P-6841,42,Female,Emergency,Emergency,Heart Failure,3,1,9,4,3,Home Health Care,2025-07-23,73,High,1
P-6842,38,Female,Emergency,Elective,COPD,1,3,8,2,7,Home,2025-07-05,55,Medium,0
P-6843,28,Male,Emergency,Emergency,Acute Kidney Injury,1,1,6,3,10,Skilled Nursing Facility,2025-08-10,42,Medium,1
P-6844,73,Female,Neurology,Emergency,Sepsis,1,1,1,3,10,Home,2025-07-14,55,Medium,1
P-6845,53,Male,Neurology,Urgent,Stroke,0,1,1,3,6,Home Health Care,2025-09-17,30,Low,0
P-6846,95,Male,Orthopedics,Elective,Acute Kidney Injury,1,0,4,4,8,Rehab,2025-04-05,74,High,1
P-6847,46,Male,Emergency,Emergency,Diabetes with Complications,1,0,6,2,8,Home,2025-10-31,37,Medium,1
P-6848,47,Male,General Medicine,Emergency,Acute Kidney Injury,2,1,3,3,2,Rehab,2025-09-20,43,Medium,0
P-6849,52,Female,Emergency,Emergency,Acute Kidney Injury,1,2,14,0,4,Home Health Care,2025-02-03,58,Medium,1
P-6850,65,Male,Cardiology,Elective,Stroke,0,0,2,1,13,Home Health Care,2025-05-29,29,Low,0
P-6851,54,Female,Emergency,Emergency,Pneumonia,0,2,2,1,12,Home,2025-02-09,33,Medium,0
P-6852,71,Female,ICU,Urgent,Heart Failure,1,0,10,3,6,Skilled Nursing Facility,2025-12-29,68,High,1
P-6853,46,Female,Emergency,Elective,Sepsis,0,1,4,0,4,Home,2025-06-29,17,Low,0
P-6854,39,Female,Emergency,Emergency,Stroke,0,0,1,2,2,Home,2025-01-22,13,Low,0
P-6855,33,Male,Pediatrics,Emergency,Hypertension,1,0,1,3,16,Home Health Care,2025-04-14,32,Medium,0
P-6856,26,Male,Emergency,Elective,Hip Fracture,0,0,4,2,6,Skilled Nursing Facility,2025-11-30,15,Low,0
P-6857,53,Female,Neurology,Emergency,Stroke,2,2,2,3,9,Home,2025-08-23,59,Medium,1
P-6858,57,Male,Cardiology,Emergency,Stroke,3,2,4,0,6,Home,2025-12-16,51,Medium,1
P-6859,51,Male,Cardiology,Urgent,Stroke,2,1,8,1,10,Skilled Nursing Facility,2025-04-18,57,Medium,1
P-6860,81,Female,Emergency,Emergency,Heart Failure,0,2,4,2,2,Home,2025-06-16,49,Medium,0
P-6861,81,Male,General Medicine,Emergency,Gastrointestinal Bleed,1,0,3,4,5,Home,2025-09-16,60,Medium,0
P-6862,56,Female,ICU,Urgent,Gastrointestinal Bleed,1,2,1,1,8,Home,2025-04-21,34,Medium,0
P-6863,33,Male,Cardiology,Emergency,Stroke,3,0,1,5,11,Home Health Care,2025-11-01,56,Medium,1
P-6864,52,Female,Emergency,Emergency,Gastrointestinal Bleed,3,1,3,2,5,Home,2025-11-25,52,Medium,1
P-6865,52,Female,Emergency,Emergency,COPD,3,0,2,3,6,Skilled Nursing Facility,2025-08-23,51,Medium,0
P-6866,51,Male,General Medicine,Urgent,Stroke,2,0,3,1,10,Home,2025-02-03,36,Medium,1
P-6867,50,Female,Emergency,Urgent,Diabetes with Complications,1,2,4,1,10,Skilled Nursing Facility,2025-12-12,42,Medium,1
P-6868,51,Female,Cardiology,Emergency,Sepsis,1,0,1,1,6,Skilled Nursing Facility,2025-08-04,20,Low,0
P-6869,55,Female,Orthopedics,Elective,Diabetes with Complications,1,0,1,4,3,Home,2025-01-22,36,Medium,0
P-6870,51,Female,Cardiology,Emergency,Hypertension,2,1,9,1,11,Home,2025-06-04,61,High,0
P-6871,65,Male,General Medicine,Elective,Pneumonia,0,1,5,1,2,Rehab,2025-10-20,30,Low,0
P-6872,67,Male,General Medicine,Emergency,Heart Failure,0,0,7,2,11,Home,2025-02-08,48,Medium,0
P-6873,47,Male,Pediatrics,Emergency,Stroke,0,0,4,3,3,Home,2025-06-25,26,Low,0
P-6874,82,Female,Emergency,Urgent,Diabetes with Complications,4,2,6,1,5,Home,2025-11-07,82,High,1
P-6875,46,Male,General Medicine,Emergency,Pneumonia,2,2,3,3,4,Skilled Nursing Facility,2025-08-19,51,Medium,1
P-6876,36,Male,Emergency,Emergency,Heart Failure,0,2,1,1,10,Home,2025-10-25,20,Low,0
P-6877,68,Male,General Medicine,Urgent,Pneumonia,4,0,3,3,8,Home,2025-05-06,73,High,1
P-6878,48,Female,Emergency,Elective,COPD,2,0,5,2,5,Skilled Nursing Facility,2025-12-13,40,Medium,0
P-6879,67,Female,Emergency,Elective,Stroke,1,0,2,3,11,Rehab,2025-11-29,49,Medium,1
P-6880,23,Female,Orthopedics,Urgent,Sepsis,2,0,6,0,4,Home,2025-09-14,18,Low,0
P-6881,84,Female,ICU,Emergency,Heart Failure,0,0,1,3,1,Home,2025-11-22,36,Medium,0
P-6882,72,Female,Orthopedics,Emergency,COPD,2,0,2,1,3,Skilled Nursing Facility,2025-04-12,37,Medium,0
P-6883,37,Female,Orthopedics,Emergency,Gastrointestinal Bleed,0,0,6,6,6,Skilled Nursing Facility,2025-05-19,48,Medium,0
P-6884,38,Male,Emergency,Emergency,Pneumonia,1,0,2,2,4,Home,2025-03-09,20,Low,0
P-6885,88,Male,Emergency,Emergency,Sepsis,2,1,5,1,4,Home,2025-07-06,63,High,1
P-6886,50,Female,Emergency,Emergency,Diabetes with Complications,2,0,6,5,6,Home,2025-03-04,66,High,1
P-6887,48,Male,Pediatrics,Emergency,Acute Kidney Injury,2,1,2,1,1,Home Health Care,2025-02-18,27,Low,0
P-6888,25,Female,Cardiology,Emergency,Gastrointestinal Bleed,2,1,4,1,8,Skilled Nursing Facility,2025-11-15,28,Low,0
P-6889,56,Female,General Medicine,Emergency,Diabetes with Complications,2,2,13,3,5,Home,2025-06-19,82,High,1
P-6890,58,Female,General Medicine,Emergency,Pneumonia,1,1,5,2,8,Home,2025-11-19,48,Medium,0
P-6891,73,Male,Neurology,Elective,Diabetes with Complications,1,0,1,2,3,Home,2025-09-06,33,Medium,1
P-6892,39,Male,General Medicine,Emergency,Diabetes with Complications,1,2,1,4,7,Skilled Nursing Facility,2025-02-13,43,Medium,0
P-6893,37,Female,General Medicine,Emergency,Sepsis,2,0,8,3,10,Home Health Care,2025-10-24,56,Medium,1
P-6894,69,Male,Cardiology,Transfer,Sepsis,1,0,3,0,9,Home,2025-10-18,31,Medium,0
P-6895,78,Female,Emergency,Elective,Acute Kidney Injury,2,1,1,2,1,Home,2025-01-19,48,Medium,0
P-6896,36,Female,Cardiology,Emergency,Diabetes with Complications,2,1,3,1,12,Home Health Care,2025-12-20,35,Medium,0
P-6897,79,Female,Orthopedics,Elective,Heart Failure,2,3,6,0,7,Home,2025-02-14,69,High,1
P-6898,62,Female,General Medicine,Elective,Pneumonia,2,2,7,6,4,Home,2025-12-19,85,High,1
P-6899,79,Male,General Medicine,Emergency,Pneumonia,0,1,4,2,4,Home Health Care,2025-05-09,44,Medium,0
P-6900,60,Female,General Medicine,Emergency,Gastrointestinal Bleed,0,0,7,1,7,Home,2025-11-16,33,Medium,1
P-6901,21,Male,Emergency,Elective,COPD,1,2,3,4,3,Home Health Care,2025-03-05,33,Medium,1
P-6902,59,Male,Cardiology,Emergency,Gastrointestinal Bleed,1,0,3,3,6,Skilled Nursing Facility,2025-06-07,41,Medium,0
P-6903,78,Female,Emergency,Emergency,Heart Failure,4,2,3,1,12,Skilled Nursing Facility,2025-10-30,80,High,1
P-6904,47,Female,Cardiology,Emergency,Pneumonia,2,3,2,1,1,Home,2025-10-09,38,Medium,1
P-6905,55,Male,General Medicine,Emergency,Heart Failure,1,0,5,3,8,Home,2025-10-31,47,Medium,0
P-6906,59,Male,Cardiology,Urgent,Sepsis,2,0,5,1,10,Home,2025-07-22,46,Medium,0
P-6907,18,Female,General Medicine,Emergency,Heart Failure,1,1,9,2,5,Home,2025-01-12,32,Medium,1
P-6908,88,Male,General Medicine,Emergency,Diabetes with Complications,0,0,2,3,7,Home Health Care,2025-01-01,48,Medium,0
P-6909,47,Female,Emergency,Elective,Gastrointestinal Bleed,1,2,5,3,7,Home,2025-04-30,53,Medium,0
P-6910,70,Female,Cardiology,Emergency,Heart Failure,0,0,2,4,8,Home Health Care,2025-07-20,45,Medium,1
P-6911,60,Male,Emergency,Elective,COPD,1,0,11,2,7,Home,2025-04-04,59,Medium,0
P-6912,82,Male,Emergency,Emergency,Sepsis,3,0,2,1,9,Home,2025-05-21,59,Medium,1
P-6913,68,Male,General Medicine,Emergency,Diabetes with Complications,1,1,7,3,8,Home,2025-04-04,66,High,0
P-6914,58,Female,Cardiology,Elective,Heart Failure,1,1,9,3,9,Home Health Care,2025-04-03,67,High,0
P-6915,47,Female,Orthopedics,Emergency,COPD,1,0,3,1,7,Skilled Nursing Facility,2025-03-19,23,Low,0
P-6916,74,Female,General Medicine,Emergency,Pneumonia,2,0,2,4,2,Home,2025-08-24,58,Medium,1
P-6917,32,Male,Cardiology,Transfer,Stroke,0,0,1,1,1,Home Health Care,2025-09-09,8,Low,0
P-6918,72,Female,General Medicine,Emergency,Stroke,0,1,11,4,8,Home,2025-02-05,77,High,1
P-6919,44,Male,General Medicine,Emergency,Hypertension,2,0,5,1,5,Home,2025-11-18,32,Medium,0
P-6920,82,Female,General Medicine,Emergency,Stroke,0,0,8,2,5,Home,2025-01-29,53,Medium,0
P-6921,64,Male,Cardiology,Emergency,Gastrointestinal Bleed,1,1,5,3,7,Home,2025-12-27,57,Medium,1
P-6922,72,Female,Cardiology,Emergency,Gastrointestinal Bleed,1,0,1,2,4,Home Health Care,2025-08-10,34,Medium,0
P-6923,63,Female,Cardiology,Emergency,COPD,0,0,2,2,5,Home,2025-07-02,25,Low,0
P-6924,33,Male,Emergency,Emergency,Gastrointestinal Bleed,0,0,2,2,10,Home Health Care,2025-06-25,17,Low,0
P-6925,48,Female,General Medicine,Emergency,Stroke,0,0,3,3,5,Home,2025-04-19,26,Low,0
P-6926,72,Male,General Medicine,Emergency,Sepsis,1,0,1,0,4,Against Medical Advice,2025-12-01,23,Low,0
P-6927,64,Male,Neurology,Elective,Gastrointestinal Bleed,3,0,5,1,6,Home,2025-05-15,53,Medium,0
P-6928,80,Male,ICU,Elective,COPD,0,2,2,1,10,Home,2025-04-08,46,Medium,0
P-6929,68,Female,ICU,Emergency,Heart Failure,3,1,3,0,3,Rehab,2025-10-05,45,Medium,0
P-6930,46,Female,General Medicine,Transfer,Sepsis,0,0,1,4,12,Home,2025-06-17,33,Medium,1
P-6931,49,Female,Cardiology,Elective,Heart Failure,1,1,6,3,5,Home Health Care,2025-07-26,48,Medium,0
P-6932,63,Female,Emergency,Elective,Hypertension,1,0,4,0,9,Home,2025-11-30,30,Low,0
P-6933,24,Male,Emergency,Emergency,Gastrointestinal Bleed,1,2,11,4,8,Home Health Care,2025-12-05,64,High,1
P-6934,88,Male,Cardiology,Urgent,Acute Kidney Injury,1,1,1,2,8,Home,2025-04-12,54,Medium,0
P-6935,69,Male,General Medicine,Urgent,Diabetes with Complications,1,1,15,0,10,Home Health Care,2025-06-06,72,High,0
P-6936,81,Female,Emergency,Emergency,Hip Fracture,3,0,11,0,3,Home,2025-09-06,70,High,1
P-6937,36,Female,General Medicine,Elective,Hypertension,0,1,2,1,7,Skilled Nursing Facility,2025-03-27,16,Low,0
P-6938,81,Male,Orthopedics,Elective,Sepsis,2,1,11,2,7,Home,2025-12-23,82,High,1
P-6939,95,Female,Cardiology,Emergency,Pneumonia,1,0,2,3,5,Home,2025-02-04,59,Medium,1
P-6940,40,Female,Neurology,Emergency,Diabetes with Complications,0,2,2,2,6,Home,2025-04-14,25,Low,0
P-6941,74,Male,Emergency,Emergency,Hypertension,3,1,11,4,10,Against Medical Advice,2025-12-12,92,High,0
P-6942,62,Female,Neurology,Emergency,COPD,2,1,7,2,4,Skilled Nursing Facility,2025-07-23,60,Medium,0
P-6943,37,Female,Cardiology,Emergency,Heart Failure,0,0,3,3,9,Home,2025-02-12,25,Low,0
P-6944,69,Male,General Medicine,Elective,Heart Failure,2,1,1,1,6,Home Health Care,2025-07-12,42,Medium,0
P-6945,75,Female,Emergency,Elective,Acute Kidney Injury,0,1,3,1,5,Home,2025-10-21,34,Medium,0
P-6946,52,Male,General Medicine,Urgent,Hypertension,1,0,9,1,5,Skilled Nursing Facility,2025-10-18,39,Medium,0
P-6947,80,Male,General Medicine,Emergency,Gastrointestinal Bleed,3,2,5,0,3,Home,2025-11-22,65,High,1
P-6948,35,Male,Emergency,Emergency,Acute Kidney Injury,1,1,1,4,7,Home,2025-07-03,35,Medium,0
P-6949,38,Female,Neurology,Emergency,Sepsis,0,0,3,5,1,Home,2025-03-15,28,Low,0
P-6950,64,Male,Emergency,Urgent,Hypertension,2,0,6,1,4,Home Health Care,2025-09-13,45,Medium,0
P-6951,62,Female,Cardiology,Emergency,Gastrointestinal Bleed,1,0,10,1,6,Home,2025-01-09,50,Medium,1
P-6952,50,Female,General Medicine,Elective,Pneumonia,1,0,17,2,2,Home,2025-02-04,65,High,1
P-6953,74,Male,General Medicine,Emergency,COPD,0,1,9,1,6,Home Health Care,2025-03-29,51,Medium,0
P-6954,70,Female,Emergency,Emergency,Diabetes with Complications,0,0,10,3,7,Home,2025-11-03,61,High,0
P-6955,75,Male,Emergency,Emergency,COPD,1,1,2,4,6,Home,2025-07-27,61,High,0
P-6956,60,Female,Pediatrics,Emergency,Hip Fracture,0,0,9,2,6,Home Health Care,2025-12-10,44,Medium,1
P-6957,71,Male,General Medicine,Elective,Diabetes with Complications,3,2,12,1,6,Skilled Nursing Facility,2025-04-23,84,High,1
P-6958,54,Female,Cardiology,Emergency,COPD,0,1,5,5,8,Home Health Care,2025-07-21,57,Medium,0
P-6959,94,Female,Cardiology,Emergency,Hip Fracture,3,0,4,4,13,Home,2025-12-18,88,High,1
P-6960,48,Female,Pediatrics,Urgent,Stroke,0,0,8,2,6,Home,2025-08-31,34,Medium,0
P-6961,95,Male,General Medicine,Emergency,Gastrointestinal Bleed,3,2,5,3,1,Skilled Nursing Facility,2025-04-05,85,High,1
P-6962,62,Female,Neurology,Emergency,Diabetes with Complications,0,0,8,4,6,Home,2025-06-12,56,Medium,0
P-6963,39,Male,Emergency,Urgent,COPD,3,0,3,1,8,Home,2025-05-31,35,Medium,0
P-6964,83,Male,General Medicine,Emergency,Gastrointestinal Bleed,0,2,1,3,7,Home,2025-07-09,55,Medium,0
P-6965,64,Male,General Medicine,Urgent,Sepsis,2,0,12,3,11,Home Health Care,2025-07-07,81,High,1
P-6966,75,Male,Cardiology,Urgent,Gastrointestinal Bleed,0,0,16,3,3,Home,2025-05-15,75,High,0
P-6967,81,Female,General Medicine,Emergency,Gastrointestinal Bleed,2,0,17,7,6,Skilled Nursing Facility,2025-05-05,97,High,1
P-6968,67,Female,General Medicine,Emergency,Stroke,1,2,15,3,3,Home,2025-03-23,83,High,1
P-6969,52,Male,Emergency,Emergency,Stroke,2,0,4,1,10,Skilled Nursing Facility,2025-10-18,39,Medium,0
P-6970,77,Female,Orthopedics,Emergency,Hip Fracture,1,0,5,3,7,Home,2025-02-25,59,Medium,0
P-6971,62,Male,Orthopedics,Elective,Diabetes with Complications,1,0,10,3,1,Home,2025-09-23,57,Medium,1
P-6972,72,Female,Orthopedics,Emergency,Hypertension,0,4,1,4,3,Home Health Care,2025-01-05,62,High,0
P-6973,27,Female,Orthopedics,Emergency,Stroke,3,0,1,1,6,Home Health Care,2025-07-02,22,Low,1
P-6974,69,Female,Emergency,Emergency,Sepsis,2,1,1,1,1,Home,2025-12-13,36,Medium,0
P-6975,51,Male,Emergency,Emergency,Stroke,1,1,2,1,2,Home,2025-02-03,23,Low,1
P-6976,88,Female,Orthopedics,Elective,Sepsis,1,1,3,3,1,Skilled Nursing Facility,2025-07-09,59,Medium,0
P-6977,71,Male,Emergency,Elective,Pneumonia,1,1,3,8,6,Home,2025-08-21,83,High,1
P-6978,65,Female,Cardiology,Elective,Acute Kidney Injury,1,2,3,6,7,Against Medical Advice,2025-05-13,76,High,1
P-6979,69,Female,Emergency,Urgent,Pneumonia,3,0,10,4,3,Home Health Care,2025-01-27,82,High,1
P-6980,46,Female,Cardiology,Emergency,Sepsis,4,0,2,4,5,Home Health Care,2025-12-16,61,High,1
P-6981,87,Male,General Medicine,Elective,Pneumonia,1,2,7,1,10,Home,2025-02-25,72,High,0
P-6982,93,Female,Emergency,Emergency,Diabetes with Complications,0,1,17,3,3,Home,2025-11-15,87,High,1
P-6983,68,Female,Cardiology,Transfer,COPD,3,1,5,1,1,Home,2025-03-22,56,Medium,0
P-6984,87,Female,Pediatrics,Emergency,Gastrointestinal Bleed,0,0,1,1,3,Home,2025-04-18,27,Low,1
P-6985,52,Female,General Medicine,Transfer,Heart Failure,4,1,1,0,7,Home,2025-04-02,43,Medium,0
P-6986,49,Female,General Medicine,Elective,Hip Fracture,1,0,9,3,8,Home,2025-12-13,55,Medium,0
P-6987,62,Female,General Medicine,Elective,Acute Kidney Injury,4,0,3,4,10,Home,2025-02-05,77,High,0
P-6988,68,Male,Orthopedics,Emergency,Diabetes with Complications,2,1,3,3,1,Home,2025-06-21,55,Medium,0
P-6989,55,Female,General Medicine,Emergency,Gastrointestinal Bleed,1,0,10,2,8,Home,2025-05-26,55,Medium,0
P-6990,70,Male,General Medicine,Emergency,Diabetes with Complications,2,0,6,1,2,Home Health Care,2025-10-12,46,Medium,1
P-6991,66,Female,Pediatrics,Emergency,Pneumonia,3,0,6,2,10,Home Health Care,2025-09-30,69,High,1
P-6992,46,Female,Cardiology,Urgent,Heart Failure,0,0,6,3,7,Rehab,2025-06-08,35,Medium,0
P-6993,70,Male,Neurology,Elective,Heart Failure,3,2,5,4,5,Home,2025-06-03,83,High,1
P-6994,75,Female,Emergency,Urgent,Diabetes with Complications,0,0,7,1,3,Home Health Care,2025-08-24,36,Medium,0
P-6995,64,Female,Emergency,Emergency,Diabetes with Complications,1,2,6,1,1,Home,2025-01-07,45,Medium,1
P-6996,80,Female,Cardiology,Emergency,Sepsis,0,0,1,3,4,Home Health Care,2025-04-08,37,Medium,0
P-6997,42,Male,Emergency,Elective,Hip Fracture,1,1,2,0,5,Home,2025-10-02,17,Low,0
P-6998,69,Male,General Medicine,Emergency,COPD,3,1,1,0,9,Home Health Care,2025-04-23,47,Medium,1
P-6999,43,Female,Pediatrics,Urgent,Pneumonia,2,0,8,2,7,Home,2025-12-06,49,Medium,0
P-7000,44,Male,Pediatrics,Elective,Diabetes with Complications,4,1,5,2,5,Home,2025-04-23,61,High,0
P-7001,51,Female,Pediatrics,Emergency,Heart Failure,3,2,16,2,18,Home,2025-11-29,92,High,1
P-7002,46,Male,Emergency,Elective,Hip Fracture,1,0,6,2,3,Home,2025-07-20,32,Medium,0
P-7003,53,Male,Pediatrics,Elective,Stroke,3,1,4,0,8,Home,2025-01-11,45,Medium,0
P-7004,58,Female,Emergency,Elective,Diabetes with Complications,1,1,13,3,14,Home Health Care,2025-05-17,81,High,1
P-7005,75,Male,Orthopedics,Emergency,Stroke,1,0,16,2,7,Home Health Care,2025-07-08,79,High,1
P-7006,56,Female,Cardiology,Emergency,Sepsis,0,1,5,1,6,Home,2025-08-15,30,Low,1
P-7007,36,Female,Emergency,Emergency,Hip Fracture,1,0,5,1,7,Home Health Care,2025-08-04,23,Low,1
P-7008,80,Female,Pediatrics,Elective,Sepsis,3,0,4,1,7,Home,2025-05-29,61,High,1
P-7009,48,Male,Neurology,Emergency,COPD,3,0,1,2,3,Home,2025-05-09,35,Medium,0
P-7010,61,Female,General Medicine,Elective,Hip Fracture,0,0,7,2,11,Home Health Care,2025-03-29,44,Medium,0
P-7011,69,Male,General Medicine,Emergency,Heart Failure,4,0,10,2,9,Home Health Care,2025-01-23,84,High,1
P-7012,65,Female,Cardiology,Urgent,Hypertension,1,0,4,3,5,Home Health Care,2025-12-26,46,Medium,0
P-7013,79,Male,General Medicine,Transfer,Heart Failure,2,0,1,1,5,Home,2025-12-17,41,Medium,0
P-7014,69,Male,General Medicine,Elective,COPD,1,1,8,4,7,Rehab,2025-03-01,74,High,0
P-7015,48,Female,ICU,Emergency,Heart Failure,0,0,11,0,8,Skilled Nursing Facility,2025-09-18,31,Medium,0
P-7016,95,Female,Cardiology,Emergency,Acute Kidney Injury,0,0,8,1,9,Home,2025-08-24,59,Medium,1
P-7017,65,Male,Cardiology,Emergency,Gastrointestinal Bleed,3,0,2,3,5,Against Medical Advice,2025-10-26,58,Medium,0
P-7018,59,Female,General Medicine,Emergency,Gastrointestinal Bleed,2,0,2,0,3,Home,2025-07-07,24,Low,1
P-7019,77,Female,Cardiology,Elective,Gastrointestinal Bleed,2,0,3,4,6,Home,2025-03-03,67,High,1
P-7020,65,Male,Emergency,Urgent,Sepsis,1,2,1,3,8,Rehab,2025-08-09,53,Medium,1
P-7021,68,Male,Emergency,Emergency,Heart Failure,4,1,6,1,8,Home,2025-02-28,74,High,1
P-7022,95,Male,General Medicine,Emergency,Hypertension,1,0,6,1,4,Home,2025-06-26,56,Medium,1
P-7023,57,Male,General Medicine,Elective,Acute Kidney Injury,2,0,20,3,5,Home,2025-01-09,87,High,1
P-7024,56,Male,General Medicine,Urgent,Hypertension,2,1,3,2,4,Home,2025-01-29,44,Medium,1
P-7025,63,Male,Emergency,Emergency,Diabetes with Complications,1,0,6,2,7,Home,2025-05-12,46,Medium,0
P-7026,79,Female,Emergency,Emergency,Heart Failure,5,0,4,1,1,Home,2025-07-07,70,High,1
P-7027,37,Male,Emergency,Urgent,Acute Kidney Injury,1,0,1,2,9,Home,2025-06-24,22,Low,1
P-7028,30,Female,Orthopedics,Emergency,Acute Kidney Injury,2,1,11,4,4,Home,2025-10-29,65,High,0
P-7029,52,Other,Emergency,Elective,Heart Failure,3,0,1,1,1,Home,2025-11-29,29,Low,0
P-7030,35,Female,Cardiology,Elective,Stroke,2,1,1,0,7,Home Health Care,2025-03-22,20,Low,1
P-7031,55,Female,General Medicine,Emergency,Pneumonia,2,3,2,1,6,Home Health Care,2025-10-20,49,Medium,0
P-7032,70,Male,Emergency,Emergency,Sepsis,1,0,30,3,1,Skilled Nursing Facility,2025-07-02,95,High,1
P-7033,47,Male,Orthopedics,Urgent,Diabetes with Complications,2,0,1,4,5,Home,2025-04-10,42,Medium,1
P-7034,39,Female,Emergency,Emergency,Gastrointestinal Bleed,1,1,3,0,10,Home,2025-09-08,22,Low,1
P-7035,63,Male,General Medicine,Emergency,Diabetes with Complications,1,0,4,1,4,Home Health Care,2025-11-04,31,Medium,0
P-7036,75,Male,ICU,Emergency,Diabetes with Complications,1,1,2,3,6,Home,2025-08-23,54,Medium,0
P-7037,34,Female,Emergency,Emergency,Heart Failure,1,1,6,0,13,Home Health Care,2025-03-23,29,Low,0
P-7038,75,Male,Emergency,Elective,Heart Failure,2,1,3,1,9,Home,2025-03-07,55,Medium,1
P-7039,75,Female,Orthopedics,Urgent,COPD,1,2,5,2,11,Home,2025-05-16,68,High,1
P-7040,77,Female,Pediatrics,Urgent,Stroke,1,0,2,1,8,Home,2025-04-20,38,Medium,0
P-7041,81,Female,Emergency,Emergency,COPD,1,2,1,4,3,Home,2025-02-14,64,High,0
P-7042,95,Female,Orthopedics,Emergency,Acute Kidney Injury,1,1,4,1,6,Home,2025-09-09,58,Medium,1
P-7043,56,Male,General Medicine,Emergency,Sepsis,1,0,4,2,7,Home,2025-01-23,36,Medium,0
P-7044,63,Female,Pediatrics,Urgent,Acute Kidney Injury,0,1,2,1,4,Rehab,2025-07-14,24,Low,0
P-7045,55,Male,Orthopedics,Emergency,Acute Kidney Injury,1,1,3,5,4,Rehab,2025-07-03,56,Medium,0
P-7046,62,Female,ICU,Emergency,COPD,1,1,3,1,8,Home Health Care,2025-10-20,38,Medium,1
P-7047,86,Male,General Medicine,Urgent,Gastrointestinal Bleed,3,0,4,2,3,Skilled Nursing Facility,2025-09-20,67,High,1
P-7048,40,Female,Emergency,Emergency,Acute Kidney Injury,2,1,5,1,5,Home Health Care,2025-11-23,35,Medium,0
P-7049,48,Female,ICU,Emergency,Gastrointestinal Bleed,1,0,1,1,7,Home,2025-11-19,20,Low,0
P-7050,84,Male,Cardiology,Emergency,COPD,0,2,1,0,1,Home Health Care,2025-09-05,28,Low,1
P-7051,78,Male,Neurology,Elective,Gastrointestinal Bleed,1,0,3,1,3,Home,2025-03-27,35,Medium,0
P-7052,56,Male,Neurology,Elective,Acute Kidney Injury,2,3,3,3,7,Home Health Care,2025-08-29,67,High,0
P-7053,75,Male,General Medicine,Elective,Hip Fracture,0,2,2,1,12,Home,2025-03-19,45,Medium,0
P-7054,67,Male,Pediatrics,Emergency,Heart Failure,1,3,5,0,3,Skilled Nursing Facility,2025-06-15,46,Medium,0
P-7055,86,Female,Orthopedics,Emergency,COPD,6,0,15,4,5,Home,2025-01-30,98,High,1
P-7056,63,Male,ICU,Elective,COPD,1,0,5,2,5,Home,2025-02-06,41,Medium,1
P-7057,78,Male,Cardiology,Urgent,Diabetes with Complications,3,1,1,3,15,Skilled Nursing Facility,2025-05-01,78,High,0
P-7058,95,Female,ICU,Emergency,Pneumonia,1,3,2,3,8,Skilled Nursing Facility,2025-08-19,78,High,0
P-7059,71,Male,ICU,Emergency,Hip Fracture,3,2,4,2,6,Skilled Nursing Facility,2025-06-11,72,High,1
P-7060,62,Male,Cardiology,Elective,Hip Fracture,1,0,2,3,6,Home Health Care,2025-04-21,40,Medium,0
P-7061,73,Female,Emergency,Emergency,Heart Failure,1,2,3,2,4,Home Health Care,2025-06-02,52,Medium,1
P-7062,56,Female,Orthopedics,Emergency,Diabetes with Complications,1,0,4,1,4,Home,2025-09-01,27,Low,0
P-7063,95,Male,Orthopedics,Emergency,COPD,0,1,6,0,8,Home,2025-06-10,51,Medium,1
P-7064,64,Male,General Medicine,Transfer,Sepsis,2,1,2,6,11,Home,2025-04-16,79,High,1
P-7065,57,Male,Neurology,Elective,Pneumonia,0,0,3,1,6,Home,2025-10-09,21,Low,0
P-7066,48,Male,Emergency,Emergency,Stroke,0,0,3,2,15,Home,2025-09-11,30,Low,0
P-7067,79,Male,Orthopedics,Urgent,Pneumonia,5,2,1,6,6,Home,2025-04-12,93,High,1
P-7068,75,Female,Emergency,Emergency,Hip Fracture,2,3,5,1,6,Home,2025-12-18,69,High,1
P-7069,54,Female,Cardiology,Emergency,Sepsis,0,1,7,0,5,Home,2025-06-02,27,Low,1
P-7070,71,Male,Neurology,Emergency,Hip Fracture,0,1,9,1,3,Home Health Care,2025-01-19,46,Medium,1
P-7071,37,Female,Emergency,Emergency,Stroke,1,1,1,2,6,Home,2025-09-05,23,Low,0
P-7072,64,Male,Emergency,Urgent,Acute Kidney Injury,4,1,4,3,9,Home,2025-08-06,79,High,1
P-7073,69,Female,Emergency,Emergency,Acute Kidney Injury,1,0,20,2,3,Home,2025-08-20,82,High,1
P-7074,89,Female,General Medicine,Emergency,Pneumonia,1,0,7,3,11,Home,2025-11-09,75,High,1
P-7075,49,Female,Pediatrics,Urgent,COPD,1,0,5,2,10,Rehab,2025-04-11,39,Medium,0
P-7076,41,Male,ICU,Emergency,Hip Fracture,2,2,1,1,10,Home Health Care,2025-03-29,36,Medium,1
P-7077,47,Male,Orthopedics,Emergency,Acute Kidney Injury,0,3,1,4,9,Home,2025-09-28,48,Medium,0
P-7078,40,Female,ICU,Emergency,Gastrointestinal Bleed,0,1,1,0,4,Home,2025-03-01,11,Low,1
P-7079,83,Male,Emergency,Transfer,Pneumonia,1,2,8,2,6,Home,2025-12-10,74,High,1
P-7080,86,Male,Cardiology,Emergency,Hypertension,4,1,4,1,10,Home Health Care,2025-06-14,80,High,1
P-7081,67,Male,General Medicine,Emergency,Pneumonia,4,0,2,3,6,Rehab,2025-04-16,68,High,0
P-7082,81,Female,ICU,Elective,Hip Fracture,2,0,10,1,2,Home,2025-09-24,65,High,1
P-7083,64,Male,General Medicine,Transfer,Hip Fracture,1,1,8,6,7,Home Health Care,2025-07-07,82,High,1
P-7084,60,Other,Cardiology,Urgent,Stroke,0,1,7,1,6,Home,2025-03-18,37,Medium,0
P-7085,56,Male,Cardiology,Emergency,Sepsis,4,0,7,1,1,Home Health Care,2025-12-03,57,Medium,1
P-7086,57,Male,General Medicine,Urgent,Stroke,2,2,1,1,8,Home,2025-01-07,43,Medium,0
P-7087,37,Female,Cardiology,Urgent,Stroke,3,1,10,2,6,Home,2025-03-05,64,High,0
P-7088,66,Male,Cardiology,Elective,Sepsis,2,1,1,5,5,Home,2025-10-23,66,High,0
P-7089,61,Female,Cardiology,Elective,Gastrointestinal Bleed,2,0,9,4,1,Home,2025-03-20,68,High,1
P-7090,73,Male,General Medicine,Emergency,Acute Kidney Injury,1,2,10,4,10,Home Health Care,2025-11-14,86,High,1
P-7091,63,Male,General Medicine,Elective,Acute Kidney Injury,2,0,6,3,3,Rehab,2025-04-20,57,Medium,1
P-7092,59,Female,ICU,Elective,Sepsis,0,0,6,3,14,Home,2025-02-03,51,Medium,1
P-7093,48,Male,Cardiology,Emergency,Hypertension,0,1,2,5,9,Home,2025-11-08,46,Medium,1
P-7094,63,Female,Emergency,Emergency,COPD,1,0,2,1,11,Home,2025-02-07,33,Medium,0
P-7095,73,Female,Emergency,Emergency,Hypertension,3,0,4,5,6,Home,2025-01-30,79,High,0
P-7096,43,Male,Orthopedics,Urgent,Hypertension,2,1,4,1,7,Home,2025-08-16,36,Medium,0
P-7097,63,Male,General Medicine,Elective,Gastrointestinal Bleed,0,1,2,5,5,Home,2025-11-14,50,Medium,1
P-7098,65,Male,General Medicine,Emergency,Diabetes with Complications,2,1,11,6,7,Home Health Care,2025-11-25,90,High,1
P-7099,50,Male,Emergency,Urgent,Pneumonia,4,1,1,4,3,Home Health Care,2025-07-07,64,High,1
P-7100,52,Female,General Medicine,Elective,Gastrointestinal Bleed,1,0,3,6,1,Home,2025-12-10,51,Medium,0
P-7101,65,Male,Orthopedics,Urgent,Heart Failure,0,0,2,4,6,Home Health Care,2025-02-26,40,Medium,0
P-7102,43,Female,General Medicine,Emergency,Acute Kidney Injury,1,2,12,1,1,Skilled Nursing Facility,2025-11-18,50,Medium,1
P-7103,67,Male,General Medicine,Emergency,Pneumonia,2,2,1,0,7,Home,2025-08-20,41,Medium,1
P-7104,47,Male,General Medicine,Elective,Pneumonia,4,1,3,1,4,Home,2025-12-30,49,Medium,0
P-7105,79,Male,General Medicine,Emergency,Heart Failure,1,1,1,3,6,Home Health Care,2025-03-09,53,Medium,0
P-7106,95,Male,Emergency,Emergency,Hip Fracture,0,2,7,0,4,Home Health Care,2025-05-12,55,Medium,0
P-7107,48,Female,General Medicine,Emergency,Pneumonia,1,0,5,5,10,Home,2025-03-21,59,Medium,1
P-7108,70,Female,Cardiology,Elective,COPD,4,2,9,4,3,Skilled Nursing Facility,2025-08-13,91,High,1
P-7109,50,Male,General Medicine,Emergency,Acute Kidney Injury,0,0,2,3,10,Home,2025-05-20,30,Low,0
P-7110,78,Female,Orthopedics,Emergency,Acute Kidney Injury,0,0,4,5,7,Home,2025-10-29,62,High,0
P-7111,41,Female,Orthopedics,Emergency,Diabetes with Complications,1,3,15,2,2,Home Health Care,2025-07-18,71,High,1
P-7112,69,Female,Emergency,Emergency,Stroke,1,0,2,2,4,Rehab,2025-06-14,35,Medium,1
P-7113,48,Female,Cardiology,Urgent,Sepsis,3,0,11,1,1,Skilled Nursing Facility,2025-01-23,55,Medium,1
P-7114,58,Female,ICU,Emergency,Stroke,2,1,14,3,1,Rehab,2025-02-09,78,High,1
P-7115,45,Female,General Medicine,Elective,Hypertension,1,0,3,3,4,Home,2025-04-11,30,Low,0
P-7116,75,Male,Orthopedics,Emergency,Hypertension,2,0,2,4,8,Home,2025-07-12,65,High,1
P-7117,48,Male,General Medicine,Emergency,Pneumonia,0,2,2,0,12,Home,2025-11-27,24,Low,0
P-7118,70,Female,Cardiology,Urgent,Hip Fracture,2,1,9,0,7,Home,2025-06-11,61,High,1
P-7119,56,Female,Neurology,Transfer,Sepsis,2,0,6,0,5,Home Health Care,2025-04-16,35,Medium,0
P-7120,60,Female,Pediatrics,Emergency,Stroke,4,2,2,3,4,Home,2025-02-16,73,High,1
P-7121,64,Female,Emergency,Emergency,Gastrointestinal Bleed,1,1,9,3,1,Home,2025-09-21,62,High,0
P-7122,49,Male,General Medicine,Emergency,Hip Fracture,1,1,1,4,3,Home Health Care,2025-02-05,38,Medium,1
P-7123,65,Female,General Medicine,Emergency,Hip Fracture,0,0,4,3,6,Home,2025-05-02,39,Medium,0
P-7124,86,Female,General Medicine,Elective,Pneumonia,2,1,1,4,8,Home,2025-10-03,74,High,1
P-7125,49,Female,Pediatrics,Emergency,Heart Failure,4,0,5,2,9,Skilled Nursing Facility,2025-04-12,63,High,1
P-7126,80,Female,Cardiology,Elective,Heart Failure,2,0,5,6,4,Home Health Care,2025-02-11,81,High,0
P-7127,85,Male,General Medicine,Elective,Hypertension,1,0,3,2,9,Home Health Care,2025-06-04,54,Medium,0
P-7128,48,Male,General Medicine,Emergency,Diabetes with Complications,1,2,1,2,14,Home Health Care,2025-11-30,43,Medium,0
P-7129,38,Female,Orthopedics,Elective,Hip Fracture,1,1,4,2,12,Home,2025-07-05,38,Medium,0
P-7130,66,Male,Orthopedics,Urgent,Hypertension,3,1,12,5,12,Home,2025-12-11,94,High,1
P-7131,53,Male,Pediatrics,Elective,Sepsis,0,0,8,1,4,Home,2025-09-19,28,Low,0
P-7132,91,Male,Emergency,Urgent,Sepsis,2,1,4,1,2,Skilled Nursing Facility,2025-05-07,60,Medium,1
P-7133,62,Male,Orthopedics,Elective,Heart Failure,1,0,1,2,2,Home,2025-09-19,27,Low,0
P-7134,49,Female,Emergency,Elective,Diabetes with Complications,2,1,5,0,8,Home Health Care,2025-02-16,37,Medium,1
P-7135,43,Female,Emergency,Urgent,Acute Kidney Injury,1,2,2,4,14,Home,2025-04-03,57,Medium,1
P-7136,79,Female,Cardiology,Elective,Pneumonia,3,0,7,1,5,Home Health Care,2025-12-22,67,High,1
P-7137,52,Male,Orthopedics,Emergency,Diabetes with Complications,3,1,1,4,5,Home,2025-01-01,60,Medium,1
P-7138,62,Female,Pediatrics,Emergency,Gastrointestinal Bleed,0,1,3,1,12,Home Health Care,2025-12-31,34,Medium,0
P-7139,77,Female,Cardiology,Urgent,Hypertension,3,1,2,2,8,Skilled Nursing Facility,2025-06-02,67,High,1
P-7140,54,Other,ICU,Emergency,Stroke,1,1,1,1,8,Home Health Care,2025-06-22,28,Low,0
P-7141,61,Female,Orthopedics,Emergency,Heart Failure,0,0,3,1,6,Home Health Care,2025-07-22,23,Low,0
P-7142,61,Female,General Medicine,Emergency,Heart Failure,0,0,1,2,9,Home,2025-10-15,26,Low,0
P-7143,72,Male,Pediatrics,Elective,Pneumonia,1,2,1,5,4,Home,2025-12-14,66,High,1
P-7144,71,Male,Cardiology,Elective,Hypertension,0,1,5,1,5,Home,2025-09-29,37,Medium,0
P-7145,58,Female,ICU,Emergency,Sepsis,3,0,20,1,6,Home,2025-08-19,86,High,1
P-7146,63,Female,Emergency,Emergency,Diabetes with Complications,0,2,6,4,11,Home Health Care,2025-10-27,68,High,0
P-7147,56,Female,ICU,Urgent,Hip Fracture,1,1,10,0,8,Rehab,2025-05-17,48,Medium,0
P-7148,38,Male,Cardiology,Elective,COPD,2,2,1,4,13,Home,2025-03-18,58,Medium,1
P-7149,66,Female,Cardiology,Urgent,Hip Fracture,1,0,2,2,5,Home Health Care,2025-06-02,34,Medium,1
P-7150,92,Male,Cardiology,Emergency,Stroke,1,0,7,3,7,Home Health Care,2025-08-08,73,High,1
P-7151,47,Male,Cardiology,Elective,Diabetes with Complications,0,2,1,4,1,Against Medical Advice,2025-08-31,32,Medium,0
P-7152,49,Male,Pediatrics,Elective,Gastrointestinal Bleed,1,1,5,4,8,Home Health Care,2025-12-25,56,Medium,1
P-7153,48,Female,Cardiology,Emergency,Acute Kidney Injury,3,1,3,2,1,Home Health Care,2025-03-27,44,Medium,0
P-7154,73,Male,Emergency,Urgent,Sepsis,1,1,5,5,10,Home,2025-11-23,77,High,1
P-7155,69,Female,Orthopedics,Emergency,Diabetes with Complications,0,1,16,2,10,Home,2025-12-25,78,High,1
P-7156,59,Male,General Medicine,Elective,Pneumonia,1,1,7,1,4,Home,2025-04-18,42,Medium,1
P-7157,47,Female,General Medicine,Elective,Hypertension,4,0,21,2,2,Skilled Nursing Facility,2025-02-22,89,High,1
P-7158,63,Female,General Medicine,Emergency,Hip Fracture,0,0,1,5,3,Home,2025-06-11,39,Medium,0
P-7159,36,Female,Orthopedics,Elective,Acute Kidney Injury,1,1,3,5,1,Home,2025-04-29,40,Medium,1
P-7160,64,Male,Orthopedics,Emergency,Hypertension,0,0,2,3,5,Rehab,2025-07-18,32,Medium,0
P-7161,75,Male,General Medicine,Elective,Heart Failure,0,0,5,0,6,Skilled Nursing Facility,2025-04-14,28,Low,0
P-7162,41,Female,Orthopedics,Emergency,Gastrointestinal Bleed,1,0,1,1,5,Home Health Care,2025-05-02,16,Low,0
P-7163,37,Male,Emergency,Emergency,Heart Failure,0,2,11,3,10,Home,2025-07-01,60,Medium,1
P-7164,87,Male,Cardiology,Emergency,Gastrointestinal Bleed,2,1,5,1,7,Home,2025-01-05,66,High,0
P-7165,52,Female,Orthopedics,Emergency,Hypertension,1,0,5,3,9,Home,2025-12-14,46,Medium,0
P-7166,80,Female,Emergency,Elective,Sepsis,0,0,8,1,6,Home Health Care,2025-03-05,46,Medium,1
P-7167,59,Male,Neurology,Urgent,Stroke,0,0,7,3,4,Home,2025-08-04,41,Medium,1
P-7168,59,Male,ICU,Emergency,Heart Failure,0,0,6,2,3,Home,2025-01-31,31,Medium,0
P-7169,69,Female,Emergency,Emergency,Hypertension,1,1,14,0,2,Home Health Care,2025-02-25,60,Medium,1
P-7170,47,Female,Neurology,Emergency,Heart Failure,2,0,2,0,11,Home,2025-05-04,26,Low,0
P-7171,64,Male,Cardiology,Elective,Acute Kidney Injury,0,0,1,2,4,Home,2025-12-22,23,Low,0
P-7172,55,Male,Neurology,Emergency,Diabetes with Complications,1,2,5,1,6,Home Health Care,2025-01-06,43,Medium,0
P-7173,40,Female,Pediatrics,Emergency,Hypertension,0,2,1,2,9,Home Health Care,2025-05-03,26,Low,0
P-7174,67,Male,Orthopedics,Elective,Acute Kidney Injury,2,1,4,3,5,Against Medical Advice,2025-08-12,62,High,1
P-7175,57,Female,General Medicine,Emergency,Acute Kidney Injury,3,2,6,4,3,Home,2025-11-10,78,High,1
P-7176,59,Female,General Medicine,Emergency,Sepsis,4,0,6,1,5,Home,2025-05-30,60,Medium,1
P-7177,42,Male,Orthopedics,Emergency,Gastrointestinal Bleed,2,0,2,4,12,Home,2025-05-08,50,Medium,1
P-7178,87,Female,General Medicine,Emergency,Sepsis,1,2,6,2,8,Home,2025-05-17,73,High,0
P-7179,76,Male,General Medicine,Emergency,Hypertension,3,0,2,2,3,Skilled Nursing Facility,2025-04-12,55,Medium,0
P-7180,77,Male,Pediatrics,Elective,Heart Failure,2,0,8,1,8,Rehab,2025-12-09,64,High,0
P-7181,57,Female,General Medicine,Emergency,Acute Kidney Injury,0,2,10,0,9,Rehab,2025-06-05,47,Medium,1
P-7182,34,Female,Pediatrics,Emergency,Diabetes with Complications,1,0,5,2,13,Home,2025-11-02,33,Medium,0
P-7183,93,Male,ICU,Emergency,Hip Fracture,2,1,5,3,9,Home Health Care,2025-09-30,81,High,1
P-7184,61,Male,Cardiology,Elective,Stroke,1,1,2,5,8,Home,2025-03-12,61,High,1
P-7185,50,Male,Emergency,Urgent,Sepsis,1,0,3,0,7,Home,2025-01-26,20,Low,0
P-7186,68,Male,Emergency,Elective,Diabetes with Complications,1,0,2,0,7,Home,2025-09-04,26,Low,0
P-7187,80,Female,General Medicine,Emergency,Pneumonia,1,1,6,1,2,Home,2025-11-14,50,Medium,1
P-7188,61,Female,Cardiology,Elective,Gastrointestinal Bleed,2,0,5,4,1,Home,2025-12-14,57,Medium,1
P-7189,82,Male,Pediatrics,Emergency,Gastrointestinal Bleed,0,2,1,1,6,Home,2025-01-28,39,Medium,0
P-7190,79,Male,Emergency,Emergency,Stroke,2,1,11,1,9,Skilled Nursing Facility,2025-02-08,78,High,0
P-7191,44,Male,Emergency,Emergency,Diabetes with Complications,3,0,20,3,4,Home Health Care,2025-10-30,87,High,1
P-7192,51,Male,Cardiology,Emergency,Stroke,1,3,1,0,3,Home Health Care,2025-09-01,26,Low,0
P-7193,77,Male,General Medicine,Emergency,Heart Failure,0,1,2,5,3,Home,2025-09-19,57,Medium,1
P-7194,18,Male,ICU,Emergency,Gastrointestinal Bleed,1,1,8,4,6,Home Health Care,2025-08-30,43,Medium,0
P-7195,59,Male,Cardiology,Emergency,Gastrointestinal Bleed,2,1,3,2,3,Home Health Care,2025-07-27,45,Medium,0
P-7196,39,Female,General Medicine,Urgent,Sepsis,0,0,1,3,14,Home,2025-02-22,26,Low,0
P-7197,54,Female,Cardiology,Urgent,Hypertension,1,0,11,3,3,Home Health Care,2025-05-03,58,Medium,1
P-7198,57,Male,Cardiology,Transfer,Heart Failure,3,1,4,4,12,Skilled Nursing Facility,2025-01-24,77,High,0
P-7199,56,Female,General Medicine,Emergency,Hip Fracture,0,0,1,1,11,Home Health Care,2025-06-01,21,Low,0
P-7200,53,Female,ICU,Urgent,Sepsis,0,3,3,1,5,Home,2025-10-03,32,Medium,0
P-7201,44,Female,Emergency,Urgent,Gastrointestinal Bleed,0,0,9,3,6,Home,2025-05-27,41,Medium,1
P-7202,95,Female,ICU,Urgent,Gastrointestinal Bleed,1,0,3,4,10,Home,2025-01-10,73,High,1
P-7203,91,Female,Emergency,Emergency,Stroke,1,1,1,2,3,Rehab,2025-08-07,50,Medium,1
P-7204,43,Female,General Medicine,Elective,COPD,2,2,1,1,8,Skilled Nursing Facility,2025-02-26,35,Medium,0
P-7205,87,Male,ICU,Emergency,Heart Failure,5,2,7,2,1,Home,2025-06-14,90,High,1
P-7206,55,Female,Orthopedics,Emergency,Pneumonia,2,2,4,1,5,Home Health Care,2025-09-25,47,Medium,0
P-7207,64,Female,Neurology,Emergency,Sepsis,2,2,2,2,8,Home,2025-02-26,57,Medium,1
P-7208,60,Female,Cardiology,Urgent,Heart Failure,0,1,8,0,1,Home,2025-12-05,28,Low,0
P-7209,51,Female,Pediatrics,Emergency,COPD,0,0,1,2,7,Skilled Nursing Facility,2025-04-13,20,Low,0
P-7210,77,Male,Cardiology,Emergency,Hip Fracture,1,0,1,4,1,Home,2025-03-23,47,Medium,0
P-7211,64,Female,ICU,Urgent,Hip Fracture,1,0,3,3,4,Home,2025-06-10,41,Medium,1
P-7212,54,Male,ICU,Emergency,Sepsis,2,2,1,1,14,Home,2025-12-29,49,Medium,0
P-7213,41,Female,Emergency,Urgent,Sepsis,3,1,9,2,10,Home,2025-06-06,68,High,0
P-7214,47,Female,General Medicine,Elective,Pneumonia,1,0,3,1,7,Skilled Nursing Facility,2025-12-27,23,Low,0
P-7215,35,Female,Emergency,Emergency,Stroke,1,0,5,0,5,Skilled Nursing Facility,2025-06-08,16,Low,0
P-7216,62,Female,Orthopedics,Emergency,Hip Fracture,0,0,1,1,5,Skilled Nursing Facility,2025-04-03,18,Low,0
P-7217,42,Male,General Medicine,Emergency,Diabetes with Complications,2,3,10,3,1,Home,2025-06-13,71,High,1
P-7218,57,Female,Emergency,Transfer,Acute Kidney Injury,1,1,16,2,5,Home Health Care,2025-11-27,74,High,0
P-7219,83,Male,General Medicine,Urgent,Sepsis,1,1,10,1,5,Home,2025-03-04,67,High,1
P-7220,81,Female,Neurology,Emergency,Heart Failure,0,2,6,3,15,Home,2025-04-18,76,High,1
P-7221,61,Male,ICU,Emergency,Acute Kidney Injury,2,1,8,1,5,Home,2025-07-07,57,Medium,0
P-7222,60,Male,Emergency,Emergency,Pneumonia,1,0,9,1,4,Home,2025-07-23,43,Medium,0
P-7223,92,Female,Emergency,Elective,Pneumonia,3,0,2,4,5,Home,2025-04-22,78,High,1
P-7224,70,Female,Emergency,Emergency,Sepsis,0,1,1,4,8,Home,2025-08-11,49,Medium,0
P-7225,56,Male,Emergency,Emergency,Heart Failure,2,0,2,3,7,Home Health Care,2025-06-29,46,Medium,0
P-7226,39,Female,Emergency,Elective,Acute Kidney Injury,1,2,10,4,9,Home,2025-01-20,71,High,0
P-7227,68,Female,General Medicine,Emergency,Acute Kidney Injury,2,0,2,1,12,Home,2025-02-20,46,Medium,0
P-7228,75,Male,General Medicine,Emergency,Acute Kidney Injury,0,1,1,2,6,Home,2025-03-13,36,Medium,0
P-7229,51,Female,General Medicine,Elective,Pneumonia,4,2,30,3,8,Home,2025-06-17,99,High,1
P-7230,66,Male,Cardiology,Elective,Sepsis,1,1,1,0,5,Home,2025-12-30,25,Low,0
P-7231,56,Female,Emergency,Emergency,Heart Failure,1,1,1,2,2,Rehab,2025-06-02,28,Low,0
P-7232,59,Male,Emergency,Elective,Hypertension,0,0,9,5,4,Home,2025-03-08,61,High,1
P-7233,22,Female,Emergency,Emergency,Heart Failure,1,3,9,3,11,Against Medical Advice,2025-03-25,60,Medium,0
P-7234,58,Male,Neurology,Elective,Diabetes with Complications,0,2,4,1,8,Home,2025-01-18,36,Medium,0
P-7235,77,Male,Emergency,Urgent,COPD,2,0,2,2,10,Home,2025-08-22,56,Medium,1
P-7236,51,Female,ICU,Elective,Hypertension,2,1,2,8,6,Home Health Care,2025-05-13,79,High,1
P-7237,62,Female,Emergency,Elective,Gastrointestinal Bleed,2,2,2,3,9,Home Health Care,2025-06-05,64,High,0
P-7238,49,Female,Orthopedics,Elective,Hypertension,1,0,10,1,11,Home,2025-11-06,48,Medium,0
P-7239,67,Female,General Medicine,Emergency,Hip Fracture,1,2,1,5,6,Home,2025-09-22,66,High,0
P-7240,58,Female,Emergency,Emergency,Hypertension,2,0,6,1,6,Home Health Care,2025-02-04,44,Medium,0
P-7241,46,Male,Cardiology,Emergency,Diabetes with Complications,0,1,14,3,7,Rehab,2025-06-20,64,High,1
P-7242,83,Male,Emergency,Elective,Heart Failure,0,1,7,1,7,Against Medical Advice,2025-04-05,52,Medium,0
P-7243,76,Male,General Medicine,Emergency,COPD,1,0,4,1,7,Home Health Care,2025-07-21,42,Medium,0
P-7244,52,Male,Pediatrics,Emergency,Acute Kidney Injury,2,0,1,4,5,Home Health Care,2025-02-27,45,Medium,0
P-7245,69,Female,General Medicine,Elective,Diabetes with Complications,1,1,1,2,8,Skilled Nursing Facility,2025-08-18,43,Medium,0
P-7246,70,Male,General Medicine,Emergency,Hypertension,2,1,2,4,4,Home Health Care,2025-12-15,64,High,1
P-7247,72,Male,Emergency,Elective,Sepsis,4,1,5,4,12,Against Medical Advice,2025-01-06,89,High,1
P-7248,34,Male,Emergency,Emergency,Hip Fracture,2,0,3,1,2,Skilled Nursing Facility,2025-09-01,20,Low,0
P-7249,78,Male,Orthopedics,Emergency,Acute Kidney Injury,0,0,5,1,5,Home Health Care,2025-09-15,35,Medium,0
P-7250,52,Male,Emergency,Emergency,COPD,2,0,1,2,9,Home,2025-12-02,36,Medium,0
P-7251,56,Female,Pediatrics,Emergency,Stroke,3,0,8,3,4,Home,2025-08-12,68,High,1
P-7252,95,Male,Emergency,Emergency,Acute Kidney Injury,2,0,6,2,1,Skilled Nursing Facility,2025-04-14,67,High,0
P-7253,66,Female,ICU,Emergency,Hip Fracture,1,1,5,3,8,Home,2025-11-24,60,Medium,1
P-7254,55,Female,General Medicine,Emergency,Stroke,1,0,1,2,8,Home,2025-07-18,29,Low,0
P-7255,26,Female,ICU,Elective,Acute Kidney Injury,2,1,4,3,6,Home,2025-11-26,38,Medium,1
P-7256,84,Female,Cardiology,Emergency,Hip Fracture,2,2,2,3,6,Rehab,2025-04-12,73,High,1
P-7257,40,Female,Emergency,Elective,Heart Failure,4,0,13,0,5,Home Health Care,2025-08-06,62,High,0
P-7258,45,Female,General Medicine,Elective,Hip Fracture,1,1,3,3,10,Home,2025-03-07,43,Medium,0
P-7259,56,Male,Emergency,Emergency,Pneumonia,0,1,2,2,11,Home,2025-08-03,33,Medium,0
P-7260,84,Female,ICU,Emergency,Heart Failure,3,1,14,2,8,Home Health Care,2025-10-08,91,High,1
P-7261,74,Male,General Medicine,Emergency,Gastrointestinal Bleed,0,2,2,3,9,Home,2025-08-21,54,Medium,1
P-7262,59,Male,Emergency,Urgent,Sepsis,3,0,4,0,7,Home,2025-12-02,41,Medium,1
P-7263,66,Male,Neurology,Urgent,Hip Fracture,0,3,1,0,12,Rehab,2025-10-09,36,Medium,1
P-7264,52,Female,Emergency,Emergency,Hypertension,1,0,1,5,4,Home Health Care,2025-06-18,42,Medium,0
P-7265,64,Male,General Medicine,Elective,COPD,0,0,1,3,5,Home Health Care,2025-04-28,29,Low,0
P-7266,63,Female,Cardiology,Transfer,Diabetes with Complications,1,1,1,3,7,Skilled Nursing Facility,2025-07-19,45,Medium,1
P-7267,77,Female,General Medicine,Elective,Sepsis,1,1,6,3,5,Home,2025-07-22,65,High,1
P-7268,77,Male,General Medicine,Emergency,Diabetes with Complications,2,1,3,1,6,Home,2025-04-25,53,Medium,1
P-7269,69,Male,Neurology,Emergency,Heart Failure,1,1,12,3,9,Home,2025-11-04,79,High,1
P-7270,56,Female,ICU,Emergency,Stroke,8,1,5,1,2,Rehab,2025-11-16,85,High,0
P-7271,73,Male,Emergency,Elective,Stroke,2,0,8,1,5,Home,2025-11-05,58,Medium,0
P-7272,60,Male,General Medicine,Elective,Sepsis,2,1,2,3,7,Home Health Care,2025-01-03,54,Medium,1
P-7273,44,Male,ICU,Emergency,Diabetes with Complications,3,0,2,2,6,Home,2025-08-26,39,Medium,1
P-7274,55,Female,Emergency,Emergency,Acute Kidney Injury,2,1,3,6,4,Skilled Nursing Facility,2025-02-21,70,High,1
P-7275,63,Female,Neurology,Urgent,Heart Failure,0,2,8,1,1,Skilled Nursing Facility,2025-03-22,42,Medium,0
P-7276,76,Male,Emergency,Urgent,Diabetes with Complications,3,0,3,1,8,Home,2025-05-02,57,Medium,1
P-7277,59,Female,Pediatrics,Emergency,Acute Kidney Injury,4,1,4,3,12,Home,2025-01-08,79,High,1
P-7278,42,Female,ICU,Emergency,Acute Kidney Injury,2,0,2,0,6,Home,2025-03-07,20,Low,0
P-7279,62,Male,General Medicine,Emergency,Stroke,1,2,5,1,10,Home,2025-10-17,52,Medium,1
P-7280,63,Male,General Medicine,Emergency,Acute Kidney Injury,2,0,4,1,1,Skilled Nursing Facility,2025-06-07,35,Medium,1
P-7281,64,Female,Emergency,Emergency,Sepsis,3,1,3,3,8,Home,2025-12-17,69,High,1
P-7282,76,Female,Pediatrics,Emergency,Diabetes with Complications,1,1,4,3,10,Home,2025-07-01,65,High,1
P-7283,78,Female,Cardiology,Transfer,Acute Kidney Injury,1,1,3,4,11,Skilled Nursing Facility,2025-06-28,71,High,1
P-7284,52,Male,Orthopedics,Urgent,Hip Fracture,0,1,7,4,5,Rehab,2025-04-07,51,Medium,0
P-7285,52,Female,General Medicine,Emergency,Heart Failure,1,1,1,1,11,Home Health Care,2025-03-07,30,Low,1
P-7286,45,Female,Cardiology,Urgent,Hypertension,2,1,2,3,4,Skilled Nursing Facility,2025-11-11,41,Medium,1
P-7287,73,Male,Neurology,Elective,Stroke,0,1,7,2,1,Home,2025-07-04,46,Medium,1
P-7288,85,Female,Emergency,Emergency,Hip Fracture,3,0,3,4,7,Home,2025-11-02,79,High,1
P-7289,56,Male,Orthopedics,Urgent,Acute Kidney Injury,3,2,3,4,9,Home,2025-06-03,76,High,1
P-7290,58,Male,Emergency,Elective,COPD,0,1,3,1,8,Home,2025-06-15,28,Low,0
P-7291,85,Male,Orthopedics,Urgent,Heart Failure,1,1,2,1,10,Home,2025-03-25,51,Medium,1
P-7292,70,Female,General Medicine,Emergency,Gastrointestinal Bleed,3,2,4,2,6,Home,2025-06-19,72,High,0
P-7293,68,Female,Cardiology,Emergency,Diabetes with Complications,2,0,1,1,11,Home,2025-02-17,41,Medium,1
P-7294,42,Female,General Medicine,Emergency,Acute Kidney Injury,3,0,3,0,6,Home,2025-11-27,28,Low,0
P-7295,72,Female,Cardiology,Emergency,Stroke,3,1,7,4,3,Home,2025-05-08,82,High,1
P-7296,47,Male,Emergency,Elective,Hip Fracture,0,2,1,1,5,Rehab,2025-02-21,20,Low,0
P-7297,43,Female,Cardiology,Urgent,Hypertension,1,3,5,3,9,Rehab,2025-06-16,59,Medium,1
P-7298,56,Female,ICU,Elective,COPD,3,0,19,3,6,Home,2025-04-03,90,High,1
P-7299,52,Female,Cardiology,Emergency,Hypertension,3,0,3,3,3,Home,2025-09-11,50,Medium,0
P-7300,58,Male,Emergency,Emergency,Heart Failure,2,1,4,2,6,Skilled Nursing Facility,2025-11-27,51,Medium,1
P-7301,38,Female,Emergency,Urgent,Stroke,2,1,1,4,8,Home,2025-04-16,46,Medium,1
P-7302,77,Male,Emergency,Emergency,Hypertension,1,1,6,0,5,Rehab,2025-04-09,45,Medium,1
P-7303,80,Female,Cardiology,Emergency,Gastrointestinal Bleed,0,1,3,1,6,Home,2025-06-16,38,Medium,1
P-7304,30,Female,General Medicine,Urgent,Heart Failure,0,2,7,2,4,Home,2025-01-14,30,Low,1
P-7305,77,Female,General Medicine,Urgent,Heart Failure,1,0,1,2,6,Home Health Care,2025-02-25,39,Medium,0
P-7306,49,Male,Emergency,Elective,Stroke,2,1,1,3,4,Home,2025-08-21,41,Medium,0
P-7307,75,Male,Orthopedics,Emergency,Gastrointestinal Bleed,2,1,2,1,6,Home,2025-12-25,49,Medium,1
P-7308,60,Male,General Medicine,Emergency,Acute Kidney Injury,1,0,1,1,8,Skilled Nursing Facility,2025-12-25,26,Low,0
P-7309,62,Female,General Medicine,Elective,COPD,1,1,8,4,11,Against Medical Advice,2025-06-28,75,High,1
P-7310,59,Female,Cardiology,Urgent,Sepsis,1,0,7,3,7,Home Health Care,2025-10-25,54,Medium,0
P-7311,81,Female,ICU,Transfer,Gastrointestinal Bleed,0,1,16,2,3,Skilled Nursing Facility,2025-03-04,77,High,1
P-7312,42,Male,Orthopedics,Emergency,Diabetes with Complications,0,0,1,6,5,Rehab,2025-06-30,35,Medium,0
P-7313,71,Male,Orthopedics,Urgent,Acute Kidney Injury,0,0,2,1,11,Home,2025-04-11,30,Low,1
P-7314,79,Male,Cardiology,Emergency,COPD,2,0,16,2,8,Home,2025-12-04,86,High,1
P-7315,73,Male,Emergency,Emergency,Pneumonia,0,0,1,1,5,Home,2025-02-10,23,Low,0
P-7316,95,Female,General Medicine,Emergency,Acute Kidney Injury,3,0,4,4,7,Home,2025-06-18,84,High,1
P-7317,53,Female,General Medicine,Transfer,Stroke,1,2,5,4,1,Home Health Care,2025-07-31,56,Medium,1
P-7318,77,Other,Orthopedics,Emergency,Pneumonia,1,3,2,2,2,Home,2025-01-24,56,Medium,0
P-7319,60,Male,Cardiology,Emergency,Pneumonia,2,2,7,3,2,Home,2025-05-21,69,High,0
P-7320,81,Male,Emergency,Urgent,Sepsis,0,2,9,1,8,Home,2025-12-01,64,High,0
P-7321,61,Male,ICU,Emergency,Acute Kidney Injury,4,1,3,1,2,Home,2025-11-19,55,Medium,1
P-7322,55,Female,Emergency,Emergency,Pneumonia,3,0,6,2,9,Home,2025-04-10,61,High,1
P-7323,82,Female,ICU,Elective,Heart Failure,3,1,4,3,4,Home,2025-08-13,76,High,1
P-7324,54,Male,Orthopedics,Elective,Hypertension,0,0,6,1,3,Skilled Nursing Facility,2025-09-30,23,Low,0
P-7325,39,Male,Emergency,Emergency,Diabetes with Complications,2,0,3,5,7,Home Health Care,2025-06-19,52,Medium,0
P-7326,53,Female,Orthopedics,Urgent,Pneumonia,0,1,1,3,9,Skilled Nursing Facility,2025-10-02,33,Medium,0
P-7327,71,Female,ICU,Emergency,COPD,2,1,2,3,5,Skilled Nursing Facility,2025-07-03,59,Medium,0
P-7328,84,Male,Cardiology,Urgent,Acute Kidney Injury,0,1,2,1,10,Rehab,2025-10-04,42,Medium,1
P-7329,63,Female,Cardiology,Elective,Hypertension,3,1,12,1,8,Home,2025-09-07,78,High,0
P-7330,83,Male,Emergency,Emergency,Gastrointestinal Bleed,3,1,3,3,1,Skilled Nursing Facility,2025-03-17,72,High,1
P-7331,40,Female,Orthopedics,Urgent,COPD,4,0,11,4,6,Home,2025-09-21,81,High,1
P-7332,54,Male,Emergency,Emergency,Gastrointestinal Bleed,0,2,1,5,7,Home,2025-02-24,50,Medium,1
P-7333,57,Male,Cardiology,Emergency,Acute Kidney Injury,0,1,5,2,4,Home Health Care,2025-05-16,34,Medium,0
P-7334,60,Male,ICU,Urgent,Pneumonia,1,1,3,3,6,Home,2025-01-15,48,Medium,1
P-7335,63,Male,ICU,Emergency,Stroke,2,1,1,2,5,Home,2025-12-24,44,Medium,0
P-7336,73,Female,General Medicine,Emergency,Hip Fracture,2,0,3,1,3,Home,2025-04-09,40,Medium,1
P-7337,54,Female,Emergency,Emergency,Gastrointestinal Bleed,2,2,3,0,4,Home,2025-12-26,36,Medium,0
P-7338,64,Female,General Medicine,Emergency,Gastrointestinal Bleed,3,0,2,3,7,Skilled Nursing Facility,2025-08-09,59,Medium,0
P-7339,61,Female,General Medicine,Urgent,Sepsis,3,1,1,1,6,Home,2025-05-13,46,Medium,0
P-7340,47,Male,Cardiology,Urgent,Gastrointestinal Bleed,3,0,8,0,5,Home Health Care,2025-08-16,43,Medium,0
P-7341,60,Male,Cardiology,Emergency,Pneumonia,1,1,5,2,7,Home,2025-01-31,48,Medium,0
P-7342,59,Female,General Medicine,Emergency,Diabetes with Complications,0,0,5,2,10,Home,2025-03-12,36,Medium,0
P-7343,59,Female,General Medicine,Emergency,Acute Kidney Injury,1,0,11,2,11,Home,2025-05-21,64,High,1
P-7344,62,Male,Emergency,Emergency,Stroke,0,3,1,1,12,Skilled Nursing Facility,2025-12-25,40,Medium,0
P-7345,63,Male,ICU,Emergency,Stroke,2,2,4,6,7,Rehab,2025-09-16,83,High,1
P-7346,55,Female,ICU,Emergency,Sepsis,3,0,14,1,15,Home,2025-12-31,81,High,1
P-7347,82,Male,Cardiology,Emergency,Pneumonia,0,1,3,2,14,Against Medical Advice,2025-07-26,55,Medium,1
P-7348,43,Female,ICU,Elective,Sepsis,2,0,3,2,10,Home Health Care,2025-05-23,38,Medium,0
P-7349,50,Female,Cardiology,Urgent,Heart Failure,2,0,1,3,4,Home,2025-07-01,36,Medium,0
P-7350,95,Male,Emergency,Elective,Pneumonia,1,1,6,2,10,Home,2025-07-20,74,High,0
P-7351,45,Male,Cardiology,Elective,Diabetes with Complications,1,0,7,3,12,Skilled Nursing Facility,2025-05-08,51,Medium,1
P-7352,40,Female,Cardiology,Emergency,COPD,2,2,1,5,7,Home,2025-03-11,59,Medium,1
P-7353,73,Male,Orthopedics,Urgent,Hip Fracture,2,0,5,3,8,Home,2025-06-27,66,High,1
P-7354,28,Male,General Medicine,Urgent,Pneumonia,2,0,3,3,8,Home,2025-05-17,33,Medium,1
P-7355,58,Female,Neurology,Urgent,Sepsis,1,0,4,2,4,Home,2025-07-23,34,Medium,1
P-7356,95,Female,Emergency,Emergency,Hypertension,3,1,6,2,5,Home,2025-04-24,82,High,1
P-7357,37,Male,General Medicine,Elective,Heart Failure,0,1,1,4,8,Home Health Care,2025-06-06,29,Low,0
P-7358,30,Female,Cardiology,Elective,COPD,1,0,2,1,9,Home Health Care,2025-06-24,16,Low,0
P-7359,38,Female,General Medicine,Emergency,Acute Kidney Injury,2,1,9,1,2,Home Health Care,2025-10-01,42,Medium,0
P-7360,76,Male,Cardiology,Transfer,Acute Kidney Injury,3,0,1,6,5,Home Health Care,2025-08-08,79,High,1
P-7361,79,Male,ICU,Emergency,Heart Failure,0,1,5,0,7,Home,2025-03-27,37,Medium,0
P-7362,53,Female,Neurology,Emergency,Gastrointestinal Bleed,1,0,9,5,4,Home,2025-05-27,66,High,1
P-7363,72,Male,General Medicine,Emergency,Acute Kidney Injury,2,0,5,1,5,Skilled Nursing Facility,2025-04-29,48,Medium,0
P-7364,84,Male,Neurology,Emergency,Gastrointestinal Bleed,1,0,7,3,9,Home,2025-11-19,71,High,1
P-7365,90,Female,Emergency,Urgent,Stroke,0,0,4,4,8,Home Health Care,2025-09-16,63,High,1
P-7366,58,Female,Emergency,Emergency,Acute Kidney Injury,2,0,10,0,7,Home,2025-11-26,50,Medium,1
P-7367,25,Female,Emergency,Emergency,Gastrointestinal Bleed,1,0,6,0,5,Home,2025-01-26,15,Low,0
P-7368,48,Female,General Medicine,Elective,Acute Kidney Injury,1,2,2,3,1,Home,2025-10-07,37,Medium,0
P-7369,55,Male,General Medicine,Emergency,Hypertension,1,0,4,2,6,Home Health Care,2025-03-10,35,Medium,0
P-7370,57,Male,Neurology,Elective,Gastrointestinal Bleed,2,0,5,2,11,Home Health Care,2025-11-24,53,Medium,1
P-7371,58,Female,ICU,Elective,Acute Kidney Injury,0,1,7,2,12,Home Health Care,2025-10-16,50,Medium,0
P-7372,79,Female,General Medicine,Emergency,Heart Failure,0,0,1,2,10,Skilled Nursing Facility,2025-07-04,37,Medium,0
P-7373,82,Female,Emergency,Transfer,Stroke,1,1,21,1,1,Home,2025-01-06,86,High,1
P-7374,59,Male,Cardiology,Elective,Acute Kidney Injury,3,2,1,2,8,Home,2025-05-12,60,Medium,0
P-7375,79,Female,Emergency,Elective,Acute Kidney Injury,0,2,4,4,9,Home,2025-08-18,70,High,0
P-7376,67,Male,Emergency,Urgent,Sepsis,4,1,1,3,10,Home,2025-11-20,75,High,1
P-7377,63,Male,Cardiology,Elective,Sepsis,1,1,3,0,4,Skilled Nursing Facility,2025-03-11,28,Low,0
P-7378,76,Male,Cardiology,Emergency,Stroke,2,0,1,5,2,Skilled Nursing Facility,2025-07-30,63,High,1
P-7379,63,Male,Emergency,Emergency,Hip Fracture,0,1,1,3,9,Home,2025-10-15,39,Medium,1
P-7380,94,Female,Emergency,Elective,Heart Failure,0,1,4,3,8,Home Health Care,2025-11-01,65,High,1
P-7381,38,Male,Emergency,Transfer,Hypertension,0,0,3,3,14,Skilled Nursing Facility,2025-09-26,30,Low,0
P-7382,53,Male,Cardiology,Emergency,Pneumonia,2,0,1,4,7,Home Health Care,2025-08-13,48,Medium,1
P-7383,59,Male,ICU,Emergency,Sepsis,2,0,13,3,13,Home,2025-01-04,82,High,1
P-7384,69,Female,Pediatrics,Emergency,Heart Failure,0,3,2,2,6,Home Health Care,2025-07-23,47,Medium,0
P-7385,82,Female,Neurology,Elective,Acute Kidney Injury,1,1,7,4,7,Home Health Care,2025-03-30,78,High,1
P-7386,61,Female,Emergency,Emergency,Acute Kidney Injury,0,0,15,4,3,Home Health Care,2025-12-07,71,High,1
P-7387,39,Male,Pediatrics,Urgent,Hypertension,0,0,11,2,3,Home,2025-03-19,33,Medium,0
P-7388,75,Female,General Medicine,Urgent,Gastrointestinal Bleed,2,1,6,3,13,Home,2025-07-11,79,High,1
P-7389,74,Male,ICU,Emergency,Diabetes with Complications,3,0,1,1,6,Home,2025-05-27,48,Medium,1
P-7390,30,Male,Cardiology,Emergency,Stroke,3,0,5,1,6,Home,2025-10-23,33,Medium,1
P-7391,61,Female,Neurology,Elective,Gastrointestinal Bleed,1,1,1,3,6,Home,2025-03-18,42,Medium,0
P-7392,36,Male,General Medicine,Emergency,Hip Fracture,1,0,3,5,5,Home,2025-07-31,39,Medium,0
P-7393,51,Male,Orthopedics,Emergency,Heart Failure,0,0,12,2,6,Home,2025-06-24,47,Medium,0
P-7394,47,Male,Orthopedics,Emergency,Heart Failure,2,0,1,4,1,Home,2025-06-24,37,Medium,0
P-7395,74,Male,Emergency,Elective,Diabetes with Complications,0,0,6,4,9,Rehab,2025-10-07,61,High,0
P-7396,63,Male,ICU,Emergency,Heart Failure,0,1,2,4,4,Home,2025-08-13,42,Medium,0
P-7397,41,Male,Cardiology,Urgent,Hip Fracture,0,2,1,6,9,Home,2025-04-20,52,Medium,1
P-7398,76,Male,ICU,Elective,Stroke,3,2,2,4,1,Home,2025-08-17,76,High,0
P-7399,39,Female,Cardiology,Transfer,Sepsis,2,0,3,4,9,Home,2025-03-26,48,Medium,1
P-7400,67,Female,Emergency,Emergency,Diabetes with Complications,0,0,8,2,5,Home Health Care,2025-01-28,44,Medium,1
P-7401,48,Female,Cardiology,Emergency,Gastrointestinal Bleed,0,0,4,2,5,Home,2025-03-28,23,Low,1
P-7402,56,Female,Cardiology,Emergency,Heart Failure,0,1,2,3,4,Home Health Care,2025-05-27,32,Medium,1
P-7403,70,Female,Emergency,Emergency,Heart Failure,0,1,1,1,9,Home,2025-03-08,30,Low,0
P-7404,70,Female,Emergency,Emergency,Diabetes with Complications,1,1,2,1,7,Home,2025-04-14,38,Medium,1
P-7405,83,Male,Emergency,Elective,Stroke,3,0,14,2,2,Home Health Care,2025-01-30,85,High,0
P-7406,60,Female,Emergency,Elective,Hypertension,0,1,2,2,1,Rehab,2025-03-19,25,Low,0
P-7407,66,Male,General Medicine,Emergency,Heart Failure,3,0,2,2,11,Home,2025-05-01,59,Medium,1
P-7408,54,Male,Neurology,Emergency,Pneumonia,0,0,4,1,1,Skilled Nursing Facility,2025-04-20,18,Low,0
P-7409,64,Male,Cardiology,Emergency,Hypertension,1,3,3,4,6,Skilled Nursing Facility,2025-10-28,69,High,1
P-7410,69,Female,ICU,Emergency,Hip Fracture,3,3,2,2,2,Home,2025-02-11,67,High,0
P-7411,60,Female,Orthopedics,Urgent,Stroke,3,0,1,1,8,Skilled Nursing Facility,2025-12-14,41,Medium,1
P-7412,33,Male,Emergency,Emergency,Hip Fracture,2,0,8,2,4,Home Health Care,2025-11-15,39,Medium,0
P-7413,67,Female,General Medicine,Emergency,Sepsis,1,1,1,4,15,Home,2025-12-31,64,High,0
P-7414,67,Female,Cardiology,Emergency,Hip Fracture,0,0,8,5,5,Rehab,2025-04-16,64,High,0
P-7415,51,Male,Orthopedics,Emergency,Acute Kidney Injury,4,0,2,2,2,Home,2025-01-23,47,Medium,0
P-7416,41,Male,Neurology,Urgent,Gastrointestinal Bleed,2,1,11,2,4,Home,2025-10-15,59,Medium,1
P-7417,85,Male,General Medicine,Emergency,Hypertension,3,0,4,2,6,Home,2025-05-30,69,High,0
P-7418,69,Female,Cardiology,Elective,Heart Failure,0,1,1,1,8,Home Health Care,2025-08-07,28,Low,1
P-7419,58,Male,Orthopedics,Emergency,Stroke,2,3,4,4,9,Home Health Care,2025-11-12,78,High,1
P-7420,43,Male,General Medicine,Elective,Sepsis,1,2,11,6,3,Home,2025-10-26,80,High,1
P-7421,48,Male,General Medicine,Urgent,Hip Fracture,0,1,1,1,3,Home,2025-03-07,15,Low,0
P-7422,82,Female,ICU,Urgent,Diabetes with Complications,2,0,3,1,10,Home,2025-07-30,55,Medium,1
P-7423,64,Female,General Medicine,Emergency,Heart Failure,3,2,6,1,4,Home,2025-12-25,66,High,1
P-7424,53,Male,Cardiology,Urgent,Heart Failure,4,1,1,3,13,Skilled Nursing Facility,2025-03-27,71,High,1
P-7425,70,Female,Cardiology,Emergency,Diabetes with Complications,1,3,2,4,3,Home Health Care,2025-01-04,66,High,1
P-7426,48,Male,General Medicine,Emergency,Acute Kidney Injury,0,2,1,0,1,Home,2025-11-08,14,Low,0
P-7427,86,Male,Cardiology,Elective,Stroke,2,1,4,2,4,Home,2025-09-09,65,High,0
P-7428,83,Female,General Medicine,Transfer,Gastrointestinal Bleed,3,0,8,4,4,Home,2025-10-01,85,High,1
P-7429,54,Female,General Medicine,Emergency,COPD,4,1,2,1,10,Home,2025-03-13,58,Medium,1
P-7430,51,Male,Cardiology,Elective,Gastrointestinal Bleed,0,0,1,2,7,Home Health Care,2025-01-28,20,Low,0
P-7431,20,Male,General Medicine,Emergency,Pneumonia,2,2,4,2,4,Home,2025-04-27,32,Medium,0
P-7432,38,Female,Neurology,Emergency,Sepsis,3,3,10,2,3,Home,2025-09-07,72,High,1
P-7433,40,Female,Cardiology,Urgent,Gastrointestinal Bleed,3,1,4,2,8,Home,2025-02-21,51,Medium,0
P-7434,64,Female,General Medicine,Emergency,Heart Failure,1,1,2,3,2,Against Medical Advice,2025-11-30,42,Medium,0
P-7435,56,Female,Emergency,Emergency,COPD,4,1,2,0,1,Home,2025-01-10,41,Medium,0
P-7436,40,Female,Emergency,Emergency,Acute Kidney Injury,1,0,2,3,6,Home,2025-12-16,27,Low,0
P-7437,57,Female,Cardiology,Elective,Sepsis,1,1,1,4,10,Against Medical Advice,2025-01-04,52,Medium,1
P-7438,70,Female,Emergency,Emergency,Hip Fracture,0,0,4,2,5,Home,2025-09-04,34,Medium,1
P-7439,70,Female,ICU,Emergency,Diabetes with Complications,0,1,17,3,7,Home Health Care,2025-03-08,82,High,1
P-7440,31,Male,Pediatrics,Emergency,Sepsis,1,0,8,1,5,Home Health Care,2025-07-13,25,Low,0
P-7441,59,Male,General Medicine,Urgent,Stroke,0,0,4,1,6,Home,2025-07-26,24,Low,0
P-7442,39,Male,Emergency,Elective,Sepsis,2,0,12,2,4,Home,2025-10-16,54,Medium,0
P-7443,76,Female,Emergency,Elective,COPD,1,1,4,3,10,Home,2025-07-16,65,High,1
P-7444,74,Male,Emergency,Elective,Sepsis,0,2,8,0,8,Home Health Care,2025-10-25,50,Medium,0
P-7445,47,Male,Emergency,Emergency,COPD,3,0,1,1,7,Skilled Nursing Facility,2025-01-05,33,Medium,1
P-7446,49,Male,Emergency,Elective,Gastrointestinal Bleed,3,0,1,2,4,Home Health Care,2025-08-02,37,Medium,1
P-7447,54,Male,Emergency,Emergency,Heart Failure,0,2,10,2,8,Home,2025-09-21,58,Medium,1
P-7448,25,Female,Cardiology,Emergency,Gastrointestinal Bleed,3,0,2,2,3,Home,2025-04-15,25,Low,0
P-7449,67,Male,Cardiology,Emergency,COPD,2,3,4,2,11,Home,2025-08-29,73,High,0
P-7450,57,Male,General Medicine,Elective,Pneumonia,2,2,2,1,4,Skilled Nursing Facility,2025-06-26,41,Medium,1
P-7451,77,Female,Orthopedics,Emergency,Acute Kidney Injury,2,1,5,1,7,Skilled Nursing Facility,2025-08-28,60,Medium,1
P-7452,44,Female,Cardiology,Emergency,Pneumonia,2,0,3,1,6,Home,2025-08-04,28,Low,1
P-7453,52,Male,ICU,Emergency,Heart Failure,3,2,8,3,8,Home,2025-01-21,79,High,1
P-7454,37,Male,Cardiology,Emergency,Hip Fracture,3,1,7,4,12,Home Health Care,2025-03-13,75,High,0
P-7455,45,Female,Pediatrics,Emergency,Gastrointestinal Bleed,1,2,2,3,8,Home,2025-10-11,44,Medium,1
P-7456,43,Male,Orthopedics,Elective,Sepsis,1,0,4,1,3,Home,2025-06-10,20,Low,0
P-7457,77,Female,General Medicine,Emergency,Diabetes with Complications,3,2,18,2,9,Home,2025-05-05,95,High,1
P-7458,50,Male,Neurology,Emergency,Sepsis,2,0,4,0,8,Home,2025-07-26,30,Low,1
P-7459,63,Male,Emergency,Elective,Sepsis,6,1,3,4,8,Home,2025-02-20,89,High,1
P-7460,55,Male,Pediatrics,Elective,Sepsis,2,2,1,3,8,Home,2025-11-15,56,Medium,1
P-7461,41,Male,Cardiology,Elective,Hypertension,4,0,4,2,2,Home,2025-07-23,47,Medium,0
P-7462,59,Female,Cardiology,Emergency,Gastrointestinal Bleed,2,2,13,2,8,Home,2025-06-09,82,High,1
P-7463,71,Female,General Medicine,Urgent,COPD,0,0,11,3,11,Home,2025-09-05,69,High,1
P-7464,42,Female,Emergency,Emergency,Diabetes with Complications,0,2,6,0,2,Home,2025-04-10,21,Low,0
P-7465,74,Female,General Medicine,Elective,Hip Fracture,2,0,2,1,3,Home,2025-05-23,38,Medium,0
P-7466,48,Female,Emergency,Emergency,Sepsis,1,1,7,4,9,Home,2025-07-31,62,High,1
P-7467,54,Female,General Medicine,Emergency,Hypertension,1,2,4,2,4,Home,2025-08-15,44,Medium,0
P-7468,70,Female,Cardiology,Elective,Heart Failure,3,1,4,3,7,Rehab,2025-07-29,73,High,1
P-7469,51,Male,ICU,Emergency,Sepsis,0,0,8,3,6,Home,2025-05-09,42,Medium,0
P-7470,62,Male,Neurology,Emergency,Diabetes with Complications,1,1,2,2,8,Home,2025-04-10,41,Medium,0
P-7471,56,Female,Orthopedics,Elective,COPD,1,2,4,2,8,Home,2025-08-12,50,Medium,0
P-7472,64,Female,Pediatrics,Emergency,Diabetes with Complications,2,2,5,1,5,Skilled Nursing Facility,2025-11-11,56,Medium,1
P-7473,23,Female,General Medicine,Elective,COPD,2,1,12,3,11,Home,2025-01-17,66,High,1
P-7474,32,Female,General Medicine,Elective,Stroke,2,0,1,2,7,Home,2025-06-03,24,Low,0
P-7475,71,Male,General Medicine,Emergency,Hip Fracture,2,1,3,2,7,Skilled Nursing Facility,2025-07-06,57,Medium,1
P-7476,78,Female,Cardiology,Emergency,Pneumonia,3,0,2,3,2,Home,2025-05-27,62,High,0
P-7477,47,Female,Cardiology,Urgent,Heart Failure,0,1,9,2,3,Rehab,2025-08-29,38,Medium,0
P-7478,58,Male,Cardiology,Emergency,Hypertension,1,1,2,2,1,Skilled Nursing Facility,2025-04-01,31,Medium,0
P-7479,66,Female,Orthopedics,Elective,Heart Failure,0,0,2,3,8,Home Health Care,2025-07-05,36,Medium,0
P-7480,73,Female,Cardiology,Emergency,Hypertension,1,0,6,2,4,Home,2025-06-06,49,Medium,0
P-7481,29,Female,Neurology,Urgent,Stroke,0,0,2,1,6,Home,2025-02-07,10,Low,0
P-7482,47,Female,Emergency,Emergency,Heart Failure,0,2,3,2,6,Home Health Care,2025-03-24,31,Medium,1
P-7483,56,Male,General Medicine,Elective,Pneumonia,2,1,1,1,8,Home,2025-11-10,37,Medium,0
P-7484,73,Male,Cardiology,Emergency,Acute Kidney Injury,1,2,2,2,1,Home,2025-08-26,46,Medium,0
P-7485,95,Female,Cardiology,Elective,Acute Kidney Injury,1,2,6,4,1,Home,2025-08-26,80,High,1
P-7486,58,Male,Pediatrics,Emergency,COPD,0,0,4,3,4,Home,2025-06-19,33,Medium,0
P-7487,39,Female,Cardiology,Elective,Hip Fracture,3,1,1,4,5,Home,2025-09-15,52,Medium,1
P-7488,68,Male,Cardiology,Emergency,Pneumonia,2,0,8,3,4,Home,2025-05-24,67,High,0
P-7489,83,Female,Cardiology,Emergency,Hip Fracture,0,2,2,1,8,Home,2025-09-25,45,Medium,1
P-7490,63,Male,Cardiology,Urgent,Sepsis,2,2,10,2,1,Home,2025-08-09,71,High,1
P-7491,47,Male,Cardiology,Emergency,COPD,2,0,9,2,5,Home Health Care,2025-10-17,52,Medium,1
P-7492,77,Female,General Medicine,Emergency,Hypertension,0,1,1,4,6,Home,2025-03-02,50,Medium,1
P-7493,72,Female,Emergency,Emergency,Pneumonia,3,2,11,2,5,Home,2025-03-04,86,High,1
P-7494,45,Female,General Medicine,Transfer,Hypertension,2,0,1,3,4,Home Health Care,2025-07-18,33,Medium,0
P-7495,68,Female,Cardiology,Emergency,Hypertension,0,0,3,2,2,Skilled Nursing Facility,2025-10-31,27,Low,1
P-7496,77,Male,Orthopedics,Emergency,Diabetes with Complications,0,0,1,2,8,Home,2025-09-09,33,Medium,0
P-7497,80,Male,General Medicine,Elective,Sepsis,3,1,1,3,1,Rehab,2025-02-25,65,High,0
P-7498,60,Male,ICU,Emergency,Heart Failure,0,0,1,5,6,Home,2025-08-09,41,Medium,1
P-7499,56,Female,Emergency,Emergency,Hypertension,3,2,1,3,2,Home,2025-06-07,58,Medium,0
P-7500,81,Male,ICU,Urgent,Hip Fracture,2,0,8,1,8,Home Health Care,2025-11-19,66,High,1
P-7501,42,Female,General Medicine,Emergency,Acute Kidney Injury,2,0,2,1,5,Home,2025-12-26,24,Low,1
P-7502,69,Male,General Medicine,Elective,Stroke,1,0,1,3,10,Skilled Nursing Facility,2025-01-11,46,Medium,0
P-7503,40,Male,Neurology,Emergency,Stroke,3,1,2,2,8,Home,2025-03-15,45,Medium,1
P-7504,79,Female,Cardiology,Urgent,Hypertension,3,0,1,3,1,Home Health Care,2025-07-26,58,Medium,1
P-7505,57,Female,Emergency,Transfer,Sepsis,1,0,1,2,12,Home,2025-08-15,34,Medium,1
P-7506,82,Male,Cardiology,Emergency,Acute Kidney Injury,1,0,8,2,7,Home,2025-02-07,64,High,1
P-7507,69,Male,Emergency,Elective,Diabetes with Complications,0,1,1,1,8,Home Health Care,2025-08-24,28,Low,0
P-7508,42,Male,Emergency,Elective,Pneumonia,0,0,10,3,5,Home Health Care,2025-05-13,41,Medium,0
P-7509,84,Male,ICU,Emergency,Pneumonia,3,1,2,3,10,Against Medical Advice,2025-04-05,78,High,1
P-7510,86,Female,General Medicine,Emergency,Acute Kidney Injury,2,0,14,2,5,Home,2025-06-15,84,High,1
P-7511,76,Male,Emergency,Transfer,Diabetes with Complications,2,3,7,0,4,Home,2025-01-30,67,High,1
P-7512,49,Male,Orthopedics,Emergency,Heart Failure,1,1,2,4,6,Skilled Nursing Facility,2025-11-24,45,Medium,0
P-7513,57,Female,Cardiology,Emergency,COPD,1,0,2,1,4,Home,2025-04-20,23,Low,1
P-7514,64,Female,Neurology,Urgent,Hypertension,1,0,2,2,10,Home,2025-09-08,39,Medium,1
P-7515,50,Male,Pediatrics,Elective,Pneumonia,2,1,2,3,5,Home,2025-12-16,46,Medium,1
P-7516,89,Male,Neurology,Emergency,Pneumonia,0,2,2,1,13,Rehab,2025-06-24,55,Medium,0
P-7517,64,Male,General Medicine,Emergency,Hypertension,1,2,5,3,9,Home,2025-10-03,65,High,1
P-7518,18,Male,Orthopedics,Emergency,Sepsis,3,1,5,5,7,Home Health Care,2025-12-26,60,Medium,0
P-7519,67,Female,General Medicine,Urgent,Gastrointestinal Bleed,3,4,2,1,4,Home,2025-05-19,68,High,1
P-7520,56,Female,Cardiology,Urgent,Hypertension,0,0,9,5,7,Home,2025-01-29,63,High,1
P-7521,60,Male,General Medicine,Emergency,Hypertension,1,0,7,0,7,Skilled Nursing Facility,2025-05-23,34,Medium,0
P-7522,56,Female,General Medicine,Urgent,Diabetes with Complications,1,0,4,3,3,Home,2025-04-18,38,Medium,0
P-7523,74,Male,Pediatrics,Emergency,Acute Kidney Injury,1,0,1,4,8,Home,2025-03-20,53,Medium,0
P-7524,79,Male,Emergency,Elective,Diabetes with Complications,2,0,3,4,7,Home,2025-06-04,69,High,1
P-7525,66,Female,Cardiology,Emergency,Sepsis,0,3,3,1,5,Home,2025-04-18,40,Medium,0
P-7526,56,Male,General Medicine,Emergency,Heart Failure,1,0,11,3,5,Home Health Care,2025-07-11,61,High,0
P-7527,61,Male,Pediatrics,Emergency,Heart Failure,0,2,9,1,1,Home,2025-04-28,43,Medium,1
P-7528,62,Female,Cardiology,Emergency,Gastrointestinal Bleed,1,0,1,2,14,Home,2025-10-04,40,Medium,1
P-7529,49,Male,Emergency,Emergency,Hypertension,2,3,1,0,6,Home,2025-02-28,35,Medium,0
P-7530,71,Male,Emergency,Emergency,Acute Kidney Injury,0,2,7,2,6,Skilled Nursing Facility,2025-03-22,57,Medium,0
P-7531,69,Female,Cardiology,Transfer,Gastrointestinal Bleed,1,1,1,0,4,Home Health Care,2025-12-22,26,Low,0
P-7532,86,Female,ICU,Transfer,Hip Fracture,1,0,2,5,9,Home Health Care,2025-02-24,71,High,1
P-7533,82,Female,Emergency,Urgent,Gastrointestinal Bleed,0,2,14,2,4,Home,2025-01-03,78,High,1
P-7534,51,Male,Orthopedics,Emergency,Gastrointestinal Bleed,2,1,3,3,6,Home,2025-02-08,51,Medium,1
P-7535,75,Male,ICU,Emergency,Hip Fracture,2,0,9,4,10,Home,2025-04-18,83,High,1
P-7536,46,Male,Emergency,Emergency,Pneumonia,1,0,1,3,2,Home,2025-05-15,24,Low,0
P-7537,73,Female,General Medicine,Emergency,Stroke,2,1,6,1,8,Home,2025-12-28,62,High,0
P-7538,53,Male,Pediatrics,Emergency,COPD,2,1,5,2,12,Skilled Nursing Facility,2025-08-09,58,Medium,1
P-7539,45,Female,Pediatrics,Emergency,Hip Fracture,1,1,6,4,9,Against Medical Advice,2025-09-09,58,Medium,0
P-7540,66,Male,Emergency,Emergency,Stroke,1,1,2,0,11,Home Health Care,2025-05-07,34,Medium,1
P-7541,19,Male,Pediatrics,Urgent,Gastrointestinal Bleed,3,3,1,4,1,Home,2025-07-10,47,Medium,0
P-7542,33,Male,ICU,Elective,Hip Fracture,1,3,1,2,4,Home,2025-08-31,29,Low,1
P-7543,59,Female,General Medicine,Emergency,Pneumonia,1,1,6,2,6,Home,2025-05-25,49,Medium,0
P-7544,63,Female,General Medicine,Elective,Acute Kidney Injury,3,1,5,1,14,Skilled Nursing Facility,2025-09-13,68,High,1
P-7545,56,Other,Cardiology,Emergency,Pneumonia,0,3,1,2,3,Home Health Care,2025-07-27,33,Medium,0
P-7546,36,Male,Emergency,Emergency,Gastrointestinal Bleed,1,2,5,3,3,Home Health Care,2025-04-16,41,Medium,0
P-7547,48,Male,Cardiology,Emergency,Heart Failure,1,1,1,5,9,Skilled Nursing Facility,2025-09-21,52,Medium,0
P-7548,68,Male,Orthopedics,Elective,Stroke,0,2,1,2,8,Rehab,2025-12-31,40,Medium,1
P-7549,71,Female,Emergency,Emergency,Gastrointestinal Bleed,1,1,4,1,8,Home,2025-10-15,46,Medium,0
P-7550,61,Male,General Medicine,Elective,Pneumonia,1,0,2,2,8,Home,2025-12-10,35,Medium,0
P-7551,80,Male,Cardiology,Emergency,Stroke,3,2,4,0,4,Rehab,2025-06-09,63,High,0
P-7552,68,Male,Cardiology,Emergency,Stroke,2,2,6,1,7,Home Health Care,2025-03-22,63,High,1
P-7553,50,Male,Pediatrics,Emergency,Diabetes with Complications,1,1,12,3,4,Skilled Nursing Facility,2025-12-23,65,High,0
P-7554,57,Male,General Medicine,Elective,Acute Kidney Injury,0,0,2,1,8,Home,2025-02-18,21,Low,0
P-7555,39,Male,Pediatrics,Emergency,Hypertension,2,0,3,3,6,Home,2025-02-19,37,Medium,0
P-7556,60,Male,Cardiology,Elective,Stroke,0,2,1,2,1,Home,2025-12-28,27,Low,0
P-7557,79,Male,Cardiology,Emergency,Diabetes with Complications,2,2,6,3,10,Home,2025-04-01,82,High,0
P-7558,72,Female,Emergency,Emergency,Hypertension,1,0,8,1,7,Skilled Nursing Facility,2025-02-07,51,Medium,1
P-7559,84,Female,Emergency,Elective,Hypertension,1,1,6,3,6,Home,2025-03-24,70,High,1
P-7560,57,Male,Cardiology,Emergency,Diabetes with Complications,0,0,3,5,7,Rehab,2025-07-28,46,Medium,1
P-7561,83,Female,General Medicine,Emergency,Sepsis,2,2,4,2,3,Home,2025-08-09,68,High,1
P-7562,58,Male,Emergency,Emergency,Diabetes with Complications,1,1,2,1,9,Home,2025-01-28,34,Medium,1
P-7563,85,Male,Cardiology,Elective,Hypertension,1,0,6,6,8,Home,2025-03-10,83,High,1
P-7564,61,Female,Emergency,Elective,Heart Failure,0,1,5,6,7,Home,2025-10-29,67,High,0
P-7565,73,Female,General Medicine,Emergency,Pneumonia,2,0,12,2,9,Home Health Care,2025-06-20,78,High,0
P-7566,85,Female,General Medicine,Elective,Heart Failure,2,1,4,2,1,Home,2025-02-23,61,High,0
P-7567,58,Male,Emergency,Elective,Sepsis,0,0,7,3,8,Home,2025-09-18,46,Medium,0
P-7568,65,Female,Emergency,Emergency,COPD,0,1,4,3,8,Home Health Care,2025-09-24,47,Medium,0
P-7569,82,Male,Cardiology,Emergency,Diabetes with Complications,1,0,9,2,5,Home,2025-11-25,64,High,1
P-7570,59,Male,Neurology,Elective,Stroke,3,1,5,1,8,Home,2025-04-11,59,Medium,1
P-7571,40,Male,Neurology,Elective,Stroke,1,0,3,0,5,Home,2025-05-26,15,Low,0
P-7572,95,Female,General Medicine,Emergency,Hip Fracture,1,0,1,4,2,Home Health Care,2025-10-20,59,Medium,0
P-7573,54,Male,ICU,Elective,Stroke,3,1,8,3,6,Skilled Nursing Facility,2025-04-28,74,High,0
P-7574,64,Female,Emergency,Emergency,Heart Failure,1,1,8,3,9,Home Health Care,2025-04-04,68,High,0
P-7575,80,Female,General Medicine,Elective,Pneumonia,1,1,2,2,12,Rehab,2025-09-23,57,Medium,1
P-7576,52,Male,Pediatrics,Emergency,Heart Failure,2,0,3,5,7,Home,2025-07-16,60,Medium,0
P-7577,45,Female,Pediatrics,Emergency,Diabetes with Complications,0,1,3,3,3,Home,2025-08-24,27,Low,0
P-7578,66,Female,Orthopedics,Emergency,Heart Failure,0,0,2,5,3,Skilled Nursing Facility,2025-10-24,44,Medium,0
P-7579,33,Male,ICU,Emergency,Gastrointestinal Bleed,5,0,4,0,6,Skilled Nursing Facility,2025-09-25,41,Medium,1
P-7580,57,Male,Pediatrics,Emergency,Stroke,0,0,4,4,2,Home Health Care,2025-01-29,36,Medium,0
P-7581,65,Female,General Medicine,Elective,Gastrointestinal Bleed,1,1,1,1,13,Home,2025-08-28,40,Medium,0
P-7582,57,Male,Orthopedics,Elective,Hip Fracture,1,0,2,1,10,Home,2025-11-26,29,Low,0
P-7583,37,Female,Emergency,Elective,Hypertension,1,2,1,1,8,Home,2025-06-20,25,Low,0
P-7584,87,Male,Emergency,Emergency,Diabetes with Complications,1,0,6,4,11,Home,2025-08-07,77,High,1
P-7585,63,Male,Emergency,Elective,Heart Failure,5,2,6,2,7,Home,2025-03-28,85,High,1
P-7586,84,Female,Cardiology,Emergency,Acute Kidney Injury,2,3,2,2,7,Home Health Care,2025-03-29,73,High,1
P-7587,57,Female,Emergency,Emergency,Stroke,2,1,4,2,5,Home,2025-01-11,49,Medium,0
P-7588,47,Male,Orthopedics,Emergency,Diabetes with Complications,0,2,3,2,7,Home,2025-03-21,32,Medium,1
P-7589,66,Female,ICU,Emergency,COPD,3,1,1,5,4,Rehab,2025-12-19,73,High,1
P-7590,58,Male,Cardiology,Emergency,Stroke,2,0,6,0,5,Home,2025-01-02,36,Medium,0
P-7591,43,Female,Cardiology,Emergency,Gastrointestinal Bleed,3,0,7,3,7,Home,2025-09-14,61,High,1
P-7592,85,Female,Emergency,Transfer,Sepsis,0,0,2,0,7,Home Health Care,2025-10-03,27,Low,0
P-7593,52,Male,Pediatrics,Urgent,Stroke,0,0,4,3,8,Skilled Nursing Facility,2025-03-19,34,Medium,0
P-7594,32,Male,Cardiology,Urgent,Hip Fracture,1,1,1,1,6,Home,2025-03-08,17,Low,0
P-7595,83,Male,Cardiology,Emergency,Hip Fracture,0,1,1,4,6,Skilled Nursing Facility,2025-03-10,54,Medium,1
P-7596,53,Male,Neurology,Urgent,Gastrointestinal Bleed,0,1,2,2,5,Home,2025-12-27,25,Low,0
P-7597,52,Male,Orthopedics,Emergency,Hypertension,3,1,8,3,2,Home Health Care,2025-05-04,69,High,1
P-7598,33,Female,ICU,Elective,Diabetes with Complications,3,0,7,0,12,Home,2025-02-26,40,Medium,1
P-7599,89,Male,General Medicine,Emergency,Stroke,1,1,2,1,6,Home,2025-09-25,49,Medium,0
P-7600,41,Female,General Medicine,Emergency,Diabetes with Complications,2,1,1,2,7,Home,2025-10-11,33,Medium,1
P-7601,62,Female,General Medicine,Emergency,Stroke,2,3,8,0,7,Home Health Care,2025-05-03,65,High,1
P-7602,76,Female,Emergency,Elective,Gastrointestinal Bleed,0,1,5,1,4,Home Health Care,2025-10-08,38,Medium,0
P-7603,68,Male,Pediatrics,Emergency,COPD,2,0,1,1,14,Skilled Nursing Facility,2025-05-11,45,Medium,1
P-7604,61,Male,ICU,Elective,Acute Kidney Injury,1,2,6,2,1,Home,2025-02-25,50,Medium,0
P-7605,34,Female,Cardiology,Urgent,Acute Kidney Injury,0,0,4,1,6,Home Health Care,2025-01-20,14,Low,0
P-7606,49,Male,Emergency,Emergency,Diabetes with Complications,0,1,1,3,3,Home,2025-02-26,25,Low,0
P-7607,65,Female,Emergency,Emergency,Pneumonia,1,0,1,1,12,Home,2025-09-18,33,Medium,0
P-7608,49,Male,Neurology,Elective,Hypertension,3,1,9,3,4,Home,2025-08-28,72,High,0
P-7609,65,Female,General Medicine,Emergency,Heart Failure,2,1,2,2,8,Home,2025-10-30,52,Medium,0
P-7610,72,Female,ICU,Urgent,Pneumonia,3,0,4,0,1,Home,2025-08-24,42,Medium,0
P-7611,77,Female,Emergency,Urgent,Acute Kidney Injury,3,0,1,1,7,Skilled Nursing Facility,2025-01-24,51,Medium,0
P-7612,42,Male,Emergency,Emergency,Gastrointestinal Bleed,2,1,6,0,10,Home,2025-09-23,38,Medium,0
P-7613,95,Male,Pediatrics,Emergency,Heart Failure,0,1,1,1,8,Home,2025-04-16,43,Medium,0
P-7614,74,Female,General Medicine,Transfer,Sepsis,3,2,9,1,1,Home Health Care,2025-12-22,75,High,1
P-7615,61,Male,General Medicine,Transfer,Diabetes with Complications,2,2,4,1,3,Home,2025-09-13,48,Medium,0
P-7616,79,Male,General Medicine,Emergency,Sepsis,2,0,1,1,6,Home,2025-12-28,42,Medium,0
P-7617,95,Female,General Medicine,Emergency,Hypertension,1,1,4,2,9,Home,2025-06-28,68,High,1
P-7618,38,Female,General Medicine,Elective,Sepsis,0,0,3,5,4,Home,2025-06-23,31,Medium,0
P-7619,58,Male,Cardiology,Emergency,Heart Failure,2,1,2,0,4,Skilled Nursing Facility,2025-04-24,30,Low,0
P-7620,23,Female,Orthopedics,Urgent,Acute Kidney Injury,1,1,6,1,4,Rehab,2025-12-13,21,Low,0
P-7621,65,Female,General Medicine,Elective,Hypertension,1,3,8,1,3,Home,2025-01-29,60,Medium,0
P-7622,67,Male,General Medicine,Elective,Diabetes with Complications,2,0,1,0,7,Home,2025-04-15,30,Low,1
P-7623,61,Female,Pediatrics,Emergency,Heart Failure,2,1,2,2,3,Home,2025-06-12,43,Medium,1
P-7624,51,Female,Orthopedics,Elective,Gastrointestinal Bleed,1,2,1,3,13,Home,2025-07-07,51,Medium,1
P-7625,29,Other,Orthopedics,Emergency,Sepsis,0,0,3,4,5,Home,2025-05-17,22,Low,0
P-7626,67,Male,Pediatrics,Emergency,Heart Failure,2,1,1,2,3,Home,2025-05-19,44,Medium,0
P-7627,85,Female,Cardiology,Emergency,Hypertension,4,0,6,1,1,Home Health Care,2025-03-24,71,High,0
P-7628,52,Male,Emergency,Emergency,Gastrointestinal Bleed,1,1,1,3,1,Home,2025-10-25,31,Medium,0
P-7629,69,Male,General Medicine,Elective,Gastrointestinal Bleed,0,2,1,4,12,Home,2025-02-26,59,Medium,1
P-7630,36,Female,Emergency,Urgent,Stroke,1,1,9,1,9,Home,2025-06-21,40,Medium,1
P-7631,69,Male,Orthopedics,Emergency,Gastrointestinal Bleed,1,3,8,3,6,Home,2025-10-20,77,High,1
P-7632,55,Male,General Medicine,Emergency,Heart Failure,4,0,5,1,6,Home,2025-03-29,56,Medium,0
P-7633,49,Male,General Medicine,Emergency,Pneumonia,1,0,6,3,1,Rehab,2025-08-03,37,Medium,0
P-7634,49,Male,Pediatrics,Emergency,Hip Fracture,1,2,4,2,5,Home,2025-05-17,42,Medium,1
P-7635,55,Female,Cardiology,Elective,Pneumonia,2,1,3,3,1,Home,2025-11-23,47,Medium,1
P-7636,68,Male,General Medicine,Emergency,Hip Fracture,1,2,2,2,5,Home,2025-11-24,48,Medium,1
P-7637,41,Female,General Medicine,Urgent,Pneumonia,1,0,11,1,4,Home,2025-09-10,37,Medium,0
P-7638,55,Male,Emergency,Elective,COPD,3,2,11,3,7,Home,2025-06-18,85,High,1
P-7639,61,Female,Cardiology,Emergency,COPD,1,0,11,4,4,Home,2025-05-18,69,High,1
P-7640,44,Female,Orthopedics,Emergency,Acute Kidney Injury,1,0,11,1,2,Home,2025-08-12,37,Medium,0
P-7641,90,Male,General Medicine,Emergency,Hypertension,1,1,7,3,5,Home,2025-12-16,75,High,1
P-7642,48,Female,Orthopedics,Emergency,Hypertension,0,0,11,1,6,Home Health Care,2025-07-09,35,Medium,0
P-7643,51,Female,Emergency,Emergency,COPD,2,1,10,0,8,Home,2025-11-26,53,Medium,1
P-7644,46,Female,Cardiology,Emergency,Stroke,1,2,2,1,12,Skilled Nursing Facility,2025-12-28,36,Medium,0
P-7645,90,Male,Emergency,Transfer,COPD,3,1,9,1,14,Rehab,2025-06-06,87,High,1
P-7646,70,Female,Emergency,Emergency,Heart Failure,0,0,4,3,2,Rehab,2025-09-26,37,Medium,0
P-7647,47,Male,Pediatrics,Elective,Acute Kidney Injury,2,2,4,7,5,Home,2025-08-26,80,High,1
P-7648,79,Male,ICU,Emergency,Hip Fracture,0,2,1,2,3,Home Health Care,2025-06-19,40,Medium,1
P-7649,65,Female,Pediatrics,Emergency,Sepsis,0,2,9,2,1,Home,2025-10-29,53,Medium,1
P-7650,66,Male,Pediatrics,Emergency,COPD,2,0,2,1,8,Home,2025-03-05,39,Medium,1
P-7651,56,Female,Pediatrics,Emergency,COPD,3,1,2,2,9,Skilled Nursing Facility,2025-08-24,56,Medium,1
P-7652,50,Female,Emergency,Emergency,Heart Failure,1,1,8,1,2,Home,2025-01-15,38,Medium,0
P-7653,67,Female,Pediatrics,Elective,Hypertension,2,2,1,2,10,Home,2025-06-17,59,Medium,0
P-7654,53,Male,Emergency,Elective,Heart Failure,2,0,1,3,7,Home,2025-07-22,41,Medium,0
P-7655,91,Other,ICU,Elective,Pneumonia,1,0,4,1,9,Home,2025-03-20,53,Medium,1
P-7656,41,Female,Cardiology,Urgent,COPD,2,0,10,3,6,Skilled Nursing Facility,2025-09-07,59,Medium,0
P-7657,86,Male,Neurology,Urgent,COPD,0,1,3,2,5,Home,2025-08-01,47,Medium,1
P-7658,60,Male,ICU,Elective,Diabetes with Complications,0,0,1,2,9,Home Health Care,2025-10-17,26,Low,0
P-7659,66,Female,Emergency,Emergency,Gastrointestinal Bleed,2,2,4,3,7,Rehab,2025-07-27,69,High,0
P-7660,75,Female,ICU,Transfer,Hip Fracture,3,0,5,2,5,Home Health Care,2025-08-05,65,High,1
P-7661,51,Female,Cardiology,Urgent,Pneumonia,0,2,10,2,9,Skilled Nursing Facility,2025-05-17,57,Medium,0
P-7662,75,Female,ICU,Elective,Diabetes with Complications,2,0,8,5,6,Home,2025-03-23,82,High,1
P-7663,18,Male,Orthopedics,Emergency,Heart Failure,0,0,7,2,4,Home,2025-07-14,16,Low,0
P-7664,50,Male,General Medicine,Emergency,Hypertension,2,0,4,0,2,Home,2025-05-01,24,Low,0
P-7665,47,Male,Neurology,Elective,Gastrointestinal Bleed,2,1,11,1,13,Home Health Care,2025-04-12,66,High,1
P-7666,41,Female,General Medicine,Urgent,Acute Kidney Injury,1,0,10,2,4,Home,2025-08-30,41,Medium,0
P-7667,58,Male,Pediatrics,Elective,Hip Fracture,0,0,7,2,1,Home Health Care,2025-06-02,31,Medium,0
P-7668,68,Male,Emergency,Elective,COPD,4,1,8,1,11,Home,2025-09-30,81,High,0
P-7669,73,Male,General Medicine,Emergency,Diabetes with Complications,0,2,11,1,8,Home,2025-06-16,65,High,0
P-7670,65,Female,General Medicine,Emergency,Acute Kidney Injury,1,1,2,5,1,Home,2025-07-29,55,Medium,0
P-7671,51,Female,Emergency,Elective,Hip Fracture,2,1,14,8,10,Home Health Care,2025-06-03,95,High,1
P-7672,67,Male,Orthopedics,Emergency,Sepsis,5,2,1,3,8,Rehab,2025-08-30,83,High,0
P-7673,63,Female,General Medicine,Elective,Hip Fracture,2,2,10,5,9,Home Health Care,2025-10-21,89,High,1
P-7674,76,Male,Orthopedics,Elective,Pneumonia,1,0,2,1,7,Home,2025-10-16,36,Medium,0
P-7675,74,Male,General Medicine,Emergency,Acute Kidney Injury,3,1,4,1,7,Home,2025-01-18,64,High,0
P-7676,62,Male,Cardiology,Emergency,Diabetes with Complications,1,0,4,1,7,Home,2025-06-25,33,Medium,1
P-7677,47,Male,General Medicine,Urgent,Pneumonia,0,1,13,5,6,Home Health Care,2025-11-02,73,High,1
P-7678,51,Male,Cardiology,Emergency,Stroke,1,2,2,2,8,Home,2025-03-17,41,Medium,0
P-7679,53,Female,General Medicine,Emergency,Heart Failure,3,0,3,2,7,Home Health Care,2025-05-12,49,Medium,1
P-7680,56,Female,General Medicine,Elective,Hip Fracture,2,0,1,2,1,Home,2025-03-08,30,Low,0
P-7681,66,Female,Pediatrics,Urgent,Acute Kidney Injury,0,0,4,2,3,Home,2025-08-21,30,Low,0
P-7682,73,Female,ICU,Urgent,Diabetes with Complications,2,1,3,1,5,Home Health Care,2025-10-08,49,Medium,1
P-7683,61,Female,ICU,Emergency,Pneumonia,2,2,3,1,1,Skilled Nursing Facility,2025-12-18,43,Medium,0
P-7684,62,Male,ICU,Emergency,COPD,2,0,1,2,5,Home,2025-02-08,37,Medium,0
P-7685,64,Female,Emergency,Urgent,Diabetes with Complications,1,0,9,4,6,Home,2025-11-24,68,High,0
P-7686,53,Female,Orthopedics,Elective,Hypertension,2,1,2,1,2,Rehab,2025-01-15,31,Medium,0
P-7687,47,Female,Orthopedics,Elective,Acute Kidney Injury,1,1,5,3,10,Home Health Care,2025-02-28,50,Medium,0
P-7688,33,Male,General Medicine,Emergency,Stroke,3,0,5,2,2,Skilled Nursing Facility,2025-08-01,36,Medium,1
P-7689,50,Male,Orthopedics,Emergency,Gastrointestinal Bleed,1,1,5,3,4,Home,2025-01-12,45,Medium,1
P-7690,69,Female,Emergency,Emergency,Heart Failure,0,0,2,6,7,Home,2025-04-19,57,Medium,0
P-7691,50,Female,ICU,Emergency,Hypertension,0,1,1,1,3,Home,2025-02-08,16,Low,1
P-7692,58,Male,ICU,Emergency,Sepsis,3,1,1,4,7,Home,2025-07-22,65,High,0
P-7693,69,Female,Orthopedics,Transfer,Sepsis,2,0,4,1,2,Home,2025-10-27,40,Medium,0
P-7694,70,Male,General Medicine,Emergency,Heart Failure,3,0,1,1,11,Home,2025-03-13,51,Medium,0
P-7695,44,Female,General Medicine,Emergency,Diabetes with Complications,4,0,3,2,3,Against Medical Advice,2025-09-27,47,Medium,0
P-7696,77,Male,Emergency,Emergency,Hip Fracture,0,1,10,2,1,Home,2025-05-03,57,Medium,1
P-7697,80,Male,Emergency,Elective,Sepsis,1,2,1,1,7,Home Health Care,2025-07-27,48,Medium,0
P-7698,43,Male,Pediatrics,Urgent,Heart Failure,0,1,5,0,6,Skilled Nursing Facility,2025-05-31,19,Low,0
P-7699,48,Male,ICU,Elective,Hypertension,2,2,3,3,1,Home,2025-05-13,49,Medium,0
P-7700,81,Male,General Medicine,Urgent,Hypertension,4,0,9,1,7,Home,2025-04-25,81,High,1
P-7701,59,Female,Emergency,Urgent,Sepsis,1,0,7,2,8,Home,2025-10-06,48,Medium,0
P-7702,26,Female,ICU,Urgent,Hypertension,1,0,1,0,14,Skilled Nursing Facility,2025-12-26,13,Low,1
P-7703,39,Male,General Medicine,Emergency,Stroke,3,0,2,1,7,Home Health Care,2025-01-21,31,Medium,0
P-7704,58,Female,Emergency,Emergency,Diabetes with Complications,2,0,5,4,1,Home,2025-11-24,55,Medium,0
P-7705,43,Male,General Medicine,Emergency,COPD,2,3,1,1,14,Skilled Nursing Facility,2025-10-01,48,Medium,0
P-7706,55,Male,General Medicine,Emergency,Stroke,1,1,8,3,8,Home,2025-07-21,62,High,1
P-7707,62,Male,Emergency,Elective,Sepsis,1,1,2,0,1,Home,2025-10-05,22,Low,0
P-7708,85,Male,General Medicine,Emergency,Hip Fracture,3,2,8,3,8,Home,2025-06-05,90,High,1
P-7709,57,Female,General Medicine,Elective,Sepsis,1,0,2,3,6,Home Health Care,2025-09-28,37,Medium,1
P-7710,79,Male,Cardiology,Emergency,Diabetes with Complications,0,0,2,2,8,Home,2025-10-13,37,Medium,0
P-7711,84,Female,General Medicine,Emergency,Heart Failure,1,1,13,1,8,Home,2025-03-12,78,High,1
P-7712,84,Female,General Medicine,Emergency,Acute Kidney Injury,1,1,5,4,8,Home,2025-09-30,75,High,1
P-7713,66,Female,ICU,Urgent,Hypertension,1,1,4,2,7,Home,2025-11-16,49,Medium,0
P-7714,30,Female,Neurology,Elective,Hypertension,2,1,1,1,6,Home Health Care,2025-12-25,21,Low,0
P-7715,69,Female,Emergency,Transfer,Gastrointestinal Bleed,1,1,2,1,9,Home,2025-02-14,40,Medium,1
P-7716,78,Female,Orthopedics,Urgent,Diabetes with Complications,3,0,1,5,1,Home,2025-03-31,70,High,0
P-7717,60,Female,Orthopedics,Emergency,Stroke,0,1,1,2,3,Skilled Nursing Facility,2025-09-02,25,Low,0
P-7718,89,Male,Emergency,Emergency,Gastrointestinal Bleed,1,0,2,3,7,Home Health Care,2025-08-12,58,Medium,1
P-7719,75,Female,Emergency,Elective,COPD,1,0,1,3,3,Home,2025-11-19,41,Medium,0
P-7720,71,Female,Emergency,Elective,COPD,1,0,11,2,7,Home,2025-05-19,66,High,1
P-7721,79,Female,Emergency,Emergency,Hypertension,1,1,1,3,2,Home,2025-09-19,48,Medium,0
P-7722,67,Male,Orthopedics,Emergency,Acute Kidney Injury,2,2,9,2,4,Skilled Nursing Facility,2025-11-20,73,High,1
P-7723,22,Male,General Medicine,Elective,Sepsis,2,0,3,2,7,Home Health Care,2025-06-18,24,Low,0
P-7724,54,Male,Cardiology,Emergency,Stroke,0,2,1,4,9,Home,2025-11-20,46,Medium,1
P-7725,81,Female,General Medicine,Urgent,Gastrointestinal Bleed,2,0,4,2,11,Skilled Nursing Facility,2025-07-20,65,High,1
P-7726,49,Male,Pediatrics,Elective,Sepsis,2,0,9,4,9,Home,2025-10-16,71,High,0
P-7727,58,Male,General Medicine,Emergency,Pneumonia,0,0,10,3,8,Skilled Nursing Facility,2025-03-20,55,Medium,1
P-7728,45,Male,General Medicine,Emergency,Diabetes with Complications,0,1,2,1,3,Home,2025-12-22,16,Low,0
P-7729,90,Male,General Medicine,Elective,Sepsis,2,1,5,1,8,Home,2025-02-01,69,High,0
P-7730,88,Male,Emergency,Elective,Gastrointestinal Bleed,0,0,1,1,3,Home Health Care,2025-10-14,28,Low,0
P-7731,47,Female,Emergency,Elective,Pneumonia,2,1,4,1,4,Home,2025-10-19,35,Medium,0
P-7732,64,Male,General Medicine,Elective,COPD,1,1,2,3,3,Home Health Care,2025-06-03,43,Medium,1
P-7733,51,Female,Emergency,Elective,Pneumonia,1,2,2,3,12,Home Health Care,2025-06-04,53,Medium,1
P-7734,71,Female,General Medicine,Emergency,Stroke,0,0,3,1,6,Home Health Care,2025-04-28,27,Low,0
P-7735,70,Female,General Medicine,Urgent,COPD,1,0,12,4,3,Skilled Nursing Facility,2025-03-23,75,High,0
P-7736,74,Female,General Medicine,Emergency,Sepsis,0,1,8,2,13,Home,2025-09-04,64,High,1
P-7737,67,Female,Cardiology,Emergency,Sepsis,1,4,3,1,1,Skilled Nursing Facility,2025-10-07,50,Medium,1
P-7738,95,Male,Cardiology,Emergency,Gastrointestinal Bleed,2,0,3,4,3,Home,2025-02-05,73,High,1
P-7739,45,Other,Cardiology,Emergency,Acute Kidney Injury,3,0,10,3,8,Home,2025-09-18,71,High,0
P-7740,34,Male,Emergency,Emergency,Stroke,0,1,1,1,5,Home,2025-07-29,12,Low,0
P-7741,55,Male,Emergency,Elective,Heart Failure,0,0,7,4,9,Skilled Nursing Facility,2025-11-09,52,Medium,0
P-7742,36,Male,General Medicine,Emergency,Hip Fracture,2,0,1,3,4,Home,2025-10-16,28,Low,0
P-7743,38,Male,ICU,Urgent,Diabetes with Complications,3,2,2,3,6,Home Health Care,2025-04-21,54,Medium,1
P-7744,45,Male,Emergency,Elective,COPD,0,3,2,2,8,Home,2025-11-14,35,Medium,0
P-7745,47,Female,Emergency,Emergency,Hypertension,0,0,4,3,7,Home,2025-04-13,30,Low,0
P-7746,46,Female,Emergency,Emergency,Stroke,1,4,2,1,3,Rehab,2025-12-31,37,Medium,0
P-7747,70,Female,Emergency,Emergency,Sepsis,0,3,3,1,3,Home,2025-06-20,40,Medium,0
P-7748,53,Male,Cardiology,Emergency,COPD,1,1,1,3,4,Home Health Care,2025-06-30,35,Medium,1
P-7749,59,Female,Neurology,Emergency,Hip Fracture,2,1,2,1,3,Home,2025-06-04,35,Medium,0
P-7750,76,Male,Cardiology,Emergency,Stroke,0,0,6,3,8,Skilled Nursing Facility,2025-03-29,54,Medium,1
P-7751,49,Male,General Medicine,Emergency,Sepsis,4,0,3,2,8,Home Health Care,2025-10-15,56,Medium,0
P-7752,57,Female,Neurology,Emergency,Acute Kidney Injury,2,2,8,1,3,Home,2025-03-25,58,Medium,1
P-7753,67,Female,Emergency,Emergency,Acute Kidney Injury,0,0,3,3,10,Home,2025-10-17,42,Medium,0
P-7754,30,Male,Orthopedics,Urgent,Stroke,1,1,10,4,10,Home,2025-03-18,62,High,0
P-7755,23,Female,Cardiology,Emergency,Sepsis,2,2,3,3,12,Home,2025-04-27,47,Medium,1
P-7756,67,Female,Emergency,Emergency,COPD,0,0,3,2,17,Home Health Care,2025-12-15,44,Medium,0
P-7757,69,Female,Emergency,Emergency,Stroke,0,2,2,4,1,Home,2025-05-20,48,Medium,0
P-7758,95,Male,ICU,Emergency,Acute Kidney Injury,0,3,3,0,1,Skilled Nursing Facility,2025-07-16,46,Medium,0
P-7759,64,Male,Emergency,Elective,Stroke,1,0,8,2,6,Home,2025-03-09,52,Medium,0
P-7760,75,Male,Emergency,Emergency,Stroke,2,0,6,1,7,Home,2025-02-09,56,Medium,1
P-7761,58,Male,General Medicine,Emergency,Diabetes with Complications,1,0,1,3,8,Home,2025-02-12,37,Medium,0
P-7762,66,Male,Neurology,Elective,COPD,1,1,12,3,5,Home,2025-01-24,75,High,1
P-7763,88,Female,ICU,Emergency,Hypertension,3,0,3,3,8,Home,2025-02-13,76,High,1
P-7764,28,Male,Emergency,Emergency,COPD,1,0,2,2,1,Home,2025-03-17,14,Low,0
P-7765,68,Female,Emergency,Emergency,Stroke,0,0,13,3,3,Against Medical Advice,2025-07-28,63,High,1
P-7766,95,Male,Emergency,Emergency,Hip Fracture,2,0,3,6,7,Against Medical Advice,2025-11-05,85,High,1
P-7767,66,Female,General Medicine,Emergency,Heart Failure,2,3,1,1,10,Home,2025-04-01,57,Medium,0
P-7768,88,Female,Emergency,Transfer,Stroke,5,3,8,3,6,Home,2025-07-07,96,High,1
P-7769,51,Male,ICU,Emergency,Sepsis,0,0,4,1,1,Rehab,2025-12-20,17,Low,0
P-7770,61,Female,General Medicine,Elective,Hypertension,0,2,1,3,10,Home Health Care,2025-04-27,45,Medium,0
P-7771,62,Male,Orthopedics,Elective,Heart Failure,1,0,6,3,7,Home,2025-07-16,53,Medium,0
P-7772,26,Male,Emergency,Elective,Hip Fracture,2,0,19,2,3,Home Health Care,2025-01-27,65,High,1
P-7773,43,Male,General Medicine,Elective,Acute Kidney Injury,1,1,1,3,3,Home,2025-09-01,29,Low,1
P-7774,44,Male,Cardiology,Elective,Stroke,0,1,3,4,3,Home,2025-04-18,33,Medium,1
P-7775,75,Female,Cardiology,Emergency,Hip Fracture,1,1,4,4,3,Home,2025-07-19,63,High,1
P-7776,75,Female,Cardiology,Emergency,Stroke,0,1,5,3,1,Home Health Care,2025-07-13,48,Medium,0
P-7777,67,Male,Emergency,Urgent,Hypertension,1,2,2,1,8,Home,2025-07-03,44,Medium,1
P-7778,75,Female,Neurology,Urgent,Heart Failure,2,1,1,4,2,Home,2025-10-28,61,High,0
P-7779,59,Female,Emergency,Emergency,Sepsis,1,3,7,3,5,Skilled Nursing Facility,2025-07-17,69,High,1
P-7780,81,Male,Cardiology,Emergency,Heart Failure,0,2,5,3,6,Skilled Nursing Facility,2025-10-03,64,High,0
P-7781,62,Male,Cardiology,Elective,COPD,2,2,2,0,4,Home,2025-07-22,38,Medium,0
P-7782,62,Male,Emergency,Emergency,COPD,4,1,1,3,8,Home Health Care,2025-04-10,70,High,1
P-7783,57,Female,General Medicine,Urgent,Hip Fracture,1,0,8,0,7,Home Health Care,2025-11-02,35,Medium,0
P-7784,72,Male,Emergency,Emergency,Sepsis,0,1,6,1,5,Home,2025-09-25,40,Medium,0
P-7785,55,Male,Emergency,Elective,Stroke,2,3,10,6,2,Home,2025-06-27,89,High,1
P-7786,77,Female,General Medicine,Emergency,Hypertension,1,1,1,5,1,Home,2025-03-12,60,Medium,0
P-7787,43,Female,Cardiology,Emergency,Stroke,4,1,4,1,9,Rehab,2025-07-27,56,Medium,1
P-7788,44,Male,ICU,Emergency,Stroke,3,0,1,3,6,Skilled Nursing Facility,2025-11-29,43,Medium,0
P-7789,72,Female,ICU,Emergency,Hypertension,2,1,6,3,9,Home,2025-08-12,74,High,0
P-7790,60,Female,Cardiology,Emergency,Diabetes with Complications,1,1,2,1,2,Home,2025-10-17,27,Low,1
P-7791,54,Male,ICU,Urgent,Sepsis,2,2,2,0,8,Skilled Nursing Facility,2025-06-13,38,Medium,0
P-7792,76,Female,Emergency,Emergency,Hip Fracture,1,1,6,0,1,Home Health Care,2025-09-16,39,Medium,1
P-7793,52,Male,General Medicine,Emergency,Hip Fracture,3,0,8,5,16,Home,2025-03-05,86,High,1
P-7794,58,Male,General Medicine,Emergency,COPD,0,1,11,2,11,Home,2025-01-07,61,High,0
P-7795,84,Male,General Medicine,Elective,Stroke,0,0,1,3,1,Home Health Care,2025-03-19,36,Medium,0
P-7796,86,Male,Orthopedics,Emergency,Gastrointestinal Bleed,0,0,8,2,3,Home,2025-01-07,53,Medium,0
P-7797,87,Male,Cardiology,Transfer,Hip Fracture,1,0,17,1,4,Home Health Care,2025-07-13,79,High,1
P-7798,57,Male,Orthopedics,Elective,Diabetes with Complications,0,1,1,1,4,Home,2025-02-03,19,Low,1
P-7799,81,Female,Emergency,Urgent,Hip Fracture,4,2,11,0,4,Home Health Care,2025-10-09,85,High,1
P-7800,46,Female,Emergency,Emergency,Pneumonia,3,1,14,4,7,Home,2025-09-07,87,High,0
P-7801,47,Male,Emergency,Elective,COPD,3,0,1,3,3,Home Health Care,2025-04-22,41,Medium,1
P-7802,24,Male,ICU,Emergency,Pneumonia,2,2,2,0,1,Home,2025-04-01,17,Low,0
P-7803,88,Female,Pediatrics,Elective,Hip Fracture,0,1,2,3,12,Home Health Care,2025-06-08,61,High,1
P-7804,48,Male,Cardiology,Emergency,COPD,2,1,14,2,9,Home,2025-03-19,76,High,1
P-7805,59,Male,Emergency,Elective,Heart Failure,3,0,1,2,5,Home,2025-03-28,44,Medium,0
P-7806,47,Female,Emergency,Emergency,Gastrointestinal Bleed,4,0,4,2,5,Home,2025-07-04,54,Medium,1
P-7807,73,Female,ICU,Emergency,Gastrointestinal Bleed,3,0,4,0,5,Home Health Care,2025-06-29,48,Medium,1
P-7808,55,Female,Cardiology,Emergency,Heart Failure,2,0,5,3,5,Home Health Care,2025-01-05,52,Medium,1
P-7809,41,Female,ICU,Emergency,Hip Fracture,2,0,2,1,5,Home Health Care,2025-03-01,23,Low,0
P-7810,69,Male,Cardiology,Elective,Diabetes with Complications,1,0,3,2,3,Home,2025-04-12,36,Medium,1
P-7811,39,Female,Orthopedics,Transfer,Stroke,1,0,3,2,3,Home,2025-01-14,21,Low,0
P-7812,48,Male,Emergency,Elective,Heart Failure,2,0,3,3,4,Home,2025-07-20,40,Medium,0
P-7813,28,Male,Cardiology,Emergency,Sepsis,0,1,2,1,4,Home,2025-09-18,12,Low,0
P-7814,39,Female,General Medicine,Emergency,Hypertension,4,3,13,1,8,Home Health Care,2025-05-13,84,High,1
P-7815,64,Female,Pediatrics,Emergency,Hypertension,3,0,5,3,9,Home,2025-05-20,70,High,0
P-7816,30,Male,Cardiology,Emergency,Hip Fracture,1,1,7,2,2,Home,2025-03-06,30,Low,0
P-7817,38,Male,Cardiology,Transfer,Sepsis,1,0,2,0,9,Skilled Nursing Facility,2025-10-08,15,Low,0
P-7818,61,Female,Pediatrics,Emergency,Gastrointestinal Bleed,1,0,1,1,11,Home Health Care,2025-03-28,29,Low,0
P-7819,53,Female,Cardiology,Urgent,Heart Failure,1,1,14,3,8,Home Health Care,2025-10-12,76,High,1
P-7820,93,Female,Emergency,Elective,Gastrointestinal Bleed,2,0,10,3,5,Skilled Nursing Facility,2025-11-22,83,High,1
P-7821,91,Male,Cardiology,Elective,Pneumonia,2,2,3,4,1,Home,2025-09-05,79,High,1
P-7822,48,Female,Neurology,Urgent,Diabetes with Complications,1,0,3,4,1,Home Health Care,2025-11-14,35,Medium,1
P-7823,70,Female,Pediatrics,Emergency,Hip Fracture,1,0,3,2,8,Home,2025-04-11,43,Medium,0
P-7824,73,Female,Orthopedics,Emergency,Hypertension,0,1,2,2,8,Home,2025-09-11,40,Medium,0
P-7825,52,Male,Emergency,Urgent,Acute Kidney Injury,1,1,5,0,12,Home,2025-08-28,35,Medium,0
P-7826,38,Male,Emergency,Elective,Heart Failure,3,0,17,2,3,Home,2025-10-13,74,High,1
P-7827,61,Male,Cardiology,Emergency,Heart Failure,0,2,1,0,1,Home,2025-06-16,18,Low,1
P-7828,59,Male,Orthopedics,Emergency,Diabetes with Complications,2,2,8,4,4,Home,2025-04-01,78,High,1
P-7829,55,Male,Neurology,Elective,Stroke,2,1,1,2,1,Rehab,2025-02-12,34,Medium,0
P-7830,69,Female,Emergency,Emergency,Diabetes with Complications,2,0,9,0,1,Skilled Nursing Facility,2025-10-07,46,Medium,0
P-7831,49,Male,General Medicine,Urgent,Gastrointestinal Bleed,0,0,1,3,16,Against Medical Advice,2025-06-01,33,Medium,1
P-7832,43,Female,Cardiology,Emergency,Sepsis,0,2,4,1,8,Skilled Nursing Facility,2025-04-16,28,Low,0
P-7833,63,Male,Emergency,Elective,COPD,0,1,4,2,3,Rehab,2025-12-01,34,Medium,0
P-7834,68,Male,General Medicine,Elective,COPD,0,1,5,1,4,Home,2025-10-29,34,Medium,0
P-7835,43,Female,Emergency,Elective,Pneumonia,0,1,5,1,13,Home,2025-09-24,30,Low,0
P-7836,76,Male,Emergency,Emergency,Gastrointestinal Bleed,3,2,6,1,1,Home,2025-12-08,69,High,1
P-7837,33,Male,ICU,Urgent,Diabetes with Complications,2,0,9,3,8,Home Health Care,2025-04-10,54,Medium,0
P-7838,52,Male,Orthopedics,Elective,Gastrointestinal Bleed,1,1,1,0,1,Home Health Care,2025-08-02,16,Low,0
P-7839,57,Female,Orthopedics,Elective,Pneumonia,1,1,7,2,11,Home,2025-11-27,57,Medium,0
P-7840,51,Other,Pediatrics,Emergency,COPD,0,0,1,2,5,Home,2025-08-15,18,Low,0
P-7841,52,Female,General Medicine,Emergency,Gastrointestinal Bleed,1,1,8,1,5,Home,2025-07-16,42,Medium,1
P-7842,91,Female,Emergency,Emergency,Pneumonia,1,1,8,0,9,Home,2025-08-09,64,High,0
P-7843,48,Male,Cardiology,Emergency,Sepsis,0,0,1,2,7,Home Health Care,2025-04-20,19,Low,1
P-7844,95,Female,Pediatrics,Elective,Acute Kidney Injury,1,1,2,1,7,Home,2025-06-08,54,Medium,0
P-7845,68,Female,General Medicine,Emergency,Sepsis,0,1,1,3,6,Skilled Nursing Facility,2025-01-10,38,Medium,0
P-7846,63,Female,General Medicine,Elective,Acute Kidney Injury,2,2,2,3,8,Rehab,2025-07-06,64,High,1
P-7847,69,Female,General Medicine,Emergency,Pneumonia,0,1,4,2,6,Home,2025-10-26,40,Medium,0
P-7848,95,Female,Orthopedics,Emergency,Diabetes with Complications,3,3,3,4,7,Against Medical Advice,2025-10-04,91,High,1
P-7849,46,Male,ICU,Urgent,Hypertension,3,3,2,4,5,Rehab,2025-05-02,70,High,1
P-7850,44,Female,Cardiology,Urgent,Gastrointestinal Bleed,2,1,5,1,1,Home Health Care,2025-05-05,33,Medium,0
P-7851,49,Female,General Medicine,Urgent,COPD,0,1,4,2,11,Skilled Nursing Facility,2025-07-28,35,Medium,0
P-7852,62,Female,Orthopedics,Urgent,Hypertension,2,4,1,1,8,Home,2025-12-03,59,Medium,0
P-7853,34,Female,General Medicine,Elective,Sepsis,0,0,2,2,11,Rehab,2025-10-10,18,Low,1
P-7854,62,Female,Emergency,Urgent,Gastrointestinal Bleed,0,0,13,0,8,Home,2025-10-25,45,Medium,1
P-7855,89,Female,Emergency,Elective,Acute Kidney Injury,1,0,6,5,1,Skilled Nursing Facility,2025-12-04,74,High,1
P-7856,64,Male,General Medicine,Transfer,Stroke,3,2,14,6,4,Home,2025-09-05,95,High,1
P-7857,57,Male,General Medicine,Emergency,Acute Kidney Injury,2,3,3,0,7,Home Health Care,2025-04-28,47,Medium,1
P-7858,52,Female,General Medicine,Urgent,Gastrointestinal Bleed,0,0,1,1,3,Home,2025-09-17,14,Low,0
P-7859,76,Female,Cardiology,Elective,Diabetes with Complications,1,0,8,0,1,Home,2025-03-15,39,Medium,0
P-7860,48,Female,Neurology,Emergency,Pneumonia,2,0,1,3,8,Rehab,2025-03-22,39,Medium,0
P-7861,91,Female,General Medicine,Emergency,Acute Kidney Injury,3,0,13,3,7,Home Health Care,2025-06-09,91,High,1
P-7862,92,Female,General Medicine,Urgent,Diabetes with Complications,1,1,2,4,5,Skilled Nursing Facility,2025-06-20,69,High,1
P-7863,66,Male,Cardiology,Emergency,Sepsis,0,0,5,3,8,Home,2025-08-24,45,Medium,1
P-7864,61,Male,Emergency,Transfer,Hypertension,2,2,9,1,9,Skilled Nursing Facility,2025-04-11,70,High,1
P-7865,78,Female,Orthopedics,Emergency,Pneumonia,1,0,3,1,6,Home Health Care,2025-04-23,39,Medium,1
P-7866,79,Male,ICU,Emergency,Acute Kidney Injury,1,0,3,0,2,Home,2025-05-06,29,Low,1
P-7867,49,Female,Emergency,Emergency,Acute Kidney Injury,0,2,1,1,7,Home Health Care,2025-07-06,23,Low,0
P-7868,53,Female,Emergency,Emergency,Hypertension,2,1,6,1,6,Home,2025-11-26,47,Medium,1
P-7869,40,Male,General Medicine,Elective,Hip Fracture,2,1,2,3,2,Skilled Nursing Facility,2025-12-02,36,Medium,0
P-7870,68,Female,Cardiology,Elective,Gastrointestinal Bleed,2,1,5,2,4,Home,2025-02-28,58,Medium,1
P-7871,72,Female,Cardiology,Emergency,COPD,2,0,2,1,5,Home,2025-01-26,39,Medium,0
P-7872,40,Male,Neurology,Emergency,Hypertension,1,1,7,2,3,Home Health Care,2025-07-22,37,Medium,1
P-7873,54,Male,General Medicine,Emergency,Heart Failure,3,2,6,2,8,Home Health Care,2025-03-08,71,High,0
P-7874,40,Female,Cardiology,Urgent,Acute Kidney Injury,1,2,1,3,11,Home Health Care,2025-03-25,42,Medium,0
P-7875,47,Male,Cardiology,Emergency,COPD,1,0,1,1,4,Skilled Nursing Facility,2025-12-14,17,Low,0
P-7876,70,Male,Pediatrics,Emergency,Acute Kidney Injury,1,1,1,5,7,Home,2025-02-04,63,High,0
P-7877,50,Male,Cardiology,Emergency,Gastrointestinal Bleed,2,0,1,3,11,Home,2025-08-14,44,Medium,0
P-7878,57,Male,General Medicine,Urgent,Hip Fracture,0,0,1,4,8,Home,2025-12-06,35,Medium,0
P-7879,35,Female,Emergency,Emergency,Hip Fracture,0,0,2,3,8,Home,2025-02-24,21,Low,0
P-7880,64,Male,Orthopedics,Emergency,Hip Fracture,4,1,7,0,7,Home,2025-07-13,68,High,1
P-7881,61,Female,General Medicine,Elective,Heart Failure,1,0,4,3,9,Home Health Care,2025-09-29,49,Medium,0
P-7882,50,Male,General Medicine,Transfer,Stroke,1,0,1,0,5,Home,2025-08-14,15,Low,0
P-7883,58,Female,ICU,Elective,COPD,2,0,1,6,5,Skilled Nursing Facility,2025-07-14,62,High,1
P-7884,64,Male,Orthopedics,Emergency,Sepsis,1,0,1,3,4,Home,2025-03-18,36,Medium,0
P-7885,48,Female,Emergency,Emergency,COPD,0,1,3,2,11,Home,2025-06-12,31,Medium,1
P-7886,38,Male,Neurology,Transfer,Acute Kidney Injury,1,2,2,5,6,Home,2025-12-02,51,Medium,1
P-7887,90,Female,Emergency,Emergency,Acute Kidney Injury,0,0,6,3,10,Home,2025-03-04,65,High,1
P-7888,51,Female,General Medicine,Emergency,Heart Failure,2,0,5,2,9,Home,2025-03-20,47,Medium,0
P-7889,60,Female,ICU,Emergency,Sepsis,1,1,10,1,4,Home Health Care,2025-02-07,52,Medium,1
P-7890,78,Female,General Medicine,Transfer,Hypertension,0,0,14,3,6,Home,2025-07-01,74,High,1
P-7891,95,Male,Emergency,Elective,Hip Fracture,1,0,1,4,9,Home,2025-06-05,67,High,1
P-7892,42,Female,Emergency,Elective,Acute Kidney Injury,0,1,2,0,9,Home,2025-08-10,15,Low,0
P-7893,69,Male,Cardiology,Emergency,Hypertension,0,2,1,4,6,Home,2025-06-25,52,Medium,1
P-7894,50,Female,Cardiology,Elective,Sepsis,1,1,2,1,10,Home Health Care,2025-04-17,30,Low,1
P-7895,53,Female,Cardiology,Emergency,Acute Kidney Injury,1,1,5,1,1,Home,2025-07-02,30,Low,0
P-7896,50,Female,Emergency,Emergency,Heart Failure,0,1,2,4,5,Home,2025-07-24,36,Medium,0
P-7897,43,Male,Orthopedics,Urgent,Acute Kidney Injury,2,2,1,4,5,Home,2025-03-03,52,Medium,1
P-7898,61,Male,Emergency,Emergency,Diabetes with Complications,1,1,3,0,5,Rehab,2025-04-29,28,Low,0
P-7899,38,Male,General Medicine,Emergency,COPD,1,1,1,1,11,Home,2025-05-20,23,Low,0
P-7900,77,Male,ICU,Urgent,Diabetes with Complications,3,1,17,3,8,Home,2025-07-16,94,High,1
P-7901,62,Male,General Medicine,Emergency,Hip Fracture,0,0,16,2,6,Home,2025-09-01,65,High,1
P-7902,68,Male,Emergency,Elective,Stroke,1,4,1,0,2,Skilled Nursing Facility,2025-03-08,39,Medium,0
P-7903,54,Other,Pediatrics,Elective,Gastrointestinal Bleed,0,0,1,3,13,Home,2025-08-06,32,Medium,0
P-7904,56,Female,Orthopedics,Urgent,COPD,2,0,4,1,6,Home,2025-03-24,37,Medium,0
P-7905,66,Female,Emergency,Urgent,Acute Kidney Injury,3,0,2,1,1,Skilled Nursing Facility,2025-09-09,39,Medium,0
P-7906,43,Male,General Medicine,Elective,Gastrointestinal Bleed,0,1,1,2,6,Home,2025-01-07,20,Low,1
P-7907,56,Female,Cardiology,Emergency,Gastrointestinal Bleed,1,0,1,3,9,Rehab,2025-12-12,37,Medium,0
P-7908,48,Female,General Medicine,Emergency,Diabetes with Complications,4,0,6,2,1,Home,2025-04-17,56,Medium,1
P-7909,47,Female,ICU,Urgent,Heart Failure,3,0,2,2,5,Home,2025-04-01,40,Medium,0
P-7910,28,Male,Emergency,Emergency,Pneumonia,1,1,4,0,4,Rehab,2025-04-12,15,Low,0
P-7911,83,Female,Cardiology,Elective,Hypertension,1,2,2,1,7,Home,2025-05-23,52,Medium,0
P-7912,51,Other,General Medicine,Emergency,Heart Failure,0,1,4,2,5,Home Health Care,2025-04-21,29,Low,1
P-7913,80,Male,Emergency,Emergency,Sepsis,2,0,30,4,12,Skilled Nursing Facility,2025-08-23,99,High,1
P-7914,79,Female,General Medicine,Emergency,Hip Fracture,1,2,6,2,12,Home,2025-10-12,73,High,1
P-7915,41,Male,Emergency,Emergency,COPD,1,0,2,0,8,Home,2025-12-19,16,Low,0
P-7916,44,Male,ICU,Transfer,COPD,2,2,16,0,9,Home,2025-11-04,73,High,1
P-7917,95,Female,General Medicine,Urgent,Hypertension,3,0,1,1,10,Home,2025-11-18,65,High,0
P-7918,90,Male,Orthopedics,Emergency,Heart Failure,1,1,1,3,3,Home,2025-08-22,56,Medium,1
P-7919,61,Male,Neurology,Elective,Gastrointestinal Bleed,0,0,4,2,4,Home Health Care,2025-04-19,28,Low,0
P-7920,66,Male,General Medicine,Elective,Hypertension,2,1,2,1,3,Home,2025-05-07,39,Medium,1
P-7921,51,Female,General Medicine,Urgent,Hip Fracture,1,0,6,4,4,Home Health Care,2025-07-26,49,Medium,0
P-7922,68,Male,General Medicine,Urgent,Pneumonia,0,1,1,1,9,Home,2025-01-27,29,Low,0
P-7923,50,Female,Cardiology,Emergency,Pneumonia,2,1,2,5,6,Home,2025-06-25,61,High,1
P-7924,29,Male,Cardiology,Emergency,Hypertension,1,0,9,5,15,Skilled Nursing Facility,2025-03-07,65,High,1
P-7925,40,Female,ICU,Elective,COPD,1,0,3,0,6,Home,2025-10-04,16,Low,1
P-7926,62,Other,Emergency,Transfer,COPD,0,0,2,4,5,Home,2025-06-01,37,Medium,0
P-7927,43,Male,Emergency,Elective,Diabetes with Complications,0,1,4,4,4,Rehab,2025-06-14,36,Medium,1
P-7928,60,Male,Pediatrics,Urgent,COPD,1,0,3,0,7,Home,2025-09-18,24,Low,0
P-7929,44,Male,Emergency,Urgent,Diabetes with Complications,0,1,2,1,1,Home Health Care,2025-05-18,14,Low,0
P-7930,49,Female,General Medicine,Elective,Stroke,2,0,9,2,1,Home,2025-08-15,48,Medium,0
P-7931,75,Male,General Medicine,Urgent,Acute Kidney Injury,4,1,9,2,7,Home,2025-12-26,86,High,1
P-7932,65,Male,Cardiology,Emergency,Stroke,0,1,3,4,8,Home,2025-12-26,51,Medium,1
P-7933,61,Male,ICU,Emergency,Sepsis,1,2,5,2,3,Home Health Care,2025-01-24,50,Medium,0
P-7934,76,Male,Emergency,Elective,Diabetes with Complications,1,1,6,2,8,Rehab,2025-01-01,62,High,1
P-7935,69,Male,General Medicine,Emergency,Diabetes with Complications,3,1,6,1,1,Home,2025-08-25,59,Medium,1
P-7936,85,Female,Pediatrics,Emergency,Heart Failure,3,0,2,6,6,Home,2025-08-27,84,High,0
P-7937,54,Female,Emergency,Elective,Heart Failure,1,0,5,3,1,Home,2025-02-16,38,Medium,0
P-7938,55,Male,Orthopedics,Emergency,Acute Kidney Injury,0,1,12,2,7,Home,2025-02-26,57,Medium,1
P-7939,41,Female,Emergency,Urgent,Acute Kidney Injury,0,0,1,0,6,Home,2025-05-24,9,Low,0
P-7940,55,Female,General Medicine,Transfer,Stroke,3,1,1,2,7,Home,2025-08-01,50,Medium,1
P-7941,77,Female,General Medicine,Emergency,Heart Failure,1,1,9,1,4,Home,2025-09-22,60,Medium,1
P-7942,82,Female,ICU,Emergency,Acute Kidney Injury,0,0,5,1,3,Home,2025-02-01,35,Medium,0
P-7943,77,Female,ICU,Elective,Diabetes with Complications,1,0,1,0,9,Rehab,2025-04-06,30,Low,0
P-7944,33,Female,ICU,Emergency,Hypertension,2,2,7,0,12,Home,2025-11-13,44,Medium,0
P-7945,79,Female,Emergency,Emergency,Heart Failure,1,2,1,1,3,Home,2025-06-20,42,Medium,1
P-7946,32,Male,General Medicine,Elective,Stroke,5,1,9,5,6,Home,2025-05-29,87,High,1
P-7947,76,Male,Cardiology,Elective,Pneumonia,4,0,3,0,12,Skilled Nursing Facility,2025-02-05,64,High,1
P-7948,56,Male,General Medicine,Emergency,Gastrointestinal Bleed,1,0,2,4,7,Skilled Nursing Facility,2025-10-24,44,Medium,0
P-7949,73,Female,Cardiology,Urgent,Acute Kidney Injury,0,1,5,2,13,Home Health Care,2025-04-15,55,Medium,1
P-7950,40,Male,General Medicine,Elective,Acute Kidney Injury,2,0,1,1,7,Home,2025-01-12,22,Low,1
P-7951,80,Female,General Medicine,Emergency,Acute Kidney Injury,0,0,4,2,5,Home Health Care,2025-10-06,40,Medium,1
P-7952,38,Male,General Medicine,Elective,Gastrointestinal Bleed,3,1,4,3,8,Rehab,2025-02-27,57,Medium,0
P-7953,51,Female,Emergency,Emergency,Hypertension,0,1,2,0,9,Home,2025-09-02,18,Low,1
P-7954,46,Male,Cardiology,Emergency,Heart Failure,4,1,5,2,4,Skilled Nursing Facility,2025-11-26,61,High,1
P-7955,33,Female,Orthopedics,Urgent,Acute Kidney Injury,2,0,2,2,10,Skilled Nursing Facility,2025-12-05,29,Low,0
P-7956,63,Female,Cardiology,Urgent,Hypertension,3,0,9,3,5,Home,2025-02-25,75,High,1
P-7957,90,Male,Cardiology,Emergency,Sepsis,2,0,1,3,4,Home,2025-02-17,60,Medium,0
P-7958,95,Male,Cardiology,Urgent,Gastrointestinal Bleed,3,1,7,0,2,Home,2025-10-13,71,High,0
P-7959,63,Female,General Medicine,Emergency,Pneumonia,2,0,3,1,4,Home,2025-02-22,36,Medium,1
P-7960,79,Male,General Medicine,Emergency,Heart Failure,2,0,2,2,10,Home,2025-01-26,57,Medium,1
P-7961,65,Female,General Medicine,Emergency,Hip Fracture,1,0,13,3,2,Rehab,2025-08-19,68,High,1
P-7962,69,Female,Emergency,Emergency,Gastrointestinal Bleed,0,0,2,2,5,Home,2025-05-11,28,Low,0
P-7963,56,Female,Cardiology,Emergency,Sepsis,3,2,3,1,5,Home,2025-09-26,53,Medium,0
P-7964,65,Female,Neurology,Urgent,Acute Kidney Injury,3,0,3,3,3,Home,2025-06-28,58,Medium,1
P-7965,70,Female,Emergency,Emergency,Hip Fracture,3,1,2,4,4,Home,2025-04-17,71,High,1
P-7966,52,Female,Emergency,Emergency,Sepsis,3,0,1,1,10,Home Health Care,2025-09-08,39,Medium,1
P-7967,60,Female,General Medicine,Elective,Sepsis,3,0,11,2,8,Home,2025-03-19,76,High,1
P-7968,61,Male,Cardiology,Emergency,Gastrointestinal Bleed,5,0,11,1,5,Home,2025-09-04,81,High,1
P-7969,75,Male,Cardiology,Elective,Gastrointestinal Bleed,1,1,5,2,7,Home,2025-08-09,57,Medium,1
P-7970,44,Male,Emergency,Emergency,Heart Failure,2,1,2,0,5,Home,2025-04-22,24,Low,0
P-7971,61,Female,Cardiology,Emergency,Diabetes with Complications,3,0,5,3,11,Skilled Nursing Facility,2025-02-28,70,High,1
P-7972,92,Male,Cardiology,Elective,Heart Failure,2,1,16,3,7,Home,2025-06-04,93,High,1
P-7973,80,Female,Orthopedics,Emergency,Diabetes with Complications,3,1,10,1,6,Home,2025-03-23,80,High,1
P-7974,83,Male,Emergency,Emergency,Pneumonia,0,2,1,2,6,Home,2025-09-30,46,Medium,0
P-7975,62,Female,Emergency,Emergency,Diabetes with Complications,1,0,8,0,6,Home,2025-08-06,37,Medium,0
P-7976,67,Male,General Medicine,Emergency,Sepsis,1,1,8,1,5,Home,2025-08-19,52,Medium,0
P-7977,78,Male,Pediatrics,Elective,COPD,3,1,12,3,6,Home Health Care,2025-05-30,89,High,1
P-7978,86,Male,Cardiology,Emergency,Acute Kidney Injury,2,1,1,3,1,Home,2025-11-10,60,Medium,1
P-7979,30,Male,Orthopedics,Elective,Hypertension,1,0,7,5,4,Home,2025-12-14,46,Medium,0
P-7980,40,Female,General Medicine,Elective,Gastrointestinal Bleed,0,2,4,2,6,Home,2025-04-07,30,Low,1
P-7981,82,Female,Cardiology,Emergency,Diabetes with Complications,2,1,4,1,5,Home,2025-04-14,58,Medium,1
P-7982,57,Male,Cardiology,Urgent,Pneumonia,1,0,2,2,1,Home,2025-01-18,25,Low,0
P-7983,51,Female,Emergency,Transfer,Hypertension,0,3,7,1,11,Home,2025-08-24,50,Medium,0
P-7984,41,Male,General Medicine,Elective,Heart Failure,3,0,3,6,4,Home,2025-10-06,65,High,0
P-7985,53,Male,Cardiology,Emergency,Diabetes with Complications,4,1,2,1,8,Home,2025-04-08,55,Medium,0
P-7986,39,Female,Emergency,Emergency,Heart Failure,1,0,15,2,5,Home Health Care,2025-11-05,56,Medium,1
P-7987,95,Male,General Medicine,Emergency,Gastrointestinal Bleed,1,1,3,0,9,Home,2025-11-20,52,Medium,0
P-7988,61,Female,Emergency,Emergency,Pneumonia,0,0,8,5,11,Home,2025-07-01,68,High,1
P-7989,61,Female,Orthopedics,Emergency,Pneumonia,1,2,1,1,15,Home,2025-11-27,46,Medium,1
P-7990,71,Male,Orthopedics,Elective,Stroke,2,0,7,0,9,Home Health Care,2025-10-27,52,Medium,1
P-7991,77,Female,Emergency,Emergency,Heart Failure,2,1,6,0,5,Home,2025-11-27,54,Medium,1
P-7992,77,Male,Pediatrics,Transfer,Gastrointestinal Bleed,2,0,4,2,8,Home,2025-11-23,59,Medium,1
P-7993,79,Female,ICU,Emergency,Stroke,1,1,1,1,1,Home,2025-08-01,34,Medium,0
P-7994,51,Female,ICU,Elective,Gastrointestinal Bleed,1,0,1,2,8,Skilled Nursing Facility,2025-02-26,27,Low,0
P-7995,57,Female,Emergency,Urgent,Hip Fracture,3,2,6,1,7,Home Health Care,2025-10-04,65,High,1
P-7996,74,Male,General Medicine,Emergency,Acute Kidney Injury,3,1,9,5,1,Home Health Care,2025-10-17,88,High,1
P-7997,53,Male,General Medicine,Urgent,Pneumonia,1,0,4,0,4,Home,2025-09-15,21,Low,0
P-7998,61,Female,Emergency,Emergency,Gastrointestinal Bleed,1,0,3,0,11,Home Health Care,2025-05-26,29,Low,1
P-7999,68,Female,Cardiology,Transfer,Acute Kidney Injury,0,0,4,4,3,Home Health Care,2025-09-03,44,Medium,0
P-8000,74,Female,Cardiology,Transfer,Gastrointestinal Bleed,0,2,1,2,6,Home,2025-08-20,41,Medium,0
P-8001,33,Male,Orthopedics,Emergency,Pneumonia,1,0,1,0,1,Skilled Nursing Facility,2025-02-02,9,Low,0
P-8002,73,Female,Orthopedics,Urgent,Sepsis,2,0,8,3,6,Against Medical Advice,2025-11-06,72,High,1
P-8003,58,Female,General Medicine,Emergency,Diabetes with Complications,3,1,9,2,4,Home,2025-01-16,71,High,0
P-8004,73,Male,General Medicine,Emergency,Pneumonia,2,0,7,2,1,Skilled Nursing Facility,2025-02-10,57,Medium,0
P-8005,74,Female,General Medicine,Emergency,Diabetes with Complications,0,0,7,2,5,Home,2025-08-02,45,Medium,1
P-8006,87,Male,Cardiology,Emergency,Diabetes with Complications,0,0,2,1,9,Home,2025-05-09,36,Medium,0
P-8007,83,Male,Emergency,Elective,Acute Kidney Injury,2,1,1,4,3,Home,2025-07-29,67,High,1
P-8008,83,Male,General Medicine,Emergency,Hypertension,1,1,1,1,5,Home,2025-07-06,41,Medium,0
P-8009,85,Female,Emergency,Elective,COPD,1,1,5,4,8,Skilled Nursing Facility,2025-12-24,76,High,1
P-8010,66,Female,ICU,Emergency,COPD,2,1,3,1,3,Home Health Care,2025-07-11,42,Medium,0
P-8011,62,Female,Pediatrics,Transfer,Hip Fracture,1,1,1,4,3,Home,2025-05-11,46,Medium,0
P-8012,75,Male,Orthopedics,Emergency,Sepsis,1,3,14,1,4,Home Health Care,2025-12-04,81,High,1
P-8013,73,Male,Cardiology,Emergency,Hypertension,2,0,2,2,7,Home Health Care,2025-05-15,49,Medium,0
P-8014,57,Female,General Medicine,Elective,Diabetes with Complications,1,3,1,1,8,Home,2025-06-27,41,Medium,0
P-8015,68,Female,Neurology,Urgent,Heart Failure,2,1,3,1,7,Home,2025-04-11,49,Medium,0
P-8016,61,Female,ICU,Elective,Acute Kidney Injury,1,1,2,3,4,Skilled Nursing Facility,2025-03-28,43,Medium,0
P-8017,48,Male,Emergency,Emergency,Stroke,3,0,3,0,9,Skilled Nursing Facility,2025-11-21,35,Medium,1
P-8018,82,Female,Emergency,Emergency,Acute Kidney Injury,2,2,13,2,7,Against Medical Advice,2025-03-29,88,High,1
P-8019,62,Female,Emergency,Emergency,COPD,1,0,5,2,5,Home,2025-05-22,40,Medium,0
P-8020,94,Female,Orthopedics,Emergency,Acute Kidney Injury,5,0,5,2,1,Home,2025-07-10,83,High,1
P-8021,35,Female,Emergency,Emergency,Hypertension,1,1,10,3,9,Home Health Care,2025-06-01,57,Medium,0
P-8022,53,Female,ICU,Emergency,Hip Fracture,0,3,1,1,6,Home,2025-11-19,28,Low,0
P-8023,62,Female,ICU,Elective,Acute Kidney Injury,2,0,1,1,6,Home Health Care,2025-09-26,32,Medium,0
P-8024,80,Female,ICU,Elective,Gastrointestinal Bleed,1,0,9,5,10,Home,2025-08-17,84,High,0
P-8025,68,Female,Emergency,Elective,Hypertension,0,1,1,1,7,Home,2025-05-24,27,Low,0
P-8026,66,Male,General Medicine,Emergency,Stroke,2,0,6,2,1,Home,2025-09-16,50,Medium,0
P-8027,43,Female,Cardiology,Elective,Diabetes with Complications,3,0,2,1,9,Home,2025-05-18,35,Medium,1
P-8028,43,Female,General Medicine,Emergency,Gastrointestinal Bleed,1,1,3,1,10,Home,2025-11-19,29,Low,0
P-8029,67,Male,General Medicine,Emergency,Diabetes with Complications,2,1,3,3,4,Skilled Nursing Facility,2025-03-30,58,Medium,1
P-8030,40,Female,Cardiology,Elective,Sepsis,2,0,1,0,9,Home,2025-07-31,19,Low,0
P-8031,53,Female,General Medicine,Elective,Hip Fracture,1,0,6,4,14,Home,2025-04-07,63,High,0
P-8032,70,Male,General Medicine,Elective,Diabetes with Complications,1,0,9,0,10,Rehab,2025-08-20,50,Medium,1
P-8033,46,Female,Emergency,Emergency,Sepsis,1,2,1,1,2,Home,2025-05-24,23,Low,0
P-8034,87,Male,Emergency,Urgent,Acute Kidney Injury,0,1,2,4,7,Home,2025-06-06,61,High,0
P-8035,81,Female,General Medicine,Emergency,Stroke,3,1,1,0,9,Home,2025-04-01,55,Medium,0
P-8036,36,Male,Pediatrics,Urgent,Hypertension,0,3,2,4,10,Home Health Care,2025-07-05,45,Medium,1
P-8037,47,Female,Emergency,Emergency,Acute Kidney Injury,0,2,2,3,5,Home,2025-05-31,33,Medium,1
P-8038,25,Female,Emergency,Emergency,Pneumonia,3,2,8,0,9,Rehab,2025-05-18,47,Medium,1
P-8039,49,Female,Emergency,Emergency,Sepsis,1,0,7,6,7,Home,2025-10-06,68,High,0
P-8040,74,Other,ICU,Emergency,Stroke,2,0,9,5,9,Home Health Care,2025-12-10,86,High,1
P-8041,55,Male,General Medicine,Emergency,Heart Failure,1,0,1,1,5,Home,2025-09-24,21,Low,0
P-8042,69,Female,Emergency,Urgent,Hip Fracture,0,2,1,2,8,Rehab,2025-12-25,40,Medium,1
P-8043,37,Male,Cardiology,Emergency,Hip Fracture,1,2,2,0,8,Home,2025-10-02,22,Low,0
P-8044,74,Female,Emergency,Elective,COPD,2,1,7,2,2,Home Health Care,2025-03-27,65,High,1
P-8045,53,Female,ICU,Urgent,Hip Fracture,0,1,1,1,5,Skilled Nursing Facility,2025-04-07,19,Low,1
P-8046,62,Female,Emergency,Elective,Pneumonia,0,0,1,2,5,Skilled Nursing Facility,2025-12-20,23,Low,0
P-8047,60,Female,Cardiology,Emergency,Acute Kidney Injury,1,0,4,2,5,Home,2025-06-06,36,Medium,1
P-8048,41,Male,ICU,Transfer,Pneumonia,2,0,1,4,2,Home,2025-10-22,35,Medium,0
P-8049,43,Male,Orthopedics,Emergency,Diabetes with Complications,3,2,1,2,12,Home,2025-04-02,55,Medium,1
P-8050,77,Female,Neurology,Emergency,Acute Kidney Injury,2,2,2,3,9,Home,2025-04-26,72,High,1
P-8051,68,Female,Cardiology,Elective,Hip Fracture,1,1,2,3,3,Skilled Nursing Facility,2025-08-28,46,Medium,0
P-8052,78,Male,Emergency,Emergency,Gastrointestinal Bleed,3,2,3,1,4,Home,2025-06-23,65,High,0
P-8053,67,Male,Cardiology,Elective,Acute Kidney Injury,2,1,7,3,13,Home,2025-01-26,78,High,1
P-8054,64,Female,Emergency,Emergency,Pneumonia,1,1,2,2,3,Home,2025-11-17,37,Medium,0
P-8055,34,Male,Emergency,Emergency,Pneumonia,2,0,5,3,7,Against Medical Advice,2025-11-15,41,Medium,1
P-8056,57,Female,Cardiology,Emergency,Hip Fracture,3,1,10,2,7,Skilled Nursing Facility,2025-10-28,76,High,1
P-8057,61,Female,General Medicine,Transfer,Pneumonia,0,1,2,2,10,Home,2025-06-06,35,Medium,0
P-8058,93,Female,Cardiology,Urgent,Gastrointestinal Bleed,1,0,1,2,8,Home Health Care,2025-11-23,51,Medium,1
P-8059,72,Male,ICU,Emergency,Hypertension,3,1,5,3,3,Home Health Care,2025-08-06,73,High,0
P-8060,86,Male,General Medicine,Emergency,Heart Failure,2,0,6,4,7,Home Health Care,2025-07-13,79,High,0
P-8061,71,Female,General Medicine,Emergency,Heart Failure,1,0,3,2,7,Home,2025-03-24,42,Medium,1
P-8062,50,Other,Emergency,Elective,Acute Kidney Injury,4,0,3,2,4,Home Health Care,2025-01-03,52,Medium,1
P-8063,63,Male,Emergency,Urgent,COPD,3,1,7,2,3,Home,2025-04-08,67,High,1
P-8064,65,Male,Emergency,Transfer,Pneumonia,4,0,3,2,7,Home Health Care,2025-09-21,64,High,0
P-8065,46,Male,Emergency,Elective,Heart Failure,2,2,1,0,5,Home,2025-05-28,27,Low,1
P-8066,55,Female,Emergency,Elective,Stroke,2,1,10,4,7,Rehab,2025-11-27,78,High,1
P-8067,58,Female,Emergency,Emergency,Heart Failure,1,1,2,3,7,Home Health Care,2025-06-10,45,Medium,1
P-8068,87,Male,Emergency,Emergency,Sepsis,2,0,5,1,8,Home,2025-07-08,61,High,0
P-8069,28,Male,General Medicine,Elective,Hypertension,0,1,4,1,3,Skilled Nursing Facility,2025-10-19,14,Low,0
P-8070,81,Female,General Medicine,Emergency,Diabetes with Complications,3,0,4,5,5,Home,2025-04-30,82,High,0
P-8071,47,Female,Emergency,Urgent,COPD,1,0,2,2,3,Home,2025-02-26,23,Low,0
P-8072,40,Female,Emergency,Emergency,Hip Fracture,0,2,7,2,3,Home,2025-06-09,34,Medium,1
P-8073,80,Female,Emergency,Emergency,Pneumonia,1,1,2,0,9,Home,2025-11-25,40,Medium,1
P-8074,73,Female,Emergency,Emergency,Gastrointestinal Bleed,1,0,13,1,7,Home,2025-12-06,66,High,0
P-8075,82,Female,Emergency,Transfer,Acute Kidney Injury,0,0,4,1,11,Home Health Care,2025-11-14,42,Medium,0
P-8076,74,Female,Orthopedics,Elective,Sepsis,1,0,7,0,1,Skilled Nursing Facility,2025-09-05,35,Medium,1
P-8077,94,Female,General Medicine,Emergency,Diabetes with Complications,3,2,7,3,5,Home,2025-12-21,89,High,1
P-8078,70,Male,Orthopedics,Urgent,Heart Failure,1,2,16,1,4,Home,2025-03-19,79,High,1
P-8079,59,Male,General Medicine,Emergency,Acute Kidney Injury,1,1,4,1,12,Home,2025-02-09,43,Medium,0
P-8080,67,Female,Pediatrics,Emergency,Heart Failure,1,0,1,5,3,Skilled Nursing Facility,2025-08-27,50,Medium,1
P-8081,81,Male,General Medicine,Emergency,COPD,0,0,1,4,4,Home Health Care,2025-11-24,44,Medium,1
P-8082,49,Female,Pediatrics,Elective,Hip Fracture,3,0,2,2,11,Home,2025-04-11,48,Medium,0
P-8083,51,Male,Cardiology,Emergency,Diabetes with Complications,1,0,3,1,12,Home Health Care,2025-05-05,30,Low,0
P-8084,57,Female,ICU,Elective,Sepsis,1,0,2,2,1,Home,2025-02-06,25,Low,0
P-8085,28,Female,General Medicine,Elective,Hypertension,1,3,12,1,7,Home,2025-01-29,54,Medium,0
P-8086,64,Female,Pediatrics,Emergency,Acute Kidney Injury,1,2,3,4,3,Home,2025-10-09,59,Medium,0
P-8087,31,Male,Emergency,Emergency,Heart Failure,3,1,11,0,10,Home,2025-09-05,55,Medium,0
P-8088,62,Other,Cardiology,Urgent,Hip Fracture,0,1,1,4,9,Home,2025-07-07,45,Medium,1
P-8089,75,Male,Emergency,Elective,Acute Kidney Injury,0,0,2,3,4,Home Health Care,2025-05-27,37,Medium,1
P-8090,54,Male,General Medicine,Emergency,Gastrointestinal Bleed,2,1,3,2,3,Home,2025-09-08,42,Medium,0
P-8091,88,Male,Emergency,Emergency,Diabetes with Complications,0,0,1,3,4,Home,2025-05-03,42,Medium,0
P-8092,38,Female,General Medicine,Emergency,Sepsis,2,2,5,2,7,Home,2025-01-24,49,Medium,0
P-8093,81,Male,Pediatrics,Emergency,Stroke,2,1,1,2,1,Home Health Care,2025-12-08,50,Medium,1
P-8094,72,Female,Orthopedics,Emergency,Heart Failure,1,0,2,3,4,Home,2025-11-28,43,Medium,0
P-8095,34,Female,Cardiology,Emergency,Hypertension,0,4,18,2,8,Home Health Care,2025-05-10,78,High,0
P-8096,95,Female,Emergency,Urgent,COPD,2,1,12,2,5,Home,2025-07-16,87,High,1
P-8097,60,Female,Emergency,Emergency,Diabetes with Complications,2,3,2,1,6,Home,2025-08-29,52,Medium,0
P-8098,47,Female,Emergency,Urgent,Stroke,0,1,2,1,2,Home,2025-12-26,16,Low,1
P-8099,39,Female,Cardiology,Elective,Pneumonia,3,0,4,4,6,Home Health Care,2025-11-08,56,Medium,1
P-8100,58,Female,General Medicine,Emergency,Gastrointestinal Bleed,3,0,2,1,6,Home,2025-03-28,41,Medium,0
P-8101,59,Male,Emergency,Elective,Hip Fracture,2,1,6,2,7,Home,2025-02-03,59,Medium,1
P-8102,63,Male,Orthopedics,Emergency,Hypertension,0,0,4,2,8,Home,2025-05-10,34,Medium,0
P-8103,57,Male,Neurology,Elective,Stroke,1,2,3,0,4,Home,2025-11-10,30,Low,0
P-8104,72,Male,ICU,Emergency,Hip Fracture,3,0,15,1,11,Skilled Nursing Facility,2025-08-02,86,High,1
P-8105,55,Female,Pediatrics,Emergency,Heart Failure,0,0,2,4,1,Home,2025-10-10,29,Low,1
P-8106,31,Female,General Medicine,Elective,Hypertension,2,2,9,1,4,Home,2025-09-22,46,Medium,0
P-8107,59,Female,Emergency,Emergency,Sepsis,0,0,6,3,1,Home Health Care,2025-04-27,35,Medium,1
P-8108,24,Male,Emergency,Emergency,Stroke,1,1,2,1,8,Home,2025-11-14,17,Low,0
P-8109,67,Female,Emergency,Emergency,Stroke,1,2,1,0,5,Skilled Nursing Facility,2025-08-30,31,Medium,0
P-8110,46,Female,Emergency,Emergency,Gastrointestinal Bleed,1,0,4,3,4,Rehab,2025-02-08,34,Medium,1
P-8111,64,Male,General Medicine,Urgent,Stroke,1,0,1,2,5,Home,2025-03-31,31,Medium,1
P-8112,83,Female,ICU,Emergency,Stroke,1,2,3,3,1,Skilled Nursing Facility,2025-06-14,62,High,1
P-8113,46,Female,General Medicine,Emergency,Sepsis,3,0,2,2,2,Home,2025-07-07,35,Medium,1
P-8114,78,Male,Cardiology,Emergency,Pneumonia,1,1,9,0,11,Home,2025-04-08,62,High,0
P-8115,55,Female,ICU,Emergency,Sepsis,1,0,5,4,8,Home,2025-07-11,54,Medium,1
P-8116,90,Male,General Medicine,Elective,Gastrointestinal Bleed,3,1,5,1,7,Home Health Care,2025-06-02,75,High,1
P-8117,56,Male,General Medicine,Emergency,Hypertension,5,3,2,4,9,Home,2025-11-26,88,High,1
P-8118,48,Female,Emergency,Elective,Pneumonia,2,1,2,4,6,Home,2025-02-27,53,Medium,0
P-8119,72,Female,ICU,Emergency,Pneumonia,3,2,4,1,6,Home,2025-06-09,67,High,0
P-8120,55,Female,Orthopedics,Emergency,Stroke,1,0,14,5,1,Skilled Nursing Facility,2025-05-11,76,High,0
P-8121,48,Male,General Medicine,Elective,Stroke,1,2,5,2,2,Home,2025-08-11,40,Medium,0
P-8122,54,Female,Cardiology,Elective,Acute Kidney Injury,3,1,1,2,10,Home,2025-10-14,53,Medium,1
P-8123,61,Male,Emergency,Emergency,Hip Fracture,2,0,15,4,2,Home,2025-12-18,82,High,1
P-8124,83,Female,Emergency,Emergency,Hip Fracture,3,0,9,2,3,Home,2025-09-17,77,High,1
P-8125,31,Male,ICU,Emergency,Diabetes with Complications,0,1,10,1,2,Home,2025-11-12,25,Low,0
P-8126,62,Female,General Medicine,Emergency,Sepsis,1,0,3,3,6,Home,2025-07-18,43,Medium,1
P-8127,71,Female,Orthopedics,Emergency,Acute Kidney Injury,0,0,11,2,6,Home,2025-12-15,56,Medium,1
P-8128,65,Female,General Medicine,Elective,COPD,1,1,2,3,5,Home,2025-01-03,46,Medium,0
P-8129,82,Male,Cardiology,Elective,Stroke,0,0,8,1,1,Home Health Care,2025-03-24,41,Medium,1
P-8130,60,Female,Orthopedics,Urgent,COPD,2,0,5,3,6,Skilled Nursing Facility,2025-08-24,56,Medium,0
P-8131,59,Female,Emergency,Elective,Acute Kidney Injury,1,0,14,2,7,Home,2025-05-01,67,High,0
P-8132,71,Female,Neurology,Elective,Hip Fracture,0,0,2,1,7,Home,2025-05-17,26,Low,0
P-8133,63,Female,ICU,Elective,Acute Kidney Injury,0,0,1,4,3,Home,2025-01-29,32,Medium,1
P-8134,55,Male,Emergency,Transfer,Gastrointestinal Bleed,0,3,6,2,10,Home,2025-07-29,55,Medium,1
P-8135,70,Male,General Medicine,Emergency,Hypertension,2,0,20,1,7,Home,2025-02-26,86,High,1
P-8136,51,Male,Cardiology,Emergency,Diabetes with Complications,1,0,1,1,5,Home Health Care,2025-01-21,19,Low,0
P-8137,52,Female,General Medicine,Emergency,Diabetes with Complications,1,0,1,1,9,Home,2025-06-10,23,Low,0
P-8138,53,Female,General Medicine,Emergency,Gastrointestinal Bleed,1,1,3,3,4,Home Health Care,2025-05-01,41,Medium,0
P-8139,83,Male,ICU,Emergency,Diabetes with Complications,0,1,6,5,9,Home,2025-04-23,77,High,0
P-8140,18,Female,General Medicine,Emergency,Pneumonia,1,0,5,2,5,Home,2025-04-03,18,Low,1
P-8141,68,Male,Emergency,Emergency,Sepsis,3,3,13,2,1,Skilled Nursing Facility,2025-06-04,88,High,0
P-8142,62,Male,Cardiology,Transfer,COPD,3,1,8,2,6,Home,2025-12-19,73,High,1
P-8143,35,Male,Pediatrics,Transfer,Hip Fracture,1,1,4,3,10,Home,2025-07-18,40,Medium,0
P-8144,66,Female,Orthopedics,Elective,Hip Fracture,1,0,3,0,4,Home,2025-04-09,24,Low,0
P-8145,69,Female,Cardiology,Emergency,Diabetes with Complications,0,0,9,5,6,Home,2025-12-04,69,High,0
P-8146,71,Male,Emergency,Urgent,Diabetes with Complications,4,0,4,2,6,Skilled Nursing Facility,2025-12-29,69,High,1
P-8147,19,Female,Emergency,Urgent,Pneumonia,1,0,10,1,3,Home,2025-10-14,22,Low,1
P-8148,83,Male,General Medicine,Urgent,Diabetes with Complications,2,1,5,6,3,Home Health Care,2025-11-30,85,High,1
P-8149,50,Male,Neurology,Elective,Acute Kidney Injury,0,2,6,3,6,Skilled Nursing Facility,2025-02-24,48,Medium,1
P-8150,72,Male,Emergency,Emergency,Heart Failure,0,0,1,3,7,Home,2025-07-12,36,Medium,0
P-8151,73,Male,Orthopedics,Emergency,Stroke,3,2,21,1,3,Home,2025-08-10,93,High,1
P-8152,47,Female,Emergency,Urgent,Hip Fracture,2,1,7,1,12,Against Medical Advice,2025-04-25,54,Medium,1
P-8153,72,Female,Emergency,Emergency,COPD,2,1,4,2,7,Home,2025-07-31,61,High,0
P-8154,55,Male,Neurology,Emergency,Stroke,0,0,4,1,2,Home,2025-07-30,19,Low,0
P-8155,28,Male,Emergency,Emergency,Gastrointestinal Bleed,0,1,5,5,9,Skilled Nursing Facility,2025-05-27,43,Medium,0
P-8156,80,Male,Emergency,Emergency,Stroke,2,0,1,4,9,Home,2025-06-18,67,High,0
P-8157,49,Male,General Medicine,Urgent,Diabetes with Complications,1,2,3,2,12,Skilled Nursing Facility,2025-09-08,47,Medium,0
P-8158,48,Female,Cardiology,Emergency,Diabetes with Complications,0,1,1,2,6,Home,2025-07-22,22,Low,0
P-8159,55,Male,Emergency,Emergency,Hypertension,3,1,1,1,5,Skilled Nursing Facility,2025-05-22,41,Medium,0
P-8160,66,Female,Neurology,Transfer,Hypertension,2,1,2,2,8,Home Health Care,2025-07-01,52,Medium,1
P-8161,61,Male,General Medicine,Emergency,Hypertension,0,0,6,3,7,Home,2025-12-13,43,Medium,1
P-8162,70,Male,Orthopedics,Urgent,Sepsis,2,1,13,2,5,Home,2025-11-14,80,High,1
P-8163,40,Female,Cardiology,Emergency,Hip Fracture,2,1,20,0,5,Home,2025-01-04,71,High,0
P-8164,50,Male,Emergency,Elective,Hypertension,1,2,7,1,5,Home,2025-08-11,44,Medium,1
P-8165,60,Male,Pediatrics,Emergency,Hypertension,3,0,2,3,7,Home Health Care,2025-11-01,57,Medium,0
P-8166,92,Male,Emergency,Emergency,Pneumonia,2,3,2,2,5,Skilled Nursing Facility,2025-06-10,75,High,0
P-8167,60,Male,Cardiology,Emergency,Heart Failure,2,1,2,0,1,Home Health Care,2025-01-09,28,Low,1
P-8168,79,Male,Emergency,Transfer,Heart Failure,0,0,9,1,7,Skilled Nursing Facility,2025-06-07,50,Medium,1
P-8169,62,Male,Emergency,Emergency,Diabetes with Complications,4,0,7,2,10,Skilled Nursing Facility,2025-10-12,76,High,1
P-8170,54,Female,Cardiology,Emergency,Hypertension,1,0,1,3,3,Home Health Care,2025-03-30,29,Low,1
P-8171,58,Female,Orthopedics,Urgent,Sepsis,0,2,4,3,6,Skilled Nursing Facility,2025-06-06,47,Medium,0
P-8172,59,Female,Pediatrics,Emergency,Diabetes with Complications,1,1,5,0,5,Home,2025-04-18,32,Medium,1
P-8173,71,Male,General Medicine,Elective,Sepsis,1,0,1,3,7,Home Health Care,2025-02-07,43,Medium,1
P-8174,83,Female,General Medicine,Elective,Heart Failure,0,1,5,6,9,Home Health Care,2025-12-30,79,High,1
P-8175,67,Male,Orthopedics,Emergency,Gastrointestinal Bleed,1,1,13,0,10,Home,2025-04-02,65,High,1
P-8176,80,Male,General Medicine,Emergency,Stroke,0,2,1,3,4,Skilled Nursing Facility,2025-04-02,49,Medium,1
P-8177,46,Male,ICU,Urgent,Heart Failure,2,0,1,5,7,Home,2025-09-28,50,Medium,1
P-8178,55,Female,Cardiology,Emergency,Gastrointestinal Bleed,1,0,1,4,12,Home,2025-07-18,47,Medium,0
P-8179,50,Male,ICU,Emergency,Gastrointestinal Bleed,1,0,3,2,4,Home,2025-12-05,27,Low,1
P-8180,67,Male,ICU,Elective,Hypertension,1,0,3,3,6,Home,2025-02-28,46,Medium,0
P-8181,56,Male,Emergency,Emergency,Sepsis,2,2,15,0,5,Home,2025-12-23,72,High,0
P-8182,73,Male,Emergency,Elective,Diabetes with Complications,0,0,8,1,10,Home Health Care,2025-08-03,47,Medium,1
P-8183,47,Male,Cardiology,Emergency,Diabetes with Complications,2,2,5,4,4,Home Health Care,2025-11-07,64,High,1
P-8184,62,Male,ICU,Urgent,Hip Fracture,4,0,5,2,15,Home Health Care,2025-03-24,76,High,0
P-8185,72,Male,Emergency,Emergency,Gastrointestinal Bleed,1,1,5,4,9,Home Health Care,2025-10-13,70,High,1
P-8186,28,Male,Cardiology,Emergency,COPD,2,0,1,1,6,Home,2025-09-29,17,Low,0
P-8187,95,Male,General Medicine,Urgent,Diabetes with Complications,2,0,2,3,12,Home,2025-09-30,74,High,0
P-8188,57,Male,ICU,Emergency,Acute Kidney Injury,2,1,5,0,1,Skilled Nursing Facility,2025-07-09,34,Medium,1
P-8189,29,Male,Orthopedics,Emergency,Stroke,1,0,1,1,2,Home Health Care,2025-11-13,11,Low,0
P-8190,64,Female,Pediatrics,Elective,COPD,0,0,4,3,5,Home Health Care,2025-02-28,37,Medium,0
P-8191,62,Male,General Medicine,Elective,Gastrointestinal Bleed,2,0,9,1,6,Home,2025-06-26,55,Medium,0
P-8192,60,Male,General Medicine,Emergency,COPD,0,0,4,2,5,Home,2025-05-03,29,Low,0
P-8193,77,Male,Neurology,Emergency,Hip Fracture,2,1,10,4,9,Rehab,2025-04-10,87,High,1
P-8194,73,Male,Cardiology,Elective,Pneumonia,0,0,7,3,3,Skilled Nursing Facility,2025-12-01,49,Medium,0
P-8195,66,Male,Pediatrics,Emergency,Sepsis,3,0,4,1,8,Home,2025-08-20,54,Medium,1
P-8196,69,Female,General Medicine,Urgent,Sepsis,1,0,3,3,7,Home,2025-08-06,48,Medium,0
P-8197,60,Female,General Medicine,Emergency,Pneumonia,0,1,5,2,9,Home,2025-04-12,42,Medium,0
P-8198,90,Male,Emergency,Urgent,Diabetes with Complications,0,1,4,7,8,Home,2025-06-26,84,High,1
P-8199,38,Female,Emergency,Emergency,Sepsis,1,0,24,2,3,Home,2025-06-15,77,High,0
P-8200,64,Male,General Medicine,Emergency,Stroke,1,0,5,2,10,Home Health Care,2025-01-07,48,Medium,0
P-8201,63,Male,General Medicine,Emergency,Stroke,1,0,2,1,6,Rehab,2025-12-27,28,Low,1
P-8202,75,Female,General Medicine,Emergency,Hypertension,0,0,15,0,4,Skilled Nursing Facility,2025-04-22,54,Medium,1
P-8203,48,Male,ICU,Emergency,Heart Failure,1,1,2,0,11,Skilled Nursing Facility,2025-03-28,25,Low,1
P-8204,34,Male,Emergency,Emergency,Sepsis,0,0,10,1,1,Home Health Care,2025-02-17,21,Low,0
P-8205,64,Female,Emergency,Urgent,Gastrointestinal Bleed,6,0,4,6,1,Home,2025-06-22,90,High,1
P-8206,66,Female,Cardiology,Emergency,Gastrointestinal Bleed,2,1,6,2,6,Home,2025-10-02,62,High,1
P-8207,85,Female,Cardiology,Transfer,Diabetes with Complications,0,1,2,1,5,Home,2025-04-05,36,Medium,1
P-8208,41,Female,Cardiology,Emergency,COPD,3,0,4,1,11,Skilled Nursing Facility,2025-04-17,42,Medium,0
P-8209,80,Female,Emergency,Elective,Sepsis,0,0,2,4,7,Rehab,2025-12-19,50,Medium,1
P-8210,95,Male,Emergency,Urgent,COPD,1,0,2,7,5,Home,2025-09-25,81,High,0
P-8211,55,Male,ICU,Urgent,Gastrointestinal Bleed,1,1,1,3,6,Home,2025-05-09,39,Medium,0
P-8212,41,Female,Neurology,Emergency,Diabetes with Complications,0,0,3,5,11,Home,2025-08-28,41,Medium,1
P-8213,55,Other,General Medicine,Elective,Hypertension,2,0,4,4,7,Home,2025-07-06,58,Medium,0
P-8214,62,Male,General Medicine,Emergency,Sepsis,0,1,2,1,7,Home,2025-07-17,26,Low,0
P-8215,71,Female,Cardiology,Emergency,Heart Failure,4,1,5,2,8,Skilled Nursing Facility,2025-12-08,78,High,1
P-8216,52,Male,General Medicine,Elective,Gastrointestinal Bleed,0,0,2,1,12,Home,2025-09-07,22,Low,0
P-8217,86,Male,Emergency,Emergency,Heart Failure,1,1,4,1,7,Against Medical Advice,2025-10-30,54,Medium,0
P-8218,44,Male,Pediatrics,Emergency,Hip Fracture,1,1,6,1,5,Home,2025-03-14,32,Medium,0
P-8219,34,Male,General Medicine,Emergency,Gastrointestinal Bleed,1,3,1,0,5,Home,2025-04-03,20,Low,0
P-8220,79,Female,General Medicine,Emergency,Heart Failure,4,2,9,4,6,Home,2025-08-11,94,High,1
P-8221,25,Male,Orthopedics,Emergency,Heart Failure,2,3,2,3,7,Skilled Nursing Facility,2025-03-30,45,Medium,0
P-8222,58,Female,Cardiology,Urgent,Hypertension,1,2,4,3,3,Home,2025-09-28,52,Medium,1
P-8223,95,Female,ICU,Emergency,Stroke,1,0,3,3,5,Skilled Nursing Facility,2025-01-01,62,High,0
P-8224,61,Male,General Medicine,Elective,Hypertension,2,1,14,4,13,Home,2025-02-12,90,High,1
P-8225,44,Female,ICU,Elective,Acute Kidney Injury,0,2,1,0,4,Skilled Nursing Facility,2025-06-30,14,Low,1
P-8226,61,Male,Cardiology,Elective,Pneumonia,1,0,5,1,3,Home,2025-04-19,31,Medium,0
P-8227,61,Female,General Medicine,Elective,Gastrointestinal Bleed,1,1,8,4,11,Home,2025-03-28,74,High,1
P-8228,64,Male,Cardiology,Elective,Diabetes with Complications,0,0,3,2,6,Home,2025-02-23,29,Low,0
P-8229,72,Male,General Medicine,Emergency,Sepsis,0,1,2,2,8,Home,2025-08-04,39,Medium,0
P-8230,45,Female,Neurology,Emergency,COPD,1,1,1,0,13,Home,2025-12-24,23,Low,0
P-8231,89,Female,Emergency,Urgent,Acute Kidney Injury,0,0,6,1,5,Home,2025-04-18,44,Medium,1
P-8232,65,Female,Cardiology,Transfer,Diabetes with Complications,0,0,7,2,7,Home Health Care,2025-02-12,42,Medium,0
P-8233,73,Female,Cardiology,Elective,Heart Failure,1,2,2,3,3,Home Health Care,2025-04-02,55,Medium,1
P-8234,51,Female,Cardiology,Emergency,Gastrointestinal Bleed,2,1,7,0,5,Home,2025-08-11,40,Medium,0
P-8235,82,Male,ICU,Emergency,Pneumonia,1,0,1,3,6,Against Medical Advice,2025-03-06,49,Medium,0
P-8236,57,Female,ICU,Emergency,Sepsis,3,0,3,0,1,Rehab,2025-07-21,31,Medium,0
P-8237,66,Male,Emergency,Elective,Gastrointestinal Bleed,3,0,2,2,10,Skilled Nursing Facility,2025-08-14,57,Medium,1
P-8238,47,Male,Emergency,Elective,Heart Failure,0,1,2,3,8,Home,2025-02-17,31,Medium,0
P-8239,46,Male,General Medicine,Emergency,Acute Kidney Injury,1,1,12,1,7,Home,2025-07-07,53,Medium,0
P-8240,73,Male,Orthopedics,Elective,COPD,1,1,7,1,8,Home,2025-05-16,56,Medium,0
P-8241,54,Male,General Medicine,Emergency,Pneumonia,1,2,7,6,1,Home,2025-12-15,74,High,0
P-8242,48,Male,Emergency,Elective,Diabetes with Complications,2,1,4,1,8,Home Health Care,2025-02-21,40,Medium,0
P-8243,51,Male,Cardiology,Emergency,Pneumonia,2,0,5,4,2,Home,2025-09-15,52,Medium,0
P-8244,73,Female,General Medicine,Elective,Heart Failure,0,3,7,0,4,Home Health Care,2025-05-26,48,Medium,0
P-8245,51,Female,Emergency,Emergency,Heart Failure,0,0,2,4,8,Home,2025-03-04,34,Medium,1
P-8246,60,Female,ICU,Emergency,Hip Fracture,0,3,2,1,1,Home,2025-06-07,29,Low,0
P-8247,62,Male,Orthopedics,Emergency,Acute Kidney Injury,1,3,10,3,7,Home Health Care,2025-03-02,79,High,1
P-8248,31,Female,Emergency,Urgent,Diabetes with Complications,1,0,2,3,13,Home,2025-10-19,30,Low,1
P-8249,38,Male,Cardiology,Elective,Pneumonia,3,1,6,2,5,Home,2025-06-18,52,Medium,1
P-8250,67,Female,Orthopedics,Emergency,Diabetes with Complications,4,0,12,3,9,Home,2025-11-23,89,High,1
P-8251,50,Male,Neurology,Elective,Hypertension,1,3,14,3,1,Home,2025-04-14,77,High,1
P-8252,78,Female,Emergency,Elective,Diabetes with Complications,0,0,2,0,11,Skilled Nursing Facility,2025-09-13,28,Low,1
P-8253,77,Male,Emergency,Elective,COPD,0,0,14,1,5,Home,2025-12-29,61,High,0
P-8254,73,Female,General Medicine,Emergency,COPD,6,1,1,5,5,Home,2025-10-15,90,High,0
P-8255,91,Female,General Medicine,Emergency,Stroke,1,2,2,2,4,Skilled Nursing Facility,2025-12-14,60,Medium,0
P-8256,60,Female,ICU,Emergency,Diabetes with Complications,2,1,3,2,1,Home,2025-01-26,43,Medium,1
P-8257,72,Male,General Medicine,Emergency,Gastrointestinal Bleed,0,3,7,1,6,Home,2025-11-27,57,Medium,0
P-8258,52,Male,Pediatrics,Elective,Stroke,1,0,1,1,1,Home,2025-01-07,17,Low,0
P-8259,95,Female,Cardiology,Emergency,COPD,1,0,2,1,1,Home,2025-04-05,40,Medium,1
P-8260,93,Male,Neurology,Emergency,Stroke,1,0,3,1,3,Home,2025-02-13,44,Medium,0
P-8261,62,Female,Pediatrics,Emergency,Hypertension,5,1,1,5,7,Home,2025-10-30,85,High,1
P-8262,68,Male,Cardiology,Emergency,Heart Failure,2,0,2,1,1,Home,2025-10-25,33,Medium,1
P-8263,83,Female,General Medicine,Transfer,Stroke,1,0,5,1,3,Home,2025-02-05,44,Medium,1
P-8264,59,Female,Cardiology,Urgent,Sepsis,0,1,7,0,11,Home,2025-01-16,36,Medium,0
P-8265,51,Female,General Medicine,Emergency,Gastrointestinal Bleed,1,0,4,3,6,Skilled Nursing Facility,2025-06-23,39,Medium,0
P-8266,75,Male,General Medicine,Urgent,Hip Fracture,2,0,3,5,9,Home Health Care,2025-04-26,75,High,1
P-8267,63,Male,Cardiology,Emergency,Diabetes with Complications,3,0,2,2,6,Home,2025-04-24,51,Medium,0
P-8268,64,Female,General Medicine,Elective,Pneumonia,1,1,3,0,8,Skilled Nursing Facility,2025-07-08,32,Medium,0
P-8269,48,Female,Orthopedics,Emergency,Pneumonia,1,1,4,4,7,Home,2025-10-08,51,Medium,0
P-8270,34,Male,Emergency,Emergency,Sepsis,1,0,3,2,8,Home,2025-07-12,24,Low,0
P-8271,65,Male,Cardiology,Urgent,Diabetes with Complications,2,0,2,2,10,Home,2025-05-19,48,Medium,0
P-8272,76,Female,ICU,Urgent,Diabetes with Complications,3,1,5,3,2,Home,2025-12-14,74,High,1
P-8273,58,Female,General Medicine,Emergency,COPD,1,0,26,2,9,Home,2025-01-20,90,High,1
P-8274,84,Female,Pediatrics,Urgent,Heart Failure,2,0,2,3,7,Home,2025-10-08,63,High,1
P-8275,50,Female,Orthopedics,Elective,Heart Failure,3,0,1,2,1,Home Health Care,2025-11-08,34,Medium,1
P-8276,45,Female,Emergency,Emergency,Heart Failure,1,2,1,2,5,Against Medical Advice,2025-03-01,31,Medium,0
P-8277,60,Male,Emergency,Emergency,Acute Kidney Injury,1,0,5,4,5,Home,2025-09-21,53,Medium,0
P-8278,60,Male,Cardiology,Emergency,Gastrointestinal Bleed,1,0,4,3,3,Home,2025-07-17,41,Medium,1
P-8279,74,Male,Cardiology,Elective,COPD,1,1,1,3,7,Rehab,2025-01-18,51,Medium,0
P-8280,49,Female,Emergency,Transfer,Hip Fracture,3,1,3,4,8,Home,2025-08-09,67,High,0
P-8281,83,Male,Emergency,Emergency,Stroke,0,0,9,1,14,Home,2025-03-26,61,High,1
P-8282,93,Male,Emergency,Elective,Sepsis,1,2,3,0,6,Skilled Nursing Facility,2025-04-02,53,Medium,0
P-8283,61,Male,Pediatrics,Elective,Gastrointestinal Bleed,2,0,7,1,2,Home Health Care,2025-04-20,44,Medium,0
P-8284,81,Male,General Medicine,Emergency,Hypertension,3,1,1,0,8,Home,2025-10-05,54,Medium,1
P-8285,45,Female,General Medicine,Emergency,Heart Failure,1,0,4,2,12,Home Health Care,2025-12-18,36,Medium,0
P-8286,79,Female,Cardiology,Emergency,Stroke,2,1,8,5,1,Skilled Nursing Facility,2025-10-03,84,High,1
P-8287,78,Female,Pediatrics,Elective,Gastrointestinal Bleed,0,0,5,2,3,Home,2025-09-23,39,Medium,1
P-8288,75,Male,General Medicine,Urgent,Hypertension,1,0,1,1,3,Home,2025-06-05,28,Low,0
P-8289,61,Female,Orthopedics,Emergency,Diabetes with Complications,0,3,10,2,1,Home,2025-09-18,60,Medium,1
P-8290,18,Male,Emergency,Emergency,COPD,1,0,1,0,8,Home Health Care,2025-03-23,8,Low,0
P-8291,51,Female,Emergency,Elective,Acute Kidney Injury,0,3,6,5,3,Home Health Care,2025-06-10,64,High,1
P-8292,51,Male,Emergency,Emergency,Acute Kidney Injury,0,1,1,1,6,Home,2025-03-21,19,Low,0
P-8293,46,Male,Cardiology,Emergency,Stroke,5,0,4,3,9,Home Health Care,2025-12-27,73,High,1
P-8294,63,Male,General Medicine,Emergency,Hypertension,2,0,2,0,2,Home Health Care,2025-12-26,25,Low,0
P-8295,55,Female,Neurology,Emergency,Hip Fracture,2,0,17,2,4,Home,2025-09-22,76,High,0
P-8296,48,Female,Cardiology,Elective,Gastrointestinal Bleed,0,0,11,3,3,Home,2025-07-20,45,Medium,0
P-8297,45,Male,ICU,Emergency,Acute Kidney Injury,3,0,3,2,1,Home Health Care,2025-04-02,36,Medium,0
P-8298,50,Male,General Medicine,Urgent,Diabetes with Complications,4,1,9,3,4,Home,2025-09-10,79,High,1
P-8299,79,Female,Cardiology,Emergency,Diabetes with Complications,3,1,2,0,1,Skilled Nursing Facility,2025-12-23,47,Medium,1
P-8300,51,Male,General Medicine,Emergency,Acute Kidney Injury,1,1,4,5,7,Home,2025-01-13,60,Medium,0
P-8301,53,Male,General Medicine,Emergency,Acute Kidney Injury,0,0,8,0,8,Home,2025-04-12,27,Low,0
P-8302,54,Male,Emergency,Urgent,Acute Kidney Injury,2,0,6,4,1,Home Health Care,2025-03-08,56,Medium,0
P-8303,67,Female,Orthopedics,Emergency,Sepsis,2,0,3,3,12,Home Health Care,2025-10-20,62,High,1
P-8304,69,Male,Emergency,Emergency,Hip Fracture,0,0,4,2,10,Against Medical Advice,2025-12-27,39,Medium,1
P-8305,18,Other,Orthopedics,Elective,Acute Kidney Injury,2,0,2,2,6,Home,2025-12-23,19,Low,0
P-8306,78,Male,General Medicine,Emergency,Pneumonia,3,0,4,3,2,Home,2025-07-11,67,High,1
P-8307,84,Male,Orthopedics,Emergency,Gastrointestinal Bleed,1,2,1,3,5,Home,2025-10-16,61,High,1
P-8308,45,Male,ICU,Emergency,COPD,1,0,7,1,12,Skilled Nursing Facility,2025-01-22,38,Medium,0
P-8309,46,Female,Cardiology,Urgent,Hip Fracture,1,1,24,3,7,Home,2025-02-01,89,High,1
P-8310,54,Male,ICU,Transfer,Gastrointestinal Bleed,2,1,1,7,2,Home Health Care,2025-08-27,69,High,1
P-8311,49,Female,Emergency,Emergency,Stroke,2,2,8,0,3,Home,2025-06-12,46,Medium,1
P-8312,65,Male,Orthopedics,Elective,Pneumonia,2,0,9,3,1,Home,2025-11-01,64,High,0
P-8313,30,Male,Emergency,Emergency,Hypertension,3,0,1,3,1,Home,2025-02-21,29,Low,1
P-8314,44,Female,Orthopedics,Elective,Sepsis,3,1,4,2,8,Rehab,2025-02-18,53,Medium,0
P-8315,86,Female,Emergency,Emergency,Stroke,2,1,11,4,2,Home,2025-03-19,87,High,1
P-8316,47,Male,Emergency,Emergency,Stroke,3,0,4,0,8,Home,2025-10-27,36,Medium,0
P-8317,81,Female,Orthopedics,Elective,Hip Fracture,4,0,4,0,11,Home,2025-04-11,68,High,1
P-8318,67,Female,Emergency,Emergency,Hypertension,1,2,25,0,16,Rehab,2025-07-14,93,High,1
P-8319,33,Male,General Medicine,Emergency,Acute Kidney Injury,1,0,11,2,6,Home Health Care,2025-12-31,41,Medium,1
P-8320,72,Male,Cardiology,Transfer,Acute Kidney Injury,0,0,5,2,1,Rehab,2025-04-17,33,Medium,0
P-8321,60,Male,Neurology,Transfer,Diabetes with Complications,0,2,4,2,10,Home,2025-04-17,46,Medium,1
P-8322,54,Male,General Medicine,Emergency,Diabetes with Complications,1,0,1,0,6,Home,2025-01-20,17,Low,0
P-8323,65,Female,General Medicine,Elective,COPD,0,1,9,3,4,Home,2025-02-04,57,Medium,0
P-8324,69,Male,ICU,Elective,Stroke,2,0,2,3,6,Home Health Care,2025-01-21,53,Medium,0
P-8325,73,Male,Emergency,Emergency,Hip Fracture,2,1,1,1,3,Home,2025-08-15,41,Medium,0
P-8326,80,Male,Neurology,Urgent,Pneumonia,2,1,1,4,10,Home Health Care,2025-11-27,73,High,1
P-8327,68,Female,Orthopedics,Elective,Heart Failure,1,1,1,3,6,Home,2025-01-14,47,Medium,1
P-8328,39,Female,ICU,Elective,COPD,0,0,8,2,8,Home Health Care,2025-07-21,31,Medium,0
P-8329,54,Male,Emergency,Emergency,Sepsis,2,1,17,1,6,Home,2025-11-25,77,High,0
P-8330,95,Male,Emergency,Emergency,Sepsis,2,1,6,5,8,Home,2025-04-01,90,High,1
P-8331,73,Male,Cardiology,Emergency,Gastrointestinal Bleed,4,0,1,0,6,Home,2025-10-19,49,Medium,1
P-8332,95,Female,General Medicine,Emergency,Stroke,1,0,10,0,4,Home,2025-09-05,60,Medium,1
P-8333,84,Male,Cardiology,Emergency,Gastrointestinal Bleed,2,0,8,0,9,Rehab,2025-02-20,62,High,1
P-8334,65,Female,Emergency,Emergency,Hypertension,1,0,9,1,12,Home Health Care,2025-01-25,56,Medium,1
P-8335,66,Male,General Medicine,Emergency,Acute Kidney Injury,0,0,1,4,6,Home,2025-09-01,38,Medium,0
P-8336,61,Female,Emergency,Emergency,Acute Kidney Injury,0,0,4,3,13,Home,2025-03-13,45,Medium,1
P-8337,34,Female,General Medicine,Emergency,Acute Kidney Injury,3,1,5,3,11,Home,2025-12-12,61,High,1
P-8338,62,Female,Pediatrics,Emergency,Acute Kidney Injury,1,1,6,1,7,Home,2025-05-16,45,Medium,1
P-8339,81,Male,Cardiology,Emergency,COPD,2,0,6,0,11,Home,2025-11-18,57,Medium,1
P-8340,52,Female,General Medicine,Emergency,Sepsis,1,0,1,1,3,Home,2025-10-09,18,Low,0
P-8341,68,Male,Cardiology,Emergency,Heart Failure,2,0,15,0,13,Skilled Nursing Facility,2025-12-30,76,High,1
P-8342,75,Male,Emergency,Urgent,Diabetes with Complications,1,1,4,3,4,Home,2025-10-02,57,Medium,0
P-8343,47,Female,ICU,Elective,Gastrointestinal Bleed,0,1,1,0,1,Home,2025-01-23,11,Low,1
P-8344,54,Female,Cardiology,Elective,Sepsis,0,0,7,3,6,Home,2025-07-02,41,Medium,0
P-8345,45,Female,Emergency,Urgent,Sepsis,0,1,1,3,8,Home Health Care,2025-06-24,28,Low,0
P-8346,48,Male,Emergency,Emergency,Hypertension,0,0,1,1,7,Home,2025-06-05,15,Low,1
P-8347,41,Female,Orthopedics,Emergency,COPD,0,1,3,2,4,Home,2025-03-11,21,Low,0
P-8348,47,Male,General Medicine,Emergency,Acute Kidney Injury,2,0,4,5,5,Home,2025-02-21,58,Medium,1
P-8349,84,Male,Pediatrics,Emergency,Gastrointestinal Bleed,2,1,3,0,2,Home Health Care,2025-01-01,45,Medium,0
P-8350,47,Female,General Medicine,Emergency,Diabetes with Complications,2,1,2,1,4,Home,2025-11-19,30,Low,0
P-8351,64,Male,Cardiology,Urgent,Pneumonia,1,2,7,7,11,Skilled Nursing Facility,2025-10-10,89,High,1
P-8352,53,Female,Emergency,Emergency,Hypertension,0,2,1,2,10,Home,2025-07-11,33,Medium,0
P-8353,80,Male,Emergency,Transfer,Hip Fracture,2,0,6,3,7,Skilled Nursing Facility,2025-01-25,71,High,1
P-8354,82,Male,Emergency,Elective,Gastrointestinal Bleed,2,0,14,1,3,Home Health Care,2025-02-10,76,High,0
P-8355,75,Female,General Medicine,Elective,Acute Kidney Injury,1,1,1,3,4,Skilled Nursing Facility,2025-07-23,48,Medium,1
P-8356,66,Female,Emergency,Emergency,Pneumonia,2,3,9,1,7,Skilled Nursing Facility,2025-09-01,75,High,1
P-8357,58,Male,Emergency,Emergency,Heart Failure,1,0,1,0,5,Home,2025-11-05,18,Low,0
P-8358,42,Male,Cardiology,Emergency,Diabetes with Complications,0,0,3,3,7,Home,2025-11-27,25,Low,0
P-8359,93,Female,ICU,Emergency,COPD,2,0,17,4,8,Home Health Care,2025-02-01,95,High,1
P-8360,49,Male,Cardiology,Urgent,COPD,2,1,7,6,8,Home,2025-05-09,80,High,1
P-8361,72,Male,Cardiology,Emergency,Acute Kidney Injury,1,2,3,3,5,Home,2025-04-16,60,Medium,1
P-8362,78,Female,General Medicine,Emergency,Gastrointestinal Bleed,2,1,2,2,1,Skilled Nursing Facility,2025-08-04,51,Medium,0
P-8363,53,Male,Cardiology,Urgent,Diabetes with Complications,2,0,2,0,7,Home,2025-01-15,25,Low,0
P-8364,78,Female,General Medicine,Emergency,Diabetes with Complications,3,1,3,2,5,Home,2025-05-26,67,High,0
P-8365,74,Female,Emergency,Elective,Acute Kidney Injury,3,0,17,1,3,Home Health Care,2025-08-17,84,High,0
P-8366,89,Female,ICU,Elective,Diabetes with Complications,0,0,2,2,6,Skilled Nursing Facility,2025-02-11,41,Medium,0
P-8367,54,Male,Orthopedics,Emergency,Hypertension,5,3,3,3,10,Skilled Nursing Facility,2025-10-11,86,High,0
P-8368,41,Female,General Medicine,Urgent,Acute Kidney Injury,5,1,2,1,5,Home,2025-03-05,52,Medium,1
P-8369,53,Male,Cardiology,Urgent,Acute Kidney Injury,0,0,5,3,5,Home,2025-09-01,34,Medium,1
P-8370,65,Male,Orthopedics,Emergency,Stroke,2,0,9,4,6,Home Health Care,2025-01-18,75,High,1
P-8371,62,Male,ICU,Emergency,COPD,2,0,2,4,2,Home Health Care,2025-02-18,50,Medium,0
P-8372,55,Male,Cardiology,Emergency,Diabetes with Complications,0,2,2,1,8,Home,2025-10-27,29,Low,1
P-8373,31,Male,General Medicine,Elective,Hip Fracture,3,0,3,0,10,Skilled Nursing Facility,2025-01-01,27,Low,0
P-8374,69,Female,General Medicine,Elective,Heart Failure,2,2,6,1,5,Home,2025-05-04,62,High,0
P-8375,93,Male,Cardiology,Emergency,Hypertension,0,1,3,4,6,Home,2025-09-02,66,High,1
P-8376,69,Male,ICU,Emergency,Heart Failure,1,0,1,1,2,Home,2025-07-11,25,Low,1
P-8377,71,Female,Orthopedics,Urgent,Stroke,1,1,1,3,3,Skilled Nursing Facility,2025-08-15,45,Medium,1
P-8378,71,Male,Emergency,Emergency,COPD,1,1,2,1,4,Home,2025-10-11,35,Medium,1
P-8379,68,Female,Cardiology,Elective,Pneumonia,1,1,9,3,1,Home,2025-12-28,64,High,1
P-8380,76,Female,Emergency,Urgent,Heart Failure,1,1,4,0,10,Skilled Nursing Facility,2025-07-26,45,Medium,0
P-8381,68,Female,Neurology,Emergency,Hip Fracture,1,0,4,0,9,Home,2025-08-22,33,Medium,0
P-8382,56,Male,ICU,Elective,Hip Fracture,2,3,2,3,8,Home,2025-01-19,65,High,1
P-8383,49,Female,General Medicine,Emergency,COPD,1,0,5,2,2,Home,2025-10-03,30,Low,1
P-8384,58,Female,General Medicine,Transfer,Diabetes with Complications,3,0,9,4,2,Home,2025-03-13,75,High,1
P-8385,67,Female,Emergency,Emergency,COPD,1,1,2,1,3,Home,2025-09-02,32,Medium,0
P-8386,56,Male,General Medicine,Emergency,Stroke,2,2,1,0,5,Home Health Care,2025-03-01,33,Medium,1
P-8387,67,Female,Pediatrics,Emergency,COPD,2,2,5,2,10,Home,2025-02-27,70,High,1
P-8388,69,Female,Cardiology,Elective,Pneumonia,1,1,8,5,11,Home Health Care,2025-05-21,82,High,1
P-8389,75,Male,Cardiology,Emergency,Hypertension,3,0,6,0,7,Against Medical Advice,2025-12-27,57,Medium,1
P-8390,82,Female,Neurology,Emergency,Heart Failure,3,2,3,3,3,Skilled Nursing Facility,2025-01-01,78,High,1
P-8391,63,Female,General Medicine,Emergency,Gastrointestinal Bleed,0,3,5,2,10,Home Health Care,2025-10-12,57,Medium,1
P-8392,41,Female,Emergency,Emergency,Acute Kidney Injury,3,0,27,0,3,Rehab,2025-05-05,85,High,1
P-8393,56,Male,General Medicine,Elective,Diabetes with Complications,3,0,5,6,3,Against Medical Advice,2025-09-29,76,High,1
P-8394,62,Female,General Medicine,Emergency,Sepsis,0,0,4,3,4,Home,2025-07-28,35,Medium,0
P-8395,32,Male,General Medicine,Elective,Diabetes with Complications,3,1,4,3,9,Home,2025-04-03,54,Medium,0
P-8396,84,Female,Neurology,Urgent,Sepsis,0,1,3,3,7,Skilled Nursing Facility,2025-01-02,55,Medium,1
P-8397,64,Male,Emergency,Urgent,Gastrointestinal Bleed,0,0,6,0,8,Skilled Nursing Facility,2025-08-04,27,Low,1
P-8398,68,Male,Cardiology,Elective,Diabetes with Complications,3,0,9,3,1,Home,2025-12-28,73,High,1
P-8399,83,Male,General Medicine,Emergency,Heart Failure,0,0,6,3,6,Rehab,2025-04-02,56,Medium,1
P-8400,51,Female,Emergency,Emergency,Stroke,2,1,2,2,4,Home,2025-09-17,38,Medium,1
P-8401,71,Female,General Medicine,Transfer,Hip Fracture,3,1,3,2,10,Home,2025-08-27,69,High,1
P-8402,60,Male,Emergency,Urgent,Diabetes with Complications,2,0,5,1,10,Home,2025-09-25,47,Medium,0
P-8403,59,Male,Cardiology,Emergency,COPD,1,0,23,3,10,Home,2025-04-02,90,High,1
P-8404,49,Male,Emergency,Urgent,Hip Fracture,0,0,1,1,8,Home,2025-08-10,16,Low,0
P-8405,88,Female,General Medicine,Urgent,COPD,0,0,1,4,1,Home,2025-04-19,45,Medium,0
P-8406,55,Male,General Medicine,Urgent,Gastrointestinal Bleed,2,0,7,3,9,Home,2025-01-15,62,High,0
P-8407,73,Male,Emergency,Elective,Heart Failure,2,1,1,3,11,Home,2025-09-23,64,High,0
P-8408,31,Female,Cardiology,Urgent,Hypertension,0,1,6,2,2,Home Health Care,2025-07-01,22,Low,0
P-8409,80,Male,Emergency,Urgent,Stroke,2,0,24,1,3,Home,2025-04-07,91,High,1
P-8410,78,Male,General Medicine,Emergency,Pneumonia,1,0,5,4,5,Rehab,2025-10-15,64,High,1
P-8411,63,Male,Emergency,Transfer,Hypertension,2,0,3,5,6,Home Health Care,2025-09-15,65,High,1
P-8412,58,Female,General Medicine,Emergency,Pneumonia,0,1,9,2,11,Home Health Care,2025-12-18,55,Medium,1
P-8413,68,Female,Emergency,Emergency,Stroke,2,1,7,2,9,Home,2025-12-07,69,High,1
P-8414,95,Female,Cardiology,Elective,Sepsis,2,0,6,3,8,Rehab,2025-07-06,79,High,1
P-8415,33,Male,General Medicine,Elective,Pneumonia,1,1,1,2,9,Home,2025-07-30,24,Low,1
P-8416,74,Female,ICU,Urgent,Diabetes with Complications,1,1,5,4,5,Home,2025-09-01,67,High,1
P-8417,47,Male,Emergency,Emergency,Sepsis,1,0,1,3,1,Skilled Nursing Facility,2025-10-09,24,Low,0
P-8418,61,Female,Cardiology,Emergency,Hypertension,2,2,1,1,9,Home Health Care,2025-12-05,47,Medium,0
P-8419,58,Female,ICU,Emergency,Stroke,0,1,1,1,7,Home,2025-09-14,22,Low,1
P-8420,55,Female,Emergency,Emergency,Gastrointestinal Bleed,1,2,1,2,9,Home,2025-08-21,41,Medium,0
P-8421,61,Male,Emergency,Elective,Gastrointestinal Bleed,1,2,3,3,11,Home,2025-10-07,60,Medium,1
P-8422,43,Female,General Medicine,Emergency,Gastrointestinal Bleed,2,2,14,4,1,Home,2025-09-30,81,High,1
P-8423,78,Female,General Medicine,Emergency,Hypertension,0,0,1,2,8,Home,2025-05-06,34,Medium,0
P-8424,33,Male,General Medicine,Emergency,Heart Failure,2,1,6,2,5,Against Medical Advice,2025-01-30,40,Medium,1
P-8425,70,Female,Emergency,Elective,COPD,0,1,4,4,12,Against Medical Advice,2025-08-21,62,High,0
P-8426,56,Female,General Medicine,Emergency,COPD,1,1,2,1,6,Against Medical Advice,2025-01-12,29,Low,1
P-8427,43,Female,General Medicine,Elective,Hypertension,2,1,2,2,6,Home,2025-08-17,36,Medium,1
P-8428,65,Female,Emergency,Emergency,Hip Fracture,1,0,1,4,6,Home,2025-09-26,45,Medium,0
P-8429,37,Male,General Medicine,Emergency,Pneumonia,0,1,6,2,13,Home,2025-05-12,36,Medium,0
P-8430,62,Female,Neurology,Urgent,Heart Failure,2,1,1,1,7,Home Health Care,2025-08-19,39,Medium,0
P-8431,39,Female,Cardiology,Emergency,Pneumonia,3,0,1,1,8,Home,2025-02-18,29,Low,1
P-8432,69,Male,Neurology,Elective,Sepsis,1,0,3,2,11,Home Health Care,2025-01-31,46,Medium,0
P-8433,47,Male,ICU,Elective,Stroke,1,1,3,0,8,Home Health Care,2025-01-06,24,Low,1
P-8434,54,Male,Emergency,Elective,Gastrointestinal Bleed,1,0,5,1,7,Skilled Nursing Facility,2025-07-17,32,Medium,0
P-8435,66,Male,Cardiology,Elective,Acute Kidney Injury,1,1,6,4,10,Home,2025-05-13,71,High,1
P-8436,49,Female,General Medicine,Elective,Acute Kidney Injury,1,0,4,5,7,Home Health Care,2025-01-09,53,Medium,1
P-8437,61,Male,Cardiology,Elective,Pneumonia,0,0,6,1,9,Home,2025-11-08,33,Medium,0
P-8438,37,Male,Orthopedics,Emergency,Pneumonia,1,0,2,1,1,Home,2025-02-25,14,Low,0
P-8439,72,Male,Orthopedics,Emergency,Gastrointestinal Bleed,3,1,1,8,13,Home,2025-04-08,92,High,1
P-8440,90,Male,General Medicine,Urgent,Pneumonia,1,0,13,0,4,Home,2025-08-18,66,High,1
P-8441,95,Male,Emergency,Transfer,Pneumonia,1,1,3,3,4,Home,2025-08-22,66,High,1
P-8442,63,Male,Neurology,Emergency,Gastrointestinal Bleed,3,0,1,3,4,Home,2025-01-10,52,Medium,1
P-8443,74,Male,Orthopedics,Emergency,COPD,4,0,8,3,2,Rehab,2025-10-21,81,High,0
P-8444,33,Female,Emergency,Emergency,Sepsis,2,0,5,2,10,Home,2025-09-06,37,Medium,1
P-8445,86,Male,General Medicine,Elective,Heart Failure,3,0,5,1,5,Skilled Nursing Facility,2025-05-07,65,High,1
P-8446,74,Female,General Medicine,Emergency,Diabetes with Complications,1,0,1,4,1,Skilled Nursing Facility,2025-11-20,45,Medium,0
P-8447,54,Male,General Medicine,Elective,Pneumonia,2,0,7,2,4,Home,2025-09-10,49,Medium,1
P-8448,81,Male,Emergency,Urgent,Diabetes with Complications,2,0,2,0,4,Home,2025-08-09,37,Medium,1
P-8449,57,Male,Emergency,Transfer,Hypertension,0,0,1,6,11,Home,2025-01-16,52,Medium,1
P-8450,54,Male,ICU,Emergency,Pneumonia,0,1,1,2,2,Home,2025-12-05,21,Low,0
P-8451,69,Male,Emergency,Transfer,Acute Kidney Injury,0,1,6,1,5,Home,2025-04-21,38,Medium,1
P-8452,44,Male,General Medicine,Elective,Heart Failure,3,3,8,4,9,Home,2025-04-29,85,High,1
P-8453,78,Male,Pediatrics,Emergency,Heart Failure,2,2,2,6,2,Home,2025-06-02,81,High,1
P-8454,45,Female,Pediatrics,Emergency,Stroke,1,1,2,1,2,Home Health Care,2025-02-07,21,Low,0
P-8455,45,Male,General Medicine,Elective,Gastrointestinal Bleed,3,0,1,3,14,Home,2025-04-11,53,Medium,1
P-8456,47,Female,General Medicine,Transfer,Gastrointestinal Bleed,1,1,3,3,5,Skilled Nursing Facility,2025-06-11,38,Medium,0
P-8457,74,Female,Cardiology,Emergency,Stroke,1,2,2,2,14,Home,2025-02-18,62,High,0
P-8458,52,Female,General Medicine,Emergency,Diabetes with Complications,2,2,19,4,5,Home,2025-08-09,92,High,1
P-8459,40,Male,ICU,Emergency,Stroke,2,1,7,2,7,Home,2025-09-26,50,Medium,0
P-8460,52,Female,Cardiology,Transfer,Gastrointestinal Bleed,3,0,5,1,14,Skilled Nursing Facility,2025-10-23,56,Medium,1
P-8461,61,Male,General Medicine,Transfer,Stroke,1,3,6,0,4,Skilled Nursing Facility,2025-03-07,46,Medium,1
P-8462,43,Male,Emergency,Emergency,Diabetes with Complications,2,2,1,2,3,Home Health Care,2025-04-21,36,Medium,0
P-8463,43,Male,ICU,Emergency,Stroke,1,1,7,0,5,Home,2025-05-20,28,Low,0
P-8464,95,Female,Orthopedics,Urgent,COPD,1,0,2,4,9,Home Health Care,2025-05-13,70,High,1
P-8465,48,Male,Emergency,Elective,Hip Fracture,0,1,3,1,8,Home,2025-02-14,23,Low,0
P-8466,56,Female,ICU,Transfer,Pneumonia,1,1,10,0,7,Home,2025-04-20,46,Medium,1
P-8467,56,Male,ICU,Urgent,Acute Kidney Injury,1,0,13,3,6,Home,2025-10-09,68,High,1
P-8468,55,Female,Cardiology,Emergency,Pneumonia,2,0,7,2,16,Home,2025-01-14,64,High,0
P-8469,71,Female,Cardiology,Elective,Stroke,2,0,7,1,12,Skilled Nursing Facility,2025-02-24,62,High,1
P-8470,77,Female,General Medicine,Emergency,Pneumonia,2,0,7,2,4,Skilled Nursing Facility,2025-06-02,63,High,1
P-8471,57,Female,Emergency,Urgent,Hypertension,1,2,5,2,8,Home,2025-06-28,53,Medium,1
P-8472,42,Female,Orthopedics,Elective,Acute Kidney Injury,3,1,1,1,8,Against Medical Advice,2025-02-25,37,Medium,0
P-8473,82,Female,Cardiology,Transfer,Heart Failure,0,1,4,2,4,Home,2025-04-27,46,Medium,1
P-8474,60,Male,Emergency,Transfer,COPD,2,0,1,2,12,Home,2025-09-27,45,Medium,1
P-8475,89,Male,General Medicine,Emergency,Sepsis,0,0,1,3,11,Rehab,2025-03-06,51,Medium,0
P-8476,26,Female,General Medicine,Emergency,Diabetes with Complications,2,1,9,2,8,Home,2025-07-13,49,Medium,1
P-8477,65,Male,General Medicine,Emergency,Sepsis,3,1,4,3,7,Skilled Nursing Facility,2025-08-04,71,High,0
P-8478,92,Female,Neurology,Urgent,Hypertension,1,0,1,2,5,Home,2025-06-26,47,Medium,0
P-8479,56,Male,Cardiology,Urgent,Stroke,0,1,2,0,3,Skilled Nursing Facility,2025-08-11,16,Low,1
P-8480,58,Female,Emergency,Transfer,Hip Fracture,1,1,6,0,8,Skilled Nursing Facility,2025-12-02,37,Medium,1
P-8481,66,Male,Orthopedics,Elective,Pneumonia,1,0,13,1,4,Home,2025-12-13,58,Medium,1
P-8482,53,Male,ICU,Emergency,Hypertension,2,0,9,2,8,Home Health Care,2025-04-17,59,Medium,0
P-8483,57,Male,ICU,Emergency,Pneumonia,1,0,3,5,3,Rehab,2025-07-08,50,Medium,1
P-8484,56,Female,Cardiology,Emergency,Acute Kidney Injury,0,0,2,2,1,Home,2025-08-25,19,Low,0
P-8485,51,Male,General Medicine,Elective,Pneumonia,2,0,2,1,3,Home,2025-08-15,26,Low,0
P-8486,81,Female,Cardiology,Urgent,Gastrointestinal Bleed,0,3,6,4,1,Home Health Care,2025-10-14,72,High,1
P-8487,69,Female,Cardiology,Emergency,Stroke,1,1,8,4,12,Home,2025-06-07,79,High,0
P-8488,66,Female,Emergency,Urgent,Acute Kidney Injury,1,2,3,3,15,Rehab,2025-04-06,68,High,1
P-8489,74,Male,General Medicine,Emergency,Acute Kidney Injury,1,1,5,2,3,Home,2025-10-30,51,Medium,0
P-8490,57,Male,Cardiology,Emergency,Heart Failure,3,1,7,2,1,Home,2025-09-10,62,High,0
P-8491,49,Male,Emergency,Emergency,Gastrointestinal Bleed,0,1,9,4,2,Home Health Care,2025-05-22,52,Medium,0
P-8492,52,Male,General Medicine,Emergency,Diabetes with Complications,0,0,5,2,5,Home,2025-02-22,27,Low,0
P-8493,62,Female,Neurology,Urgent,Stroke,2,0,9,3,10,Home,2025-12-30,73,High,0
P-8494,45,Female,General Medicine,Emergency,Stroke,1,4,2,5,2,Home,2025-10-07,63,High,1
P-8495,53,Male,General Medicine,Emergency,Diabetes with Complications,1,0,6,1,8,Skilled Nursing Facility,2025-10-26,35,Medium,1
P-8496,53,Female,Emergency,Urgent,Hip Fracture,3,1,3,1,6,Home,2025-01-03,47,Medium,1
P-8497,95,Female,Cardiology,Transfer,Hip Fracture,0,0,12,4,11,Home,2025-07-18,86,High,1
P-8498,18,Female,Emergency,Elective,Gastrointestinal Bleed,2,1,2,2,9,Home Health Care,2025-01-10,26,Low,1
P-8499,59,Female,Orthopedics,Emergency,Diabetes with Complications,0,1,7,3,9,Home Health Care,2025-06-05,54,Medium,1
P-8500,89,Female,Emergency,Emergency,Heart Failure,1,0,13,3,5,Home,2025-12-30,82,High,0
P-8501,63,Male,Orthopedics,Emergency,Gastrointestinal Bleed,2,1,6,1,6,Home,2025-12-19,53,Medium,0
P-8502,74,Female,Pediatrics,Emergency,Pneumonia,2,2,8,3,7,Home,2025-11-18,82,High,1
P-8503,63,Female,ICU,Urgent,Hypertension,2,1,10,2,9,Home Health Care,2025-01-26,74,High,1
P-8504,51,Female,ICU,Emergency,Diabetes with Complications,2,1,2,3,5,Home,2025-10-22,46,Medium,1
P-8505,26,Male,Cardiology,Emergency,Hypertension,0,0,1,0,7,Home,2025-03-07,7,Low,0
P-8506,65,Male,Emergency,Elective,Diabetes with Complications,2,1,13,1,7,Home,2025-12-02,74,High,1
P-8507,49,Male,Cardiology,Urgent,Diabetes with Complications,1,0,1,1,6,Home,2025-02-05,19,Low,0
P-8508,49,Male,Orthopedics,Emergency,Hip Fracture,0,2,3,1,3,Home Health Care,2025-02-14,23,Low,0
P-8509,54,Female,ICU,Emergency,Pneumonia,2,2,2,5,12,Home,2025-08-08,75,High,0
P-8510,89,Female,Emergency,Emergency,Heart Failure,4,2,4,4,6,Home,2025-08-17,91,High,1
P-8511,95,Male,Cardiology,Emergency,Hip Fracture,0,1,21,4,7,Home,2025-03-26,95,High,1
P-8512,65,Male,Neurology,Emergency,Diabetes with Complications,1,2,1,3,1,Home,2025-05-27,45,Medium,1
P-8513,54,Female,General Medicine,Elective,Sepsis,2,3,7,5,2,Home,2025-03-13,81,High,1
P-8514,43,Male,Neurology,Emergency,Hip Fracture,1,0,1,2,6,Home Health Care,2025-04-24,22,Low,0
P-8515,69,Male,Pediatrics,Emergency,Hypertension,0,0,2,4,6,Home,2025-01-13,42,Medium,1
P-8516,90,Female,Emergency,Emergency,Gastrointestinal Bleed,2,0,6,3,1,Home,2025-08-01,70,High,0
P-8517,58,Male,Cardiology,Transfer,Heart Failure,1,2,2,0,3,Home,2025-02-21,27,Low,1
P-8518,23,Male,Cardiology,Elective,Gastrointestinal Bleed,0,0,5,2,9,Home,2025-01-22,18,Low,0
P-8519,72,Male,Cardiology,Urgent,Hip Fracture,2,1,16,3,6,Skilled Nursing Facility,2025-10-14,89,High,1
P-8520,77,Female,General Medicine,Emergency,Sepsis,0,0,10,4,9,Home Health Care,2025-06-01,73,High,1
P-8521,36,Female,ICU,Urgent,Acute Kidney Injury,1,1,9,2,3,Home Health Care,2025-12-10,40,Medium,1
P-8522,64,Male,ICU,Emergency,Sepsis,3,0,1,0,2,Home,2025-04-12,30,Low,0
P-8523,69,Male,General Medicine,Emergency,Diabetes with Complications,3,1,2,3,1,Home,2025-04-23,61,High,1
P-8524,60,Female,General Medicine,Elective,Pneumonia,1,0,7,2,1,Home,2025-09-20,40,Medium,0
P-8525,49,Female,General Medicine,Elective,Gastrointestinal Bleed,1,0,6,0,5,Home Health Care,2025-01-31,24,Low,0
P-8526,78,Female,Emergency,Transfer,Pneumonia,2,1,2,6,5,Home,2025-01-08,80,High,0
P-8527,55,Female,Orthopedics,Elective,Hypertension,2,0,3,4,4,Home,2025-04-11,51,Medium,1
P-8528,38,Female,Emergency,Emergency,Stroke,2,1,5,5,8,Home,2025-05-31,65,High,0
P-8529,29,Female,Cardiology,Emergency,COPD,2,1,4,3,4,Home,2025-01-12,38,Medium,0
P-8530,82,Female,General Medicine,Emergency,Gastrointestinal Bleed,3,0,3,1,3,Skilled Nursing Facility,2025-08-10,55,Medium,0
P-8531,71,Female,Pediatrics,Emergency,COPD,1,1,1,0,3,Home,2025-04-20,26,Low,0
P-8532,63,Female,ICU,Elective,Hypertension,0,0,3,0,8,Home,2025-02-10,20,Low,0
P-8533,54,Male,Emergency,Emergency,Hypertension,2,1,22,2,5,Home,2025-06-20,89,High,1
P-8534,53,Female,Emergency,Urgent,Sepsis,1,1,2,1,7,Home Health Care,2025-05-03,29,Low,0
P-8535,44,Female,Cardiology,Elective,Diabetes with Complications,3,1,6,3,11,Home,2025-01-23,69,High,1
P-8536,55,Female,Orthopedics,Emergency,Stroke,2,0,4,3,14,Home,2025-12-04,60,Medium,1
P-8537,28,Male,Cardiology,Emergency,Pneumonia,2,3,8,3,1,Rehab,2025-07-19,57,Medium,0
P-8538,50,Female,General Medicine,Emergency,Heart Failure,4,0,7,0,8,Home,2025-03-04,55,Medium,0
P-8539,57,Female,General Medicine,Urgent,Stroke,2,1,14,3,1,Home,2025-08-27,78,High,0
P-8540,71,Male,General Medicine,Transfer,Acute Kidney Injury,2,0,5,2,6,Home Health Care,2025-03-26,56,Medium,1
P-8541,61,Female,Cardiology,Emergency,Stroke,1,0,14,3,1,Home,2025-09-05,68,High,0
P-8542,74,Female,Cardiology,Urgent,Heart Failure,2,0,1,2,1,Home,2025-10-23,40,Medium,0
P-8543,83,Male,ICU,Elective,Acute Kidney Injury,1,1,3,3,2,Home,2025-04-28,57,Medium,1
P-8544,78,Male,Cardiology,Transfer,Diabetes with Complications,1,0,6,1,3,Home,2025-05-23,44,Medium,0
P-8545,69,Female,Emergency,Emergency,Heart Failure,2,0,3,5,1,Skilled Nursing Facility,2025-04-07,63,High,0
P-8546,62,Female,Orthopedics,Emergency,Sepsis,1,0,13,2,3,Home Health Care,2025-04-04,62,High,1
P-8547,46,Male,Emergency,Emergency,Acute Kidney Injury,1,1,1,1,3,Home,2025-04-19,20,Low,0
P-8548,73,Male,General Medicine,Emergency,COPD,0,0,3,3,8,Skilled Nursing Facility,2025-07-05,43,Medium,1
P-8549,88,Male,Emergency,Emergency,Heart Failure,1,0,9,3,2,Home Health Care,2025-12-13,70,High,1
P-8550,67,Male,General Medicine,Emergency,Acute Kidney Injury,0,1,7,2,5,Home,2025-08-20,47,Medium,1
P-8551,92,Male,Pediatrics,Elective,Stroke,2,0,8,2,1,Home,2025-10-19,70,High,1
P-8552,37,Female,Cardiology,Emergency,Heart Failure,0,0,3,1,6,Home Health Care,2025-04-22,14,Low,0
P-8553,43,Female,Orthopedics,Elective,COPD,0,0,2,1,8,Home,2025-06-12,15,Low,0
P-8554,75,Female,General Medicine,Elective,Sepsis,0,0,4,3,6,Home,2025-02-15,45,Medium,0
P-8555,66,Male,Orthopedics,Urgent,Hip Fracture,0,0,2,4,3,Home,2025-02-25,37,Medium,1
P-8556,83,Male,General Medicine,Emergency,Stroke,0,1,5,2,8,Home,2025-02-14,55,Medium,0
P-8557,61,Male,Emergency,Emergency,Stroke,0,0,7,1,8,Home Health Care,2025-12-08,34,Medium,0
P-8558,48,Female,Cardiology,Emergency,Hip Fracture,3,0,1,3,9,Home,2025-06-04,49,Medium,0
P-8559,58,Female,ICU,Emergency,Stroke,0,0,5,2,7,Home,2025-01-14,32,Medium,1
P-8560,37,Female,Emergency,Elective,COPD,0,1,4,1,1,Home,2025-12-24,15,Low,0
P-8561,43,Male,Pediatrics,Emergency,Sepsis,0,1,2,2,8,Home Health Care,2025-07-05,24,Low,1
P-8562,77,Female,General Medicine,Emergency,Diabetes with Complications,4,0,25,1,4,Home,2025-05-01,96,High,1
P-8563,75,Female,Emergency,Emergency,Hip Fracture,0,2,4,4,6,Home Health Care,2025-06-16,64,High,1
P-8564,67,Female,Orthopedics,Emergency,Pneumonia,2,0,10,1,4,Home,2025-05-12,59,Medium,1
P-8565,34,Female,General Medicine,Transfer,COPD,2,1,1,4,1,Home,2025-08-14,35,Medium,1
P-8566,56,Female,Cardiology,Transfer,Diabetes with Complications,1,0,7,4,3,Home,2025-04-20,54,Medium,0
P-8567,42,Male,ICU,Elective,Gastrointestinal Bleed,0,1,1,3,11,Home Health Care,2025-09-03,29,Low,0
P-8568,80,Female,Cardiology,Emergency,Diabetes with Complications,0,0,1,0,3,Home,2025-11-04,19,Low,0
P-8569,52,Male,Orthopedics,Urgent,Sepsis,1,1,1,0,12,Home Health Care,2025-02-16,25,Low,0
P-8570,44,Male,Orthopedics,Urgent,Pneumonia,2,0,7,3,8,Home,2025-02-19,54,Medium,1
P-8571,62,Male,Cardiology,Urgent,Sepsis,0,1,27,1,11,Rehab,2025-09-22,90,High,1
P-8572,51,Female,Cardiology,Emergency,COPD,2,0,8,4,3,Home,2025-08-10,62,High,1
P-8573,85,Male,General Medicine,Emergency,Hip Fracture,0,1,3,1,6,Home,2025-01-03,40,Medium,1
P-8574,50,Female,Neurology,Emergency,Pneumonia,2,0,5,1,7,Home,2025-10-28,37,Medium,0
P-8575,39,Female,General Medicine,Urgent,Hip Fracture,4,0,3,3,1,Home,2025-05-08,48,Medium,1
P-8576,27,Female,General Medicine,Urgent,Pneumonia,0,1,2,2,3,Skilled Nursing Facility,2025-05-31,14,Low,0
P-8577,61,Female,Cardiology,Emergency,Acute Kidney Injury,0,1,5,3,11,Home,2025-06-02,52,Medium,0
P-8578,53,Female,Emergency,Emergency,Diabetes with Complications,2,0,4,2,4,Home Health Care,2025-11-01,39,Medium,1
P-8579,39,Male,Cardiology,Elective,Sepsis,2,1,4,2,7,Home,2025-07-27,40,Medium,1
P-8580,81,Male,Orthopedics,Urgent,Stroke,0,0,1,1,3,Skilled Nursing Facility,2025-09-12,25,Low,0
P-8581,72,Female,Emergency,Elective,Hip Fracture,2,1,1,2,8,Skilled Nursing Facility,2025-08-11,53,Medium,1
P-8582,61,Male,Orthopedics,Elective,COPD,1,0,4,2,6,Against Medical Advice,2025-06-24,38,Medium,0
P-8583,83,Male,Emergency,Emergency,Gastrointestinal Bleed,2,1,2,3,4,Home,2025-10-02,65,High,0
P-8584,72,Female,Orthopedics,Emergency,Diabetes with Complications,0,0,3,1,5,Home Health Care,2025-11-28,27,Low,1
P-8585,48,Female,Emergency,Elective,Hip Fracture,0,0,3,2,9,Home,2025-12-26,24,Low,0
P-8586,45,Female,Emergency,Urgent,Sepsis,0,0,6,0,9,Home,2025-11-19,20,Low,1
P-8587,75,Female,General Medicine,Emergency,COPD,0,0,1,1,7,Home Health Care,2025-07-12,25,Low,0
P-8588,68,Female,ICU,Emergency,Diabetes with Complications,1,2,13,2,7,Home,2025-04-27,79,High,1
P-8589,64,Male,Neurology,Elective,COPD,2,1,3,4,12,Home,2025-04-26,72,High,1
P-8590,48,Male,General Medicine,Emergency,Pneumonia,2,1,2,2,9,Rehab,2025-10-29,43,Medium,0
P-8591,71,Female,Emergency,Elective,COPD,0,3,1,2,5,Skilled Nursing Facility,2025-07-31,44,Medium,1
P-8592,49,Male,Orthopedics,Elective,COPD,0,1,2,1,7,Home,2025-10-19,21,Low,0
P-8593,60,Male,Orthopedics,Elective,Stroke,3,1,5,1,1,Home,2025-03-06,51,Medium,0
P-8594,85,Female,Emergency,Urgent,Heart Failure,0,1,8,2,4,Home,2025-01-30,60,Medium,1
P-8595,51,Male,Neurology,Emergency,Gastrointestinal Bleed,2,1,6,2,8,Home,2025-04-03,55,Medium,1
P-8596,36,Male,ICU,Emergency,Acute Kidney Injury,0,0,4,1,11,Home Health Care,2025-10-29,18,Low,1
P-8597,45,Male,Cardiology,Emergency,Pneumonia,0,0,3,3,5,Home Health Care,2025-05-20,25,Low,0
P-8598,77,Male,General Medicine,Urgent,Stroke,0,2,4,6,13,Skilled Nursing Facility,2025-11-21,82,High,1
P-8599,66,Male,Emergency,Urgent,Stroke,3,2,15,2,1,Home,2025-07-28,87,High,1
P-8600,59,Female,Emergency,Emergency,Hip Fracture,2,1,16,3,1,Skilled Nursing Facility,2025-06-14,82,High,1
P-8601,53,Female,Emergency,Emergency,Hypertension,1,0,8,0,1,Home Health Care,2025-02-19,27,Low,0
P-8602,69,Male,Emergency,Emergency,COPD,0,0,1,4,10,Home,2025-05-21,44,Medium,0
P-8603,48,Male,Orthopedics,Elective,Gastrointestinal Bleed,1,1,13,2,12,Home,2025-08-09,69,High,0
P-8604,66,Male,General Medicine,Emergency,Diabetes with Complications,1,1,5,1,7,Home,2025-04-29,45,Medium,0
P-8605,50,Female,Pediatrics,Elective,Sepsis,2,1,3,4,6,Home,2025-02-16,57,Medium,1
P-8606,47,Male,General Medicine,Elective,Pneumonia,1,0,4,3,13,Home,2025-08-29,45,Medium,1
P-8607,51,Female,Cardiology,Elective,Hip Fracture,1,0,3,2,7,Home,2025-10-09,31,Medium,0
P-8608,55,Male,Cardiology,Urgent,Hip Fracture,1,0,3,1,5,Home,2025-11-13,25,Low,0
P-8609,61,Female,Emergency,Emergency,Sepsis,3,1,3,1,8,Skilled Nursing Facility,2025-10-16,54,Medium,1
P-8610,65,Male,Orthopedics,Urgent,COPD,2,1,11,1,7,Skilled Nursing Facility,2025-01-21,70,High,1
P-8611,18,Male,ICU,Emergency,Hip Fracture,3,1,3,2,6,Home,2025-03-25,33,Medium,0
P-8612,49,Male,Cardiology,Emergency,Sepsis,3,0,2,1,7,Home,2025-02-07,36,Medium,0
P-8613,55,Female,Neurology,Emergency,Gastrointestinal Bleed,1,1,2,1,7,Home,2025-02-28,30,Low,0
P-8614,86,Male,General Medicine,Elective,Stroke,3,0,1,3,7,Home,2025-06-27,69,High,1
P-8615,44,Male,Cardiology,Emergency,Gastrointestinal Bleed,1,1,4,2,10,Skilled Nursing Facility,2025-09-01,39,Medium,1
P-8616,64,Female,Cardiology,Elective,Hip Fracture,3,0,2,3,8,Home,2025-02-28,61,High,0
P-8617,85,Male,Orthopedics,Emergency,COPD,2,0,4,3,6,Home Health Care,2025-02-23,68,High,0
P-8618,40,Male,Orthopedics,Urgent,Sepsis,0,1,13,2,2,Home,2025-06-06,44,Medium,1
P-8619,68,Female,Cardiology,Emergency,Stroke,0,0,15,2,7,Home,2025-05-01,67,High,0
P-8620,49,Female,Emergency,Elective,COPD,0,1,2,4,11,Home,2025-02-07,42,Medium,1
P-8621,53,Female,Orthopedics,Urgent,COPD,0,2,2,5,5,Home Health Care,2025-07-18,50,Medium,0
P-8622,49,Male,General Medicine,Elective,Hypertension,0,0,1,1,4,Home,2025-11-30,13,Low,0
P-8623,50,Male,Orthopedics,Emergency,Pneumonia,4,1,2,2,12,Against Medical Advice,2025-03-29,65,High,1
P-8624,95,Male,Emergency,Emergency,Hypertension,1,1,4,2,7,Skilled Nursing Facility,2025-12-15,66,High,1
P-8625,75,Female,Neurology,Elective,Sepsis,1,1,5,2,1,Home,2025-05-12,50,Medium,0
P-8626,79,Female,Emergency,Emergency,Diabetes with Complications,4,0,1,3,1,Home Health Care,2025-11-09,66,High,1
P-8627,69,Female,Cardiology,Emergency,COPD,2,0,2,3,1,Home,2025-08-21,46,Medium,0
P-8628,36,Male,General Medicine,Emergency,Hip Fracture,1,1,1,4,4,Skilled Nursing Facility,2025-01-19,32,Medium,0
P-8629,68,Female,Emergency,Elective,Pneumonia,0,1,7,0,1,Home,2025-12-01,30,Low,0
P-8630,79,Male,Orthopedics,Emergency,Hip Fracture,1,0,2,1,4,Home,2025-12-15,34,Medium,1
P-8631,48,Male,ICU,Emergency,Stroke,4,0,4,2,11,Skilled Nursing Facility,2025-01-22,62,High,0
P-8632,77,Female,Orthopedics,Emergency,Stroke,1,1,3,0,3,Home,2025-10-19,34,Medium,0
P-8633,73,Male,Cardiology,Elective,Gastrointestinal Bleed,2,1,3,3,5,Home,2025-09-07,63,High,0
P-8634,91,Male,General Medicine,Elective,COPD,3,1,5,1,6,Home Health Care,2025-06-30,74,High,1
P-8635,55,Male,ICU,Elective,Hip Fracture,2,2,3,3,8,Home,2025-04-22,62,High,1
P-8636,44,Female,General Medicine,Emergency,Diabetes with Complications,2,2,2,2,8,Home,2025-07-24,45,Medium,0
P-8637,56,Male,General Medicine,Urgent,Pneumonia,0,0,3,2,2,Home,2025-11-11,22,Low,0
P-8638,84,Male,Emergency,Emergency,COPD,0,0,8,1,10,Home,2025-02-26,53,Medium,1
P-8639,32,Other,Cardiology,Emergency,Gastrointestinal Bleed,1,1,4,3,7,Home,2025-08-13,35,Medium,0
P-8640,28,Male,Emergency,Urgent,Heart Failure,4,1,17,2,1,Skilled Nursing Facility,2025-08-03,79,High,0
P-8641,63,Male,Orthopedics,Transfer,Stroke,2,0,7,1,5,Home,2025-02-18,49,Medium,1
P-8642,54,Female,Emergency,Elective,Diabetes with Complications,2,2,8,1,1,Home,2025-10-05,53,Medium,1
P-8643,62,Female,Cardiology,Urgent,Acute Kidney Injury,2,0,7,2,3,Home,2025-02-09,52,Medium,1
P-8644,77,Male,Cardiology,Emergency,Heart Failure,2,2,3,5,3,Home,2025-01-17,79,High,1
P-8645,53,Female,Neurology,Emergency,Sepsis,1,2,8,2,1,Home,2025-06-20,51,Medium,1
P-8646,32,Male,Emergency,Emergency,Pneumonia,2,1,5,4,5,Home,2025-12-06,50,Medium,1
P-8647,94,Female,ICU,Elective,Sepsis,1,1,2,2,7,Home Health Care,2025-09-14,60,Medium,0
P-8648,46,Male,General Medicine,Elective,Hip Fracture,1,1,1,4,8,Home,2025-10-31,42,Medium,1
P-8649,45,Male,General Medicine,Emergency,Hip Fracture,2,0,4,2,9,Home,2025-02-10,40,Medium,0
P-8650,79,Male,Cardiology,Urgent,COPD,1,1,4,2,11,Home Health Care,2025-02-03,61,High,1
P-8651,55,Female,Pediatrics,Emergency,Stroke,1,0,2,1,1,Home,2025-05-13,20,Low,0
P-8652,60,Female,General Medicine,Emergency,Sepsis,0,1,5,2,15,Home,2025-04-22,49,Medium,0
P-8653,69,Female,Emergency,Emergency,Diabetes with Complications,1,0,1,6,1,Skilled Nursing Facility,2025-08-02,56,Medium,0
P-8654,79,Female,Emergency,Transfer,Sepsis,2,1,8,4,1,Home,2025-04-12,79,High,1
P-8655,56,Male,Orthopedics,Urgent,Diabetes with Complications,1,0,3,1,8,Home,2025-08-30,29,Low,0
P-8656,86,Male,Cardiology,Elective,COPD,3,0,6,3,8,Home Health Care,2025-07-20,81,High,0
P-8657,27,Female,Cardiology,Urgent,Acute Kidney Injury,1,0,9,1,10,Skilled Nursing Facility,2025-12-05,31,Medium,0
P-8658,74,Female,Cardiology,Urgent,Gastrointestinal Bleed,0,0,2,0,10,Home Health Care,2025-12-30,25,Low,0
P-8659,48,Female,General Medicine,Urgent,Pneumonia,2,1,4,0,1,Home,2025-12-19,27,Low,0
P-8660,83,Male,General Medicine,Emergency,Acute Kidney Injury,0,0,1,0,7,Home,2025-06-27,24,Low,0
P-8661,64,Male,General Medicine,Elective,Diabetes with Complications,0,2,1,3,8,Home Health Care,2025-01-18,44,Medium,1
P-8662,51,Male,Cardiology,Emergency,Pneumonia,0,1,1,1,8,Home Health Care,2025-03-03,20,Low,0
P-8663,72,Male,General Medicine,Transfer,Acute Kidney Injury,0,1,14,2,9,Home,2025-08-30,74,High,0
P-8664,76,Male,General Medicine,Transfer,Stroke,0,3,1,2,4,Home Health Care,2025-05-31,46,Medium,1
P-8665,72,Male,Emergency,Elective,Sepsis,2,3,5,1,5,Home,2025-07-07,66,High,0
P-8666,45,Female,Orthopedics,Emergency,Diabetes with Complications,1,1,1,1,7,Home,2025-05-03,23,Low,0
P-8667,54,Male,Emergency,Emergency,Gastrointestinal Bleed,1,1,6,5,5,Rehab,2025-05-14,65,High,0
P-8668,61,Male,General Medicine,Emergency,Hip Fracture,4,0,4,4,7,Rehab,2025-11-25,76,High,0
P-8669,61,Female,ICU,Emergency,Gastrointestinal Bleed,3,0,2,5,8,Home Health Care,2025-08-15,71,High,1
P-8670,73,Male,General Medicine,Emergency,Gastrointestinal Bleed,0,0,5,0,10,Home,2025-01-05,32,Medium,1
P-8671,29,Female,Pediatrics,Emergency,Acute Kidney Injury,1,1,2,1,2,Home,2025-07-01,15,Low,0
P-8672,67,Male,Pediatrics,Transfer,Stroke,1,2,1,1,7,Home,2025-06-04,40,Medium,0
P-8673,57,Female,Cardiology,Emergency,Stroke,1,1,7,1,7,Home Health Care,2025-11-01,45,Medium,0
P-8674,48,Female,Emergency,Urgent,Hypertension,0,3,3,1,5,Home,2025-11-17,30,Low,0
P-8675,50,Female,ICU,Elective,Gastrointestinal Bleed,1,2,3,1,7,Home Health Care,2025-09-28,35,Medium,1
P-8676,58,Female,Orthopedics,Emergency,Gastrointestinal Bleed,2,0,1,3,11,Home Health Care,2025-02-18,49,Medium,1
P-8677,18,Male,General Medicine,Emergency,Sepsis,1,1,4,4,2,Home Health Care,2025-12-20,28,Low,0
P-8678,50,Male,Emergency,Transfer,Pneumonia,2,2,4,3,1,Rehab,2025-05-21,53,Medium,1
P-8679,47,Female,Cardiology,Elective,Hip Fracture,1,0,7,0,6,Skilled Nursing Facility,2025-05-27,26,Low,0
P-8680,70,Female,Neurology,Emergency,Heart Failure,2,0,3,3,3,Home Health Care,2025-08-21,52,Medium,0
P-8681,49,Female,Emergency,Emergency,Hypertension,2,0,9,3,10,Home,2025-01-27,66,High,0
P-8682,58,Male,Cardiology,Elective,COPD,4,3,2,4,7,Rehab,2025-02-28,83,High,1
P-8683,86,Female,Emergency,Emergency,Hypertension,0,0,7,5,8,Home,2025-02-17,75,High,0
P-8684,77,Female,Cardiology,Emergency,Diabetes with Complications,0,0,2,1,5,Home,2025-12-16,27,Low,0
P-8685,76,Female,General Medicine,Elective,Acute Kidney Injury,1,1,9,4,1,Skilled Nursing Facility,2025-04-10,74,High,1
P-8686,54,Male,Neurology,Elective,Stroke,0,1,2,2,6,Home,2025-08-07,27,Low,0
P-8687,70,Other,Orthopedics,Emergency,Heart Failure,2,0,6,1,8,Home Health Care,2025-08-21,54,Medium,0
P-8688,58,Male,Emergency,Urgent,COPD,2,1,8,1,3,Home,2025-03-25,52,Medium,0
P-8689,58,Male,Orthopedics,Elective,Pneumonia,1,0,1,1,3,Home Health Care,2025-06-21,21,Low,0
P-8690,68,Female,Emergency,Urgent,COPD,2,0,8,1,1,Rehab,2025-06-20,50,Medium,1
P-8691,52,Male,Cardiology,Emergency,Sepsis,3,1,2,0,8,Skilled Nursing Facility,2025-05-08,39,Medium,1
P-8692,85,Female,Pediatrics,Emergency,Hypertension,2,1,5,1,8,Home,2025-06-08,66,High,1
P-8693,59,Male,Emergency,Emergency,Sepsis,0,0,4,3,7,Home,2025-11-24,36,Medium,0
P-8694,71,Male,Emergency,Emergency,Heart Failure,1,0,4,6,4,Rehab,2025-08-09,69,High,1
P-8695,85,Male,Pediatrics,Transfer,Pneumonia,4,0,7,1,5,Home,2025-11-09,77,High,1
P-8696,78,Male,Cardiology,Transfer,Heart Failure,0,2,9,1,1,Home,2025-09-17,54,Medium,1
P-8697,39,Male,General Medicine,Elective,Heart Failure,3,0,2,1,8,Home Health Care,2025-01-01,32,Medium,0
P-8698,69,Male,Neurology,Emergency,Heart Failure,3,0,1,2,7,Home,2025-12-06,53,Medium,1
P-8699,75,Female,Emergency,Elective,Pneumonia,0,1,1,1,5,Home,2025-11-18,28,Low,1
P-8700,76,Female,ICU,Elective,Diabetes with Complications,1,1,6,4,5,Home Health Care,2025-08-02,71,High,1
P-8701,44,Female,Emergency,Emergency,COPD,0,1,3,4,3,Home,2025-01-28,33,Medium,0
P-8702,51,Female,Cardiology,Emergency,Stroke,1,1,1,1,4,Home,2025-02-28,23,Low,0
P-8703,77,Male,Emergency,Elective,Diabetes with Complications,2,1,3,1,5,Home Health Care,2025-12-26,52,Medium,0
P-8704,49,Female,General Medicine,Emergency,Diabetes with Complications,1,2,19,1,11,Skilled Nursing Facility,2025-08-20,82,High,1
P-8705,57,Female,Emergency,Emergency,Stroke,1,0,4,3,5,Home Health Care,2025-06-12,41,Medium,0
P-8706,87,Male,Emergency,Emergency,Gastrointestinal Bleed,0,1,10,0,4,Home,2025-10-29,53,Medium,1
P-8707,61,Female,General Medicine,Elective,Pneumonia,1,0,1,3,8,Home Health Care,2025-02-20,39,Medium,0
P-8708,50,Male,General Medicine,Emergency,Hypertension,1,0,11,3,3,Home Health Care,2025-08-06,55,Medium,1
P-8709,47,Female,Orthopedics,Elective,Hip Fracture,4,2,4,4,9,Home Health Care,2025-10-31,81,High,1
P-8710,67,Male,Emergency,Emergency,Sepsis,1,2,4,0,9,Home,2025-04-13,44,Medium,0
P-8711,40,Male,Orthopedics,Emergency,Sepsis,2,1,1,3,10,Home,2025-03-31,43,Medium,1
P-8712,58,Male,General Medicine,Urgent,Pneumonia,5,1,3,3,5,Home Health Care,2025-05-29,77,High,1
P-8713,67,Male,Emergency,Emergency,Hypertension,3,0,3,1,5,Home,2025-06-09,48,Medium,0
P-8714,82,Female,Cardiology,Emergency,Gastrointestinal Bleed,0,0,1,4,9,Home,2025-07-01,51,Medium,1
P-8715,72,Other,Emergency,Urgent,Gastrointestinal Bleed,2,0,2,3,14,Home,2025-08-05,64,High,0
P-8716,50,Male,General Medicine,Emergency,COPD,0,0,10,0,1,Home,2025-03-17,23,Low,1
P-8717,80,Male,Cardiology,Urgent,Hypertension,0,1,1,4,5,Home,2025-04-09,51,Medium,0
P-8718,57,Male,Neurology,Emergency,Sepsis,0,0,4,2,6,Skilled Nursing Facility,2025-05-26,28,Low,1
P-8719,42,Female,General Medicine,Emergency,Acute Kidney Injury,1,0,7,4,5,Home Health Care,2025-08-19,48,Medium,1
P-8720,59,Male,Neurology,Elective,COPD,1,0,16,2,3,Home,2025-02-12,68,High,0
P-8721,85,Female,ICU,Emergency,Diabetes with Complications,1,0,5,3,6,Skilled Nursing Facility,2025-05-13,63,High,0
P-8722,64,Female,Emergency,Emergency,COPD,0,1,1,2,9,Home,2025-06-02,33,Medium,0
P-8723,62,Female,ICU,Emergency,Stroke,2,0,6,3,5,Home,2025-05-18,59,Medium,1
P-8724,88,Female,Cardiology,Emergency,Pneumonia,0,0,6,5,4,Home,2025-11-13,69,High,1
P-8725,39,Female,Orthopedics,Elective,Pneumonia,2,1,4,2,5,Home,2025-12-16,38,Medium,0
P-8726,41,Female,ICU,Urgent,Pneumonia,1,0,3,2,3,Home,2025-10-25,22,Low,0
P-8727,36,Female,Emergency,Urgent,Gastrointestinal Bleed,1,0,3,4,15,Skilled Nursing Facility,2025-01-06,45,Medium,0
P-8728,67,Female,Cardiology,Emergency,Heart Failure,2,4,14,1,3,Home Health Care,2025-02-06,86,High,1
P-8729,64,Female,Emergency,Elective,Acute Kidney Injury,2,2,10,2,11,Home,2025-06-07,80,High,1
P-8730,86,Female,Orthopedics,Emergency,Gastrointestinal Bleed,3,2,2,3,9,Home,2025-03-15,82,High,1
P-8731,65,Female,General Medicine,Elective,Stroke,0,0,1,2,3,Home,2025-05-06,22,Low,0
P-8732,55,Female,General Medicine,Urgent,Heart Failure,4,0,7,0,11,Rehab,2025-09-11,61,High,1
P-8733,62,Female,Emergency,Emergency,COPD,2,3,4,4,6,Home,2025-12-28,77,High,0
P-8734,63,Male,Neurology,Transfer,Sepsis,0,1,5,2,1,Home Health Care,2025-12-23,34,Medium,0
P-8735,35,Male,General Medicine,Urgent,Acute Kidney Injury,2,0,13,3,2,Home,2025-04-25,59,Medium,1
P-8736,95,Female,Emergency,Elective,Diabetes with Complications,1,1,13,4,13,Home,2025-03-06,93,High,1
P-8737,70,Male,Emergency,Elective,Heart Failure,2,1,8,3,5,Rehab,2025-09-24,74,High,1
P-8738,65,Male,Neurology,Elective,COPD,0,0,2,1,9,Home,2025-07-03,25,Low,0
P-8739,71,Male,General Medicine,Transfer,Hypertension,0,1,8,5,4,Home Health Care,2025-07-21,71,High,1
P-8740,73,Female,General Medicine,Elective,Acute Kidney Injury,0,0,9,3,4,Skilled Nursing Facility,2025-09-03,56,Medium,1
P-8741,59,Female,Emergency,Emergency,COPD,2,1,1,3,8,Home Health Care,2025-02-09,52,Medium,1
P-8742,51,Male,Cardiology,Elective,Pneumonia,2,1,3,1,8,Skilled Nursing Facility,2025-09-25,39,Medium,0
P-8743,71,Male,General Medicine,Emergency,Hypertension,1,1,2,4,6,Home Health Care,2025-10-09,58,Medium,1
P-8744,68,Female,General Medicine,Transfer,Hip Fracture,1,1,9,4,1,Home,2025-07-06,70,High,0
P-8745,49,Female,Emergency,Urgent,Sepsis,1,1,1,3,13,Skilled Nursing Facility,2025-04-15,43,Medium,0
P-8746,84,Male,General Medicine,Elective,Pneumonia,0,1,5,2,2,Skilled Nursing Facility,2025-09-08,48,Medium,1
P-8747,66,Male,Cardiology,Elective,Sepsis,3,0,4,3,12,Home,2025-09-03,72,High,1
P-8748,73,Female,General Medicine,Urgent,Hypertension,0,0,12,2,7,Home,2025-09-15,62,High,1
P-8749,84,Female,Neurology,Emergency,Hip Fracture,2,0,3,4,4,Home,2025-03-05,69,High,1
P-8750,62,Female,Orthopedics,Elective,Stroke,3,2,1,2,7,Home,2025-08-05,61,High,0
P-8751,67,Female,Emergency,Emergency,Heart Failure,1,0,10,3,11,Home,2025-01-27,71,High,1
P-8752,74,Female,Emergency,Elective,Sepsis,2,2,5,2,10,Home,2025-06-09,73,High,1
P-8753,50,Male,Orthopedics,Emergency,Heart Failure,0,0,5,0,2,Skilled Nursing Facility,2025-06-07,15,Low,0
P-8754,62,Male,General Medicine,Elective,COPD,2,0,6,2,4,Home,2025-12-21,51,Medium,0
P-8755,64,Female,Emergency,Emergency,Hypertension,0,1,8,3,4,Skilled Nursing Facility,2025-01-16,54,Medium,0
P-8756,46,Female,Neurology,Emergency,Pneumonia,1,0,7,2,8,Home Health Care,2025-11-16,40,Medium,1
P-8757,95,Female,Emergency,Emergency,Stroke,1,2,2,0,9,Home,2025-06-16,55,Medium,1
P-8758,39,Female,Emergency,Emergency,Diabetes with Complications,1,2,15,2,2,Home,2025-02-26,64,High,1
P-8759,41,Female,ICU,Emergency,COPD,3,0,1,1,7,Home,2025-06-20,29,Low,0
P-8760,83,Female,ICU,Emergency,Acute Kidney Injury,1,1,3,1,10,Rehab,2025-03-05,53,Medium,1
P-8761,73,Male,ICU,Elective,Diabetes with Complications,1,1,4,2,9,Skilled Nursing Facility,2025-10-05,55,Medium,0
P-8762,45,Male,Neurology,Emergency,Gastrointestinal Bleed,2,1,1,1,9,Home Health Care,2025-12-16,32,Medium,0
P-8763,71,Female,Emergency,Elective,Diabetes with Complications,2,0,1,2,3,Home Health Care,2025-12-09,40,Medium,1
P-8764,85,Male,Emergency,Elective,Sepsis,1,2,1,2,10,Home,2025-10-27,61,High,0
P-8765,61,Male,Orthopedics,Emergency,Hip Fracture,5,2,10,2,5,Home,2025-01-24,89,High,0
P-8766,95,Female,General Medicine,Emergency,Stroke,2,0,5,3,10,Home,2025-11-06,79,High,1
P-8767,34,Female,General Medicine,Elective,Sepsis,0,0,1,0,2,Home,2025-06-28,7,Low,0
P-8768,73,Male,Cardiology,Emergency,Hip Fracture,2,0,6,3,1,Home,2025-01-29,61,High,0
P-8769,80,Female,Orthopedics,Emergency,Acute Kidney Injury,1,0,3,1,13,Home Health Care,2025-11-02,49,Medium,1
P-8770,76,Male,Cardiology,Transfer,Hypertension,0,0,1,2,14,Home,2025-11-14,40,Medium,1
P-8771,58,Male,ICU,Elective,Gastrointestinal Bleed,0,1,4,2,4,Home,2025-08-09,32,Medium,0
P-8772,57,Female,Cardiology,Emergency,Diabetes with Complications,1,0,3,0,1,Home Health Care,2025-09-02,18,Low,0
P-8773,69,Female,Cardiology,Elective,Sepsis,2,2,5,1,1,Home Health Care,2025-11-10,54,Medium,1
P-8774,75,Male,Cardiology,Urgent,Hypertension,2,0,18,2,3,Home,2025-08-25,85,High,1
P-8775,71,Male,General Medicine,Urgent,Stroke,1,2,6,1,1,Against Medical Advice,2025-11-10,49,Medium,0
P-8776,78,Male,Cardiology,Emergency,Gastrointestinal Bleed,0,2,4,0,5,Home,2025-01-27,37,Medium,0
P-8777,45,Other,General Medicine,Emergency,Acute Kidney Injury,0,1,5,0,7,Home Health Care,2025-04-16,20,Low,0
P-8778,58,Female,ICU,Elective,Sepsis,1,0,7,0,3,Skilled Nursing Facility,2025-11-01,29,Low,0
P-8779,46,Male,Cardiology,Emergency,Gastrointestinal Bleed,2,1,2,0,2,Home,2025-10-03,22,Low,0
P-8780,55,Male,Emergency,Urgent,Hypertension,0,1,1,0,3,Skilled Nursing Facility,2025-01-29,14,Low,0
P-8781,78,Female,Neurology,Emergency,Sepsis,3,1,4,5,4,Home Health Care,2025-06-12,84,High,0
P-8782,63,Female,Orthopedics,Emergency,Heart Failure,1,0,7,3,7,Home,2025-07-24,56,Medium,1
P-8783,95,Female,Pediatrics,Urgent,COPD,1,0,3,2,5,Home Health Care,2025-09-10,55,Medium,0
P-8784,65,Male,General Medicine,Emergency,COPD,0,1,1,4,3,Skilled Nursing Facility,2025-05-21,39,Medium,1
P-8785,62,Female,General Medicine,Emergency,Pneumonia,2,0,5,1,5,Home Health Care,2025-01-31,42,Medium,1
P-8786,63,Male,General Medicine,Elective,Hip Fracture,1,1,6,1,9,Home Health Care,2025-04-06,48,Medium,0
P-8787,51,Male,General Medicine,Emergency,Sepsis,2,0,7,3,14,Home,2025-03-01,66,High,0
P-8788,61,Male,Cardiology,Elective,Stroke,1,1,4,4,1,Home,2025-12-14,52,Medium,1
P-8789,80,Female,Emergency,Emergency,Gastrointestinal Bleed,0,0,3,1,5,Home,2025-06-30,31,Medium,0
P-8790,63,Female,Emergency,Emergency,Hip Fracture,0,1,2,2,6,Home,2025-02-22,32,Medium,0
P-8791,49,Female,Emergency,Emergency,Pneumonia,1,3,1,2,12,Rehab,2025-12-03,48,Medium,0
P-8792,47,Female,Emergency,Elective,COPD,1,0,3,4,4,Home,2025-01-28,38,Medium,1
P-8793,54,Male,Cardiology,Emergency,Heart Failure,0,0,7,2,8,Home,2025-06-05,37,Medium,1
P-8794,63,Male,Emergency,Emergency,COPD,2,1,7,3,12,Home,2025-03-22,75,High,1
P-8795,81,Female,ICU,Urgent,Gastrointestinal Bleed,1,3,13,0,6,Home,2025-03-10,78,High,1
P-8796,40,Female,Pediatrics,Urgent,Acute Kidney Injury,0,2,1,1,1,Home,2025-12-13,15,Low,0
P-8797,56,Female,Cardiology,Elective,Pneumonia,1,0,1,0,13,Home,2025-03-08,24,Low,0
P-8798,64,Male,Cardiology,Emergency,Diabetes with Complications,0,1,5,0,4,Home,2025-10-05,26,Low,0
P-8799,32,Male,Orthopedics,Elective,Sepsis,1,1,4,4,10,Skilled Nursing Facility,2025-10-23,45,Medium,1
P-8800,48,Male,Emergency,Elective,COPD,0,0,6,5,9,Home,2025-02-06,52,Medium,0
P-8801,51,Female,Cardiology,Urgent,Sepsis,1,0,3,3,1,Skilled Nursing Facility,2025-07-06,30,Low,0
P-8802,49,Female,Emergency,Urgent,Pneumonia,2,1,2,3,5,Home,2025-10-23,45,Medium,1
P-8803,65,Male,Cardiology,Urgent,Pneumonia,0,1,6,1,8,Home,2025-01-18,40,Medium,0
P-8804,59,Male,Cardiology,Urgent,Heart Failure,2,1,3,3,7,Home,2025-05-31,57,Medium,1
P-8805,53,Male,ICU,Emergency,Gastrointestinal Bleed,1,1,2,1,1,Against Medical Advice,2025-01-21,23,Low,1
P-8806,68,Male,Emergency,Elective,Stroke,0,2,2,2,10,Home Health Care,2025-08-16,45,Medium,1
P-8807,89,Female,Orthopedics,Urgent,Gastrointestinal Bleed,3,0,2,5,6,Home,2025-10-09,82,High,1
P-8808,88,Female,General Medicine,Urgent,Heart Failure,0,1,1,2,12,Home Health Care,2025-07-06,51,Medium,1
P-8809,31,Female,General Medicine,Urgent,Hip Fracture,2,3,6,3,10,Home,2025-08-10,64,High,1
P-8810,71,Male,Cardiology,Emergency,Diabetes with Complications,0,1,6,1,5,Home Health Care,2025-07-02,40,Medium,0
P-8811,59,Female,Emergency,Elective,Pneumonia,2,0,8,0,1,Against Medical Advice,2025-06-06,37,Medium,0
P-8812,64,Female,Orthopedics,Emergency,Heart Failure,2,0,1,3,6,Home,2025-01-06,47,Medium,0
P-8813,55,Male,ICU,Elective,Stroke,0,0,12,2,4,Home Health Care,2025-12-02,47,Medium,1
P-8814,63,Female,Orthopedics,Emergency,Acute Kidney Injury,2,1,2,1,8,Home,2025-12-24,44,Medium,0
P-8815,64,Female,Emergency,Transfer,Pneumonia,0,1,11,3,9,Skilled Nursing Facility,2025-05-16,68,High,0
P-8816,52,Male,Orthopedics,Urgent,COPD,1,0,2,2,11,Home,2025-06-13,33,Medium,1
P-8817,47,Female,Emergency,Elective,Hypertension,0,0,1,2,7,Home,2025-07-25,18,Low,0
P-8818,54,Female,Emergency,Emergency,Sepsis,3,0,4,4,6,Home,2025-07-22,65,High,0
P-8819,65,Female,General Medicine,Emergency,Sepsis,2,0,4,3,5,Home,2025-01-29,55,Medium,0
P-8820,71,Male,General Medicine,Elective,Diabetes with Complications,2,1,11,3,2,Home Health Care,2025-04-06,78,High,1
P-8821,75,Male,Cardiology,Emergency,Stroke,1,1,5,3,10,Home,2025-02-26,67,High,1
P-8822,54,Male,Pediatrics,Emergency,Diabetes with Complications,4,2,8,1,5,Home Health Care,2025-11-21,74,High,0
P-8823,66,Female,ICU,Urgent,Gastrointestinal Bleed,0,2,9,0,2,Skilled Nursing Facility,2025-07-07,41,Medium,0
P-8824,77,Male,ICU,Emergency,Diabetes with Complications,4,2,4,3,2,Home,2025-07-19,82,High,1
P-8825,80,Female,General Medicine,Emergency,Acute Kidney Injury,1,0,11,4,5,Home,2025-08-15,79,High,1
P-8826,61,Female,General Medicine,Elective,Hip Fracture,1,1,6,0,8,Against Medical Advice,2025-05-07,39,Medium,0
P-8827,58,Male,Pediatrics,Urgent,Hip Fracture,4,0,1,1,10,Home Health Care,2025-12-12,51,Medium,0
P-8828,65,Female,Emergency,Urgent,COPD,1,1,2,1,12,Home,2025-08-24,41,Medium,1
P-8829,43,Male,ICU,Transfer,Stroke,2,0,1,4,5,Home,2025-02-08,39,Medium,0
P-8830,58,Male,General Medicine,Elective,Hip Fracture,1,1,4,3,3,Against Medical Advice,2025-11-15,46,Medium,1
P-8831,73,Male,Cardiology,Emergency,Hip Fracture,2,0,2,3,8,Home,2025-12-15,58,Medium,1
P-8832,72,Female,Emergency,Urgent,Acute Kidney Injury,3,0,13,1,5,Home Health Care,2025-05-01,78,High,1
P-8833,57,Female,Emergency,Emergency,Hypertension,2,1,11,0,7,Home,2025-10-20,59,Medium,1
P-8834,65,Male,ICU,Emergency,Diabetes with Complications,1,2,8,3,5,Home,2025-02-17,70,High,1
P-8835,48,Female,Emergency,Emergency,Diabetes with Complications,2,1,10,1,5,Skilled Nursing Facility,2025-09-06,54,Medium,0
P-8836,73,Female,Emergency,Urgent,Acute Kidney Injury,0,0,9,2,1,Home,2025-07-25,45,Medium,0
P-8837,60,Male,General Medicine,Urgent,COPD,1,0,1,3,7,Home,2025-02-21,37,Medium,0
P-8838,57,Male,General Medicine,Emergency,COPD,1,2,1,0,1,Home,2025-10-23,22,Low,0
P-8839,56,Male,Cardiology,Emergency,Pneumonia,0,2,6,3,2,Home Health Care,2025-09-30,47,Medium,1
P-8840,60,Female,Cardiology,Urgent,Gastrointestinal Bleed,2,2,2,3,1,Home,2025-08-03,53,Medium,1
P-8841,54,Female,Cardiology,Emergency,Hip Fracture,2,0,5,2,1,Home,2025-11-01,39,Medium,1
P-8842,72,Male,Cardiology,Elective,COPD,3,1,5,2,8,Home,2025-10-29,72,High,1
P-8843,55,Male,General Medicine,Emergency,Stroke,0,0,9,1,6,Home,2025-03-30,34,Medium,1
P-8844,87,Male,Pediatrics,Emergency,Hip Fracture,2,0,1,2,3,Home,2025-03-18,50,Medium,0
P-8845,85,Male,General Medicine,Emergency,Sepsis,0,1,10,3,5,Rehab,2025-12-21,72,High,1
P-8846,47,Female,General Medicine,Emergency,Diabetes with Complications,1,1,2,1,1,Home,2025-05-25,21,Low,1
P-8847,63,Male,Emergency,Elective,Hip Fracture,1,1,10,2,7,Home,2025-01-22,64,High,1
P-8848,51,Female,Emergency,Urgent,Pneumonia,2,0,2,2,7,Home,2025-05-31,36,Medium,0
P-8849,56,Female,Neurology,Emergency,COPD,1,0,1,0,8,Home,2025-03-11,19,Low,0
P-8850,94,Male,Pediatrics,Urgent,COPD,1,0,5,2,7,Home,2025-07-26,62,High,1
P-8851,57,Male,Emergency,Elective,Stroke,0,1,11,2,1,Home,2025-12-24,48,Medium,0
P-8852,67,Male,Cardiology,Emergency,Hip Fracture,2,2,4,4,2,Home,2025-09-09,71,High,1
P-8853,70,Male,General Medicine,Elective,Gastrointestinal Bleed,0,1,1,3,8,Home Health Care,2025-10-12,42,Medium,1
P-8854,45,Female,Cardiology,Elective,Heart Failure,1,1,10,1,10,Rehab,2025-09-25,50,Medium,0
P-8855,48,Female,General Medicine,Emergency,Heart Failure,1,0,4,2,12,Home,2025-05-02,38,Medium,0
P-8856,42,Female,Orthopedics,Emergency,Stroke,2,3,4,1,11,Home Health Care,2025-08-20,53,Medium,0
P-8857,47,Male,Cardiology,Transfer,COPD,1,1,2,5,1,Home,2025-04-03,44,Medium,0
P-8858,18,Male,Pediatrics,Elective,Hypertension,1,1,1,1,8,Home,2025-06-01,14,Low,0
P-8859,70,Male,Pediatrics,Emergency,Hip Fracture,2,1,5,2,1,Home,2025-09-20,55,Medium,1
P-8860,94,Female,Neurology,Emergency,Acute Kidney Injury,2,0,3,2,7,Home,2025-06-11,65,High,0
P-8861,64,Male,Emergency,Emergency,Heart Failure,1,1,1,4,6,Home,2025-01-17,51,Medium,1
P-8862,39,Female,Cardiology,Emergency,Diabetes with Complications,2,1,18,3,2,Home Health Care,2025-04-20,79,High,1
P-8863,51,Female,General Medicine,Emergency,Hypertension,1,1,1,0,2,Home,2025-06-02,17,Low,0
P-8864,54,Male,Emergency,Emergency,Pneumonia,1,0,1,2,4,Home,2025-02-27,25,Low,0
P-8865,45,Female,Cardiology,Emergency,Diabetes with Complications,1,2,18,2,8,Home Health Care,2025-05-24,80,High,0
P-8866,75,Female,Emergency,Elective,Gastrointestinal Bleed,0,0,2,2,10,Home,2025-05-30,37,Medium,0
P-8867,74,Male,General Medicine,Emergency,Stroke,5,2,1,4,7,Home,2025-03-24,88,High,1
P-8868,43,Male,ICU,Emergency,Diabetes with Complications,1,1,3,1,14,Home,2025-04-13,34,Medium,0
P-8869,73,Male,Emergency,Emergency,Stroke,2,0,2,4,1,Home,2025-09-14,56,Medium,1
P-8870,86,Female,ICU,Emergency,Hypertension,3,1,8,3,12,Skilled Nursing Facility,2025-05-27,90,High,1
P-8871,92,Male,General Medicine,Emergency,Heart Failure,2,2,2,4,9,Home,2025-12-20,83,High,1
P-8872,95,Female,General Medicine,Emergency,Acute Kidney Injury,1,1,8,3,6,Skilled Nursing Facility,2025-11-12,80,High,0
P-8873,47,Female,ICU,Emergency,Acute Kidney Injury,0,1,4,2,14,Home,2025-06-01,37,Medium,0
P-8874,95,Female,Pediatrics,Emergency,Gastrointestinal Bleed,1,0,8,1,2,Home,2025-08-03,59,Medium,0
P-8875,56,Male,ICU,Urgent,COPD,0,0,5,2,1,Home,2025-10-18,25,Low,0
P-8876,52,Female,General Medicine,Emergency,COPD,0,0,7,3,10,Home,2025-11-24,45,Medium,0
P-8877,67,Male,General Medicine,Emergency,Sepsis,2,0,3,3,4,Home,2025-04-30,52,Medium,0
P-8878,52,Male,General Medicine,Emergency,Diabetes with Complications,2,1,3,3,3,Home,2025-02-05,48,Medium,1
P-8879,68,Female,ICU,Transfer,Hypertension,3,0,3,4,6,Home,2025-05-16,70,High,1
P-8880,40,Male,Neurology,Transfer,Sepsis,2,0,7,2,3,Home,2025-03-25,39,Medium,0
P-8881,58,Female,Neurology,Emergency,Stroke,1,0,3,6,4,Skilled Nursing Facility,2025-01-04,58,Medium,0
P-8882,82,Male,General Medicine,Emergency,COPD,2,0,2,3,5,Home,2025-08-14,59,Medium,0
P-8883,61,Other,Emergency,Emergency,Hypertension,2,0,8,1,4,Home Health Care,2025-07-04,49,Medium,1
P-8884,64,Female,ICU,Emergency,Gastrointestinal Bleed,1,1,3,4,6,Skilled Nursing Facility,2025-12-03,57,Medium,0
P-8885,69,Female,General Medicine,Emergency,Acute Kidney Injury,1,1,3,0,5,Home,2025-04-08,32,Medium,0
P-8886,80,Male,Emergency,Emergency,Pneumonia,1,0,1,2,5,Home,2025-11-03,40,Medium,1
P-8887,35,Female,General Medicine,Emergency,Gastrointestinal Bleed,2,0,3,0,6,Home,2025-11-29,19,Low,1
P-8888,71,Female,Emergency,Emergency,Heart Failure,5,3,8,2,4,Home,2025-11-14,91,High,1
P-8889,57,Female,General Medicine,Elective,Hip Fracture,1,0,5,4,8,Home,2025-09-07,55,Medium,0
P-8890,64,Male,Cardiology,Urgent,Heart Failure,0,1,1,6,3,Home,2025-04-18,52,Medium,1
P-8891,78,Male,Cardiology,Emergency,Hypertension,1,0,3,3,8,Home,2025-07-20,55,Medium,0
P-8892,42,Male,Cardiology,Elective,Hip Fracture,1,1,12,3,6,Home,2025-06-16,63,High,1
P-8893,45,Male,ICU,Emergency,Acute Kidney Injury,3,2,2,1,2,Home,2025-11-19,40,Medium,1
P-8894,31,Male,Emergency,Emergency,Stroke,3,0,8,6,6,Home,2025-09-07,74,High,0
P-8895,53,Female,General Medicine,Urgent,Hip Fracture,1,1,4,2,8,Home,2025-07-26,42,Medium,0
P-8896,83,Male,General Medicine,Emergency,Heart Failure,1,0,2,2,5,Home Health Care,2025-08-23,44,Medium,0
P-8897,60,Male,General Medicine,Elective,Heart Failure,0,1,17,4,1,Home Health Care,2025-11-28,78,High,0
P-8898,40,Female,General Medicine,Emergency,Stroke,3,1,6,1,6,Home,2025-03-19,48,Medium,0
P-8899,54,Male,Emergency,Emergency,Heart Failure,2,0,2,4,8,Home Health Care,2025-01-17,53,Medium,0
P-8900,38,Female,Emergency,Elective,COPD,0,0,1,2,6,Home,2025-09-12,15,Low,0
P-8901,43,Female,Emergency,Emergency,Sepsis,3,0,10,2,1,Home,2025-05-31,56,Medium,1
P-8902,68,Female,General Medicine,Emergency,Diabetes with Complications,1,0,5,1,5,Home,2025-12-10,37,Medium,1
P-8903,43,Female,Cardiology,Elective,Hypertension,2,2,1,3,5,Home,2025-10-16,45,Medium,0
P-8904,79,Female,ICU,Emergency,Acute Kidney Injury,1,0,3,1,2,Home Health Care,2025-07-08,35,Medium,0
P-8905,60,Male,General Medicine,Emergency,Hypertension,2,1,3,2,9,Rehab,2025-12-06,53,Medium,1
P-8906,63,Female,Neurology,Elective,Hypertension,4,1,7,2,10,Home Health Care,2025-07-03,81,High,1
P-8907,57,Female,General Medicine,Emergency,Hypertension,0,0,2,1,2,Home,2025-11-25,16,Low,0
P-8908,74,Male,General Medicine,Elective,Sepsis,1,1,3,1,9,Home,2025-02-20,46,Medium,1
P-8909,74,Male,General Medicine,Urgent,Acute Kidney Injury,0,1,1,3,7,Home,2025-06-13,43,Medium,1
P-8910,67,Female,Emergency,Emergency,Hypertension,1,0,1,3,4,Home Health Care,2025-09-23,37,Medium,0
P-8911,71,Female,General Medicine,Emergency,Hip Fracture,0,0,8,1,10,Home,2025-07-11,45,Medium,1
P-8912,58,Male,Orthopedics,Elective,COPD,0,1,4,2,5,Home Health Care,2025-03-23,33,Medium,0
P-8913,70,Female,Cardiology,Emergency,Hip Fracture,2,1,3,2,5,Home,2025-12-25,54,Medium,0
P-8914,56,Female,Emergency,Elective,Pneumonia,1,1,2,4,3,Home Health Care,2025-03-04,45,Medium,0
P-8915,62,Female,Cardiology,Emergency,Stroke,1,1,15,1,5,Home,2025-10-09,69,High,1
P-8916,57,Female,Emergency,Emergency,Acute Kidney Injury,0,1,3,2,6,Home Health Care,2025-09-08,31,Medium,0
P-8917,54,Male,Orthopedics,Emergency,Acute Kidney Injury,0,0,4,1,6,Home,2025-11-16,22,Low,0
P-8918,50,Female,Emergency,Elective,Sepsis,3,1,19,4,5,Home Health Care,2025-05-24,92,High,1
P-8919,69,Female,Emergency,Emergency,Acute Kidney Injury,2,0,7,3,4,Skilled Nursing Facility,2025-10-16,65,High,0
P-8920,82,Female,Orthopedics,Urgent,Heart Failure,1,2,3,2,5,Skilled Nursing Facility,2025-06-27,59,Medium,0
P-8921,80,Female,Emergency,Elective,Gastrointestinal Bleed,1,1,4,1,4,Home,2025-09-05,47,Medium,1
P-8922,41,Male,Emergency,Emergency,COPD,0,2,3,2,10,Home Health Care,2025-08-14,32,Medium,1
P-8923,82,Male,Orthopedics,Emergency,Acute Kidney Injury,2,0,4,2,4,Against Medical Advice,2025-06-28,57,Medium,0
P-8924,56,Male,Emergency,Emergency,Heart Failure,0,0,5,0,1,Home,2025-01-17,16,Low,0
P-8925,71,Female,General Medicine,Elective,Pneumonia,2,0,17,1,1,Home,2025-11-07,76,High,1
P-8926,47,Female,ICU,Urgent,Pneumonia,1,0,6,2,11,Skilled Nursing Facility,2025-02-13,41,Medium,0
P-8927,64,Female,Cardiology,Emergency,Hip Fracture,1,0,6,3,9,Home,2025-03-28,56,Medium,1
P-8928,67,Female,Emergency,Emergency,Hip Fracture,4,0,1,2,3,Home,2025-03-18,55,Medium,0
P-8929,38,Female,Emergency,Emergency,Gastrointestinal Bleed,0,2,2,2,6,Home,2025-05-03,24,Low,1
P-8930,71,Male,Pediatrics,Emergency,Hypertension,1,0,2,2,3,Home,2025-10-29,35,Medium,0
P-8931,83,Male,Pediatrics,Emergency,Stroke,1,0,1,1,5,Home,2025-06-05,35,Medium,0
P-8932,59,Male,Orthopedics,Emergency,Sepsis,1,0,10,0,12,Home,2025-08-13,48,Medium,0
P-8933,83,Female,Emergency,Emergency,Hip Fracture,1,0,8,2,10,Home Health Care,2025-01-16,68,High,1
P-8934,58,Female,Pediatrics,Emergency,Pneumonia,1,1,8,0,6,Skilled Nursing Facility,2025-06-12,40,Medium,0
P-8935,75,Male,General Medicine,Emergency,Hypertension,4,1,1,6,1,Home Health Care,2025-05-30,84,High,1
P-8936,26,Male,Emergency,Emergency,Hypertension,2,2,5,0,7,Skilled Nursing Facility,2025-04-10,29,Low,1
P-8937,95,Female,General Medicine,Emergency,Hypertension,3,1,4,0,6,Home,2025-05-31,68,High,0
P-8938,85,Female,ICU,Emergency,Hip Fracture,1,0,5,2,6,Home,2025-06-13,56,Medium,1
P-8939,57,Female,Cardiology,Emergency,Pneumonia,0,1,7,5,3,Home,2025-10-15,59,Medium,1
P-8940,30,Male,Orthopedics,Emergency,Diabetes with Complications,2,0,1,0,10,Home Health Care,2025-06-04,16,Low,0
P-8941,66,Male,General Medicine,Emergency,Gastrointestinal Bleed,4,3,1,0,4,Home,2025-03-31,60,Medium,1
P-8942,38,Female,Emergency,Emergency,Heart Failure,1,1,2,1,8,Home,2025-07-15,23,Low,0
P-8943,69,Male,Emergency,Emergency,Hypertension,0,0,3,0,7,Home,2025-05-28,22,Low,0
P-8944,68,Male,Neurology,Emergency,Hypertension,0,0,4,4,5,Home,2025-07-15,46,Medium,0
P-8945,46,Female,General Medicine,Emergency,Diabetes with Complications,3,0,2,3,9,Home,2025-09-18,51,Medium,1
P-8946,79,Female,Emergency,Emergency,Stroke,0,1,1,3,3,Skilled Nursing Facility,2025-03-29,41,Medium,0
P-8947,74,Female,Cardiology,Emergency,Heart Failure,1,1,4,3,6,Home,2025-10-21,59,Medium,0
P-8948,77,Female,Cardiology,Emergency,Acute Kidney Injury,3,0,1,7,12,Home Health Care,2025-09-24,88,High,0
P-8949,62,Male,Pediatrics,Elective,Gastrointestinal Bleed,2,0,3,1,2,Home,2025-12-09,33,Medium,0
P-8950,39,Male,Emergency,Emergency,Gastrointestinal Bleed,2,0,1,2,6,Home,2025-12-17,26,Low,0
P-8951,77,Male,Emergency,Emergency,COPD,4,0,2,1,7,Rehab,2025-02-03,62,High,1
P-8952,57,Female,Emergency,Emergency,Hypertension,0,1,1,4,7,Home,2025-12-03,39,Medium,0
P-8953,39,Male,Orthopedics,Emergency,Diabetes with Complications,0,0,3,2,7,Home,2025-09-12,19,Low,0
P-8954,83,Female,General Medicine,Emergency,Gastrointestinal Bleed,1,1,2,0,3,Home,2025-04-07,35,Medium,1
P-8955,95,Male,General Medicine,Emergency,COPD,3,0,1,2,6,Home,2025-01-31,67,High,1
P-8956,61,Female,Emergency,Emergency,Pneumonia,2,1,2,3,4,Home Health Care,2025-02-11,51,Medium,0
P-8957,95,Female,ICU,Urgent,Pneumonia,0,0,11,6,13,Home,2025-07-06,91,High,1
P-8958,63,Female,Neurology,Emergency,Stroke,0,0,9,0,6,Home Health Care,2025-08-08,32,Medium,0
P-8959,55,Male,Neurology,Urgent,Diabetes with Complications,4,3,10,3,1,Home,2025-10-14,87,High,1
P-8960,51,Female,Neurology,Urgent,Acute Kidney Injury,1,0,3,1,7,Home,2025-05-16,25,Low,1
P-8961,88,Male,Neurology,Urgent,Diabetes with Complications,1,1,10,2,10,Rehab,2025-03-19,80,High,1
P-8962,49,Female,Orthopedics,Urgent,Stroke,2,0,14,2,7,Home,2025-02-28,69,High,1
P-8963,73,Female,General Medicine,Emergency,Stroke,2,1,15,1,4,Home,2025-12-08,79,High,1
P-8964,53,Male,Orthopedics,Emergency,Pneumonia,2,1,1,0,4,Home,2025-03-11,25,Low,0
P-8965,54,Female,General Medicine,Emergency,Pneumonia,1,0,8,3,7,Skilled Nursing Facility,2025-05-23,54,Medium,1
P-8966,78,Female,Cardiology,Emergency,Hip Fracture,1,0,2,6,10,Rehab,2025-09-09,73,High,1
P-8967,55,Female,Emergency,Emergency,Stroke,2,1,3,2,9,Home,2025-02-01,50,Medium,0
P-8968,55,Female,Pediatrics,Urgent,COPD,1,1,5,1,6,Home,2025-06-19,37,Medium,0
P-8969,80,Male,Emergency,Emergency,Diabetes with Complications,0,1,7,1,3,Home Health Care,2025-11-06,46,Medium,0
P-8970,87,Male,Orthopedics,Emergency,Pneumonia,1,1,11,2,6,Home,2025-07-27,78,High,1
P-8971,72,Male,ICU,Elective,Pneumonia,5,2,15,1,7,Home Health Care,2025-10-17,94,High,1
P-8972,51,Female,Emergency,Emergency,Acute Kidney Injury,1,0,7,0,5,Skilled Nursing Facility,2025-06-03,27,Low,0
P-8973,53,Male,Emergency,Emergency,Stroke,0,2,2,1,1,Home,2025-11-11,21,Low,1
P-8974,63,Female,ICU,Emergency,COPD,1,1,4,2,8,Skilled Nursing Facility,2025-01-09,48,Medium,1
P-8975,67,Female,Cardiology,Urgent,Heart Failure,0,0,2,0,10,Home,2025-10-14,22,Low,1
P-8976,46,Female,Cardiology,Emergency,Pneumonia,1,0,10,0,13,Skilled Nursing Facility,2025-06-02,41,Medium,1
P-8977,73,Male,Orthopedics,Elective,Pneumonia,0,0,4,2,4,Home,2025-06-10,35,Medium,0
P-8978,63,Male,ICU,Emergency,Heart Failure,0,2,9,3,3,Home,2025-11-10,61,High,1
P-8979,34,Male,Cardiology,Urgent,Hip Fracture,0,0,17,1,6,Skilled Nursing Facility,2025-11-25,44,Medium,0
P-8980,47,Male,ICU,Emergency,COPD,2,0,2,2,8,Home,2025-09-22,35,Medium,0
P-8981,53,Male,General Medicine,Elective,Acute Kidney Injury,0,1,1,1,5,Home Health Care,2025-02-05,19,Low,0
P-8982,60,Male,General Medicine,Transfer,Pneumonia,0,0,2,1,5,Skilled Nursing Facility,2025-04-20,19,Low,0
P-8983,92,Female,General Medicine,Emergency,COPD,0,2,5,2,13,Home Health Care,2025-11-12,71,High,0
P-8984,65,Male,Emergency,Emergency,Heart Failure,5,2,8,0,1,Home,2025-05-06,77,High,1
P-8985,48,Male,Cardiology,Emergency,COPD,2,1,7,3,4,Home Health Care,2025-09-04,58,Medium,0
P-8986,65,Male,General Medicine,Emergency,Diabetes with Complications,3,2,8,3,2,Home,2025-07-09,80,High,1
P-8987,56,Male,Orthopedics,Urgent,Hypertension,1,2,12,3,5,Home,2025-05-19,75,High,1
P-8988,67,Male,Cardiology,Emergency,Sepsis,0,2,2,1,1,Home Health Care,2025-03-14,28,Low,0
P-8989,71,Male,Emergency,Urgent,Diabetes with Complications,1,0,1,4,14,Skilled Nursing Facility,2025-04-10,59,Medium,0
P-8990,81,Female,Cardiology,Elective,Gastrointestinal Bleed,2,1,2,2,4,Home Health Care,2025-10-03,57,Medium,1
P-8991,61,Male,Cardiology,Emergency,Diabetes with Complications,0,0,9,1,8,Home,2025-07-06,40,Medium,0
P-8992,88,Female,General Medicine,Emergency,COPD,3,0,6,4,13,Skilled Nursing Facility,2025-11-15,88,High,0
P-8993,76,Male,Emergency,Emergency,COPD,3,0,1,3,8,Rehab,2025-10-28,65,High,0
P-8994,50,Female,Cardiology,Emergency,Heart Failure,1,0,1,1,6,Home,2025-03-27,20,Low,0
P-8995,95,Female,Emergency,Emergency,Stroke,0,0,12,3,7,Home,2025-12-22,79,High,0
P-8996,67,Female,Pediatrics,Emergency,Heart Failure,1,1,4,1,4,Home,2025-09-19,39,Medium,0
P-8997,48,Female,Orthopedics,Urgent,Hip Fracture,1,2,5,1,5,Home,2025-11-16,37,Medium,0
P-8998,88,Male,Orthopedics,Emergency,Pneumonia,2,1,1,5,13,Home,2025-05-09,83,High,1
P-8999,95,Male,Emergency,Emergency,Hip Fracture,1,0,4,4,8,Home,2025-05-23,74,High,0
P-9000,61,Male,General Medicine,Emergency,Hip Fracture,1,0,9,1,4,Home Health Care,2025-04-07,43,Medium,0
P-9001,53,Male,Emergency,Elective,Hypertension,1,2,11,4,13,Home,2025-05-30,83,High,1
P-9002,59,Male,ICU,Elective,Hypertension,2,0,3,4,5,Rehab,2025-02-25,55,Medium,1
P-9003,73,Female,Emergency,Emergency,Acute Kidney Injury,1,0,4,3,10,Home,2025-03-30,57,Medium,1
P-9004,82,Male,General Medicine,Urgent,Pneumonia,2,2,6,0,8,Home,2025-10-20,66,High,1
P-9005,71,Male,Cardiology,Urgent,Gastrointestinal Bleed,2,2,3,1,5,Home,2025-01-22,54,Medium,0
P-9006,63,Male,Orthopedics,Elective,Heart Failure,3,0,2,3,4,Rehab,2025-11-22,55,Medium,1
P-9007,85,Female,Cardiology,Urgent,Heart Failure,0,0,1,4,8,Home,2025-02-17,52,Medium,1
P-9008,56,Female,Emergency,Elective,Diabetes with Complications,0,2,1,2,12,Home,2025-12-27,37,Medium,1
P-9009,78,Female,Cardiology,Urgent,Hypertension,1,0,19,2,5,Home Health Care,2025-12-08,84,High,1
P-9010,57,Male,Emergency,Emergency,Sepsis,4,1,10,3,9,Home,2025-07-01,87,High,1
P-9011,68,Male,ICU,Emergency,Diabetes with Complications,0,0,2,4,3,Home Health Care,2025-07-16,38,Medium,1
P-9012,60,Female,Cardiology,Transfer,COPD,3,0,8,1,8,Home,2025-12-10,62,High,1
P-9013,61,Male,Emergency,Emergency,Sepsis,1,1,7,5,8,Home Health Care,2025-10-23,74,High,1
P-9014,55,Female,Emergency,Emergency,Diabetes with Complications,2,0,16,1,5,Home,2025-09-05,70,High,1
P-9015,83,Male,Emergency,Emergency,COPD,0,0,1,4,4,Home,2025-08-31,45,Medium,1
P-9016,50,Male,Cardiology,Emergency,Stroke,7,1,4,4,8,Home,2025-09-11,90,High,0
P-9017,50,Female,Emergency,Emergency,Heart Failure,0,1,6,0,9,Home,2025-12-13,26,Low,0
P-9018,95,Female,Emergency,Elective,Gastrointestinal Bleed,1,0,8,2,7,Skilled Nursing Facility,2025-07-28,71,High,1
P-9019,77,Female,Emergency,Transfer,Hypertension,2,0,8,2,8,Home Health Care,2025-12-30,70,High,0
P-9020,23,Male,Orthopedics,Emergency,Hypertension,0,0,2,3,13,Home Health Care,2025-02-24,20,Low,0
P-9021,52,Female,Emergency,Elective,Stroke,2,0,6,0,10,Home,2025-02-12,38,Medium,1
P-9022,33,Male,Emergency,Emergency,Gastrointestinal Bleed,1,1,8,5,2,Home Health Care,2025-02-21,55,Medium,0
P-9023,46,Male,Neurology,Emergency,Stroke,2,0,4,1,6,Home,2025-09-15,31,Medium,0
P-9024,18,Male,Orthopedics,Elective,Heart Failure,1,0,4,3,4,Home,2025-12-30,20,Low,0
P-9025,59,Female,Pediatrics,Urgent,Stroke,2,3,3,5,5,Home,2025-03-01,77,High,1
P-9026,43,Female,General Medicine,Emergency,Gastrointestinal Bleed,2,2,2,1,5,Home Health Care,2025-11-02,34,Medium,0
P-9027,62,Male,Emergency,Emergency,Hip Fracture,2,1,9,3,11,Home,2025-11-17,78,High,1
P-9028,35,Female,Cardiology,Emergency,COPD,1,0,4,3,1,Home,2025-04-14,25,Low,0
P-9029,63,Male,General Medicine,Urgent,Acute Kidney Injury,1,1,1,1,4,Skilled Nursing Facility,2025-07-05,28,Low,0
P-9030,55,Male,Pediatrics,Emergency,Pneumonia,2,0,12,1,5,Home,2025-03-07,59,Medium,1
P-9031,86,Female,General Medicine,Emergency,Hypertension,0,4,9,0,2,Home Health Care,2025-10-24,65,High,0
P-9032,84,Female,Orthopedics,Urgent,Hypertension,3,2,3,6,2,Against Medical Advice,2025-02-28,89,High,1
P-9033,74,Female,Emergency,Elective,Diabetes with Complications,2,0,7,1,4,Home,2025-04-17,54,Medium,1
P-9034,56,Female,Emergency,Urgent,Pneumonia,3,0,1,3,8,Home Health Care,2025-08-19,53,Medium,0
P-9035,93,Male,Neurology,Urgent,Stroke,1,2,17,3,5,Home,2025-05-15,93,High,1
P-9036,37,Female,General Medicine,Emergency,Hip Fracture,2,1,1,0,9,Home,2025-05-15,22,Low,0
P-9037,39,Female,Pediatrics,Elective,Diabetes with Complications,0,1,10,4,5,Skilled Nursing Facility,2025-12-23,52,Medium,1
P-9038,60,Male,General Medicine,Emergency,Gastrointestinal Bleed,1,0,28,1,7,Rehab,2025-08-23,89,High,1
P-9039,95,Female,Emergency,Transfer,COPD,1,2,2,3,9,Home,2025-10-19,74,High,1
P-9040,58,Female,Emergency,Emergency,Diabetes with Complications,2,1,8,3,8,Home,2025-04-27,71,High,1
P-9041,59,Male,Neurology,Elective,Stroke,1,1,12,5,4,Home,2025-09-13,80,High,1
P-9042,38,Female,General Medicine,Emergency,Diabetes with Complications,2,0,14,3,6,Against Medical Advice,2025-10-18,68,High,1
P-9043,77,Male,Cardiology,Emergency,Stroke,3,1,6,4,8,Skilled Nursing Facility,2025-01-26,85,High,1
P-9044,77,Female,Emergency,Emergency,Hip Fracture,0,0,5,3,7,Home,2025-05-08,50,Medium,0
P-9045,74,Male,Emergency,Elective,Gastrointestinal Bleed,1,0,1,0,9,Home Health Care,2025-08-24,28,Low,1
P-9046,51,Female,ICU,Emergency,Heart Failure,1,0,3,2,4,Home Health Care,2025-07-31,28,Low,0
P-9047,50,Female,General Medicine,Emergency,Diabetes with Complications,1,1,3,3,8,Home,2025-01-27,44,Medium,1
P-9048,41,Male,Cardiology,Emergency,Diabetes with Complications,3,3,1,3,8,Home,2025-05-31,62,High,1
P-9049,63,Male,Emergency,Emergency,Stroke,1,0,2,4,4,Home,2025-02-10,45,Medium,1
P-9050,44,Female,Orthopedics,Emergency,Sepsis,1,1,7,2,8,Skilled Nursing Facility,2025-09-09,45,Medium,0
P-9051,43,Female,Emergency,Emergency,Gastrointestinal Bleed,0,1,2,3,7,Home,2025-11-16,28,Low,0
P-9052,55,Female,Orthopedics,Emergency,Pneumonia,1,1,1,2,6,Skilled Nursing Facility,2025-02-18,32,Medium,0
P-9053,54,Male,Emergency,Emergency,Hip Fracture,0,2,7,1,5,Rehab,2025-03-01,38,Medium,0
P-9054,53,Male,Pediatrics,Elective,Acute Kidney Injury,0,2,8,4,1,Home,2025-11-19,56,Medium,1
P-9055,69,Female,Cardiology,Elective,Acute Kidney Injury,3,0,1,3,3,Home Health Care,2025-07-15,55,Medium,0
P-9056,63,Female,ICU,Transfer,Hypertension,2,1,9,3,4,Home,2025-07-28,72,High,1
P-9057,57,Male,Orthopedics,Emergency,Acute Kidney Injury,1,2,8,1,9,Rehab,2025-10-25,57,Medium,0
P-9058,64,Female,General Medicine,Urgent,Hip Fracture,0,2,5,4,1,Home Health Care,2025-08-12,54,Medium,0
P-9059,46,Male,Cardiology,Emergency,Stroke,2,1,1,1,4,Home Health Care,2025-02-21,27,Low,0
P-9060,63,Male,Pediatrics,Emergency,Stroke,1,2,13,2,6,Rehab,2025-05-28,76,High,1
P-9061,64,Female,Emergency,Emergency,COPD,2,1,1,4,7,Home,2025-10-21,61,High,0
P-9062,37,Male,Pediatrics,Emergency,Sepsis,2,1,6,5,1,Home,2025-04-19,59,Medium,0
P-9063,77,Male,Emergency,Emergency,Heart Failure,1,1,7,2,15,Skilled Nursing Facility,2025-04-11,73,High,1
P-9064,47,Female,Emergency,Elective,Sepsis,1,0,14,3,12,Home,2025-12-30,72,High,1
P-9065,63,Female,Emergency,Emergency,Acute Kidney Injury,0,2,14,1,5,Rehab,2025-01-09,64,High,1
P-9066,80,Female,Emergency,Elective,Heart Failure,1,0,2,2,6,Home Health Care,2025-02-08,44,Medium,1
P-9067,76,Female,Emergency,Elective,Heart Failure,2,0,2,5,7,Home,2025-12-20,71,High,0
P-9068,62,Female,Emergency,Emergency,Pneumonia,1,1,3,3,1,Home,2025-10-14,43,Medium,0
P-9069,56,Male,ICU,Emergency,COPD,0,3,13,3,7,Home,2025-03-30,77,High,0
P-9070,77,Male,Cardiology,Emergency,Heart Failure,2,2,6,2,7,Home,2025-06-22,74,High,1
P-9071,72,Female,Cardiology,Emergency,Hypertension,1,0,11,0,7,Home,2025-07-11,53,Medium,0
P-9072,52,Male,Orthopedics,Emergency,Stroke,2,1,2,2,8,Skilled Nursing Facility,2025-02-26,44,Medium,1
P-9073,49,Female,General Medicine,Emergency,Diabetes with Complications,2,1,1,3,2,Home,2025-01-16,39,Medium,1
P-9074,28,Female,General Medicine,Emergency,COPD,2,1,1,3,1,Home,2025-09-04,26,Low,0
P-9075,64,Male,Pediatrics,Emergency,Gastrointestinal Bleed,1,0,1,1,7,Home,2025-06-25,27,Low,0
P-9076,60,Female,General Medicine,Emergency,Hip Fracture,3,0,9,2,10,Home,2025-10-07,73,High,0
P-9077,80,Female,Pediatrics,Transfer,Diabetes with Complications,0,2,10,3,3,Against Medical Advice,2025-05-11,73,High,1
P-9078,67,Male,Emergency,Transfer,Gastrointestinal Bleed,3,0,12,1,7,Home,2025-08-29,75,High,1
P-9079,83,Male,Cardiology,Emergency,Heart Failure,0,0,3,2,8,Home,2025-04-25,42,Medium,0
P-9080,50,Female,Emergency,Emergency,Sepsis,1,1,3,5,6,Home Health Care,2025-11-16,55,Medium,0
P-9081,80,Male,Emergency,Emergency,Pneumonia,1,0,1,0,8,Home,2025-08-08,30,Low,1
P-9082,53,Male,Orthopedics,Emergency,Heart Failure,5,1,3,5,3,Home,2025-12-04,82,High,1
P-9083,74,Male,General Medicine,Emergency,Hip Fracture,1,0,1,4,3,Against Medical Advice,2025-11-15,47,Medium,0
P-9084,38,Male,Cardiology,Emergency,Sepsis,0,1,5,2,6,Home Health Care,2025-09-24,26,Low,0
P-9085,65,Female,General Medicine,Emergency,COPD,2,1,1,2,16,Home,2025-09-09,59,Medium,0
P-9086,30,Female,Emergency,Urgent,Pneumonia,3,0,3,1,7,Skilled Nursing Facility,2025-12-05,29,Low,0
P-9087,57,Female,Cardiology,Urgent,Hypertension,1,2,19,1,10,Home,2025-08-26,84,High,1
P-9088,69,Female,General Medicine,Transfer,Diabetes with Complications,0,2,24,1,3,Home,2025-01-28,86,High,1
P-9089,53,Female,Neurology,Emergency,Acute Kidney Injury,1,1,7,2,3,Skilled Nursing Facility,2025-07-18,44,Medium,1
P-9090,45,Male,Orthopedics,Urgent,Hip Fracture,1,1,2,2,3,Against Medical Advice,2025-01-02,26,Low,1
P-9091,75,Male,General Medicine,Emergency,Hip Fracture,4,1,1,3,4,Home,2025-02-13,73,High,1
P-9092,60,Female,Emergency,Elective,Pneumonia,1,1,1,0,1,Home,2025-07-11,19,Low,0
P-9093,54,Male,ICU,Urgent,Gastrointestinal Bleed,0,1,3,2,8,Home,2025-03-11,31,Medium,0
P-9094,62,Female,Emergency,Urgent,Hypertension,0,0,3,3,8,Rehab,2025-08-03,37,Medium,1
P-9095,95,Male,General Medicine,Elective,Acute Kidney Injury,2,0,1,2,5,Home Health Care,2025-02-21,58,Medium,1
P-9096,80,Female,Emergency,Emergency,Stroke,2,0,10,1,6,Home Health Care,2025-01-15,69,High,0
P-9097,80,Female,Cardiology,Emergency,Gastrointestinal Bleed,1,1,5,1,10,Home,2025-07-07,57,Medium,1
P-9098,68,Male,Neurology,Elective,Stroke,2,0,3,1,7,Home Health Care,2025-02-18,42,Medium,1
P-9099,64,Male,Orthopedics,Urgent,Hypertension,0,2,9,2,2,Skilled Nursing Facility,2025-07-21,53,Medium,1
P-9100,23,Male,General Medicine,Elective,Pneumonia,0,0,3,1,4,Home,2025-01-05,9,Low,0
P-9101,51,Female,Cardiology,Emergency,Diabetes with Complications,1,1,9,3,7,Home,2025-12-15,61,High,0
P-9102,54,Male,Cardiology,Emergency,Stroke,3,0,4,4,7,Home,2025-04-16,66,High,1
P-9103,32,Female,Cardiology,Emergency,Hypertension,1,1,5,5,10,Home,2025-04-22,55,Medium,0
P-9104,43,Male,General Medicine,Urgent,Hip Fracture,0,1,1,3,3,Home,2025-10-20,22,Low,1
P-9105,30,Male,Cardiology,Emergency,COPD,7,0,2,1,6,Home,2025-10-26,58,Medium,0
P-9106,61,Male,Orthopedics,Elective,Heart Failure,0,0,5,2,6,Home,2025-11-16,33,Medium,0
P-9107,75,Female,Pediatrics,Urgent,Sepsis,0,0,3,2,1,Skilled Nursing Facility,2025-05-31,30,Low,1
P-9108,79,Male,Emergency,Emergency,Gastrointestinal Bleed,2,2,1,2,10,Home,2025-07-09,66,High,1
P-9109,68,Female,Emergency,Urgent,COPD,3,1,1,1,18,Rehab,2025-12-24,65,High,0
P-9110,46,Female,General Medicine,Urgent,Pneumonia,1,0,6,2,1,Home Health Care,2025-12-08,30,Low,1
P-9111,31,Male,Neurology,Emergency,Sepsis,1,3,6,4,7,Home,2025-07-29,59,Medium,0
P-9112,33,Male,Orthopedics,Emergency,Sepsis,2,1,6,3,1,Home,2025-11-02,42,Medium,0
P-9113,41,Female,ICU,Elective,COPD,0,2,6,3,11,Home Health Care,2025-04-09,48,Medium,1
P-9114,47,Male,Cardiology,Emergency,Stroke,0,0,15,6,1,Home,2025-01-01,73,High,0
P-9115,59,Male,General Medicine,Emergency,Diabetes with Complications,2,1,16,0,5,Rehab,2025-02-07,71,High,1
P-9116,45,Female,General Medicine,Elective,Heart Failure,1,2,3,2,8,Home,2025-12-05,40,Medium,0
P-9117,67,Male,Cardiology,Emergency,Sepsis,0,1,7,3,10,Home,2025-01-08,60,Medium,0
P-9118,58,Male,Emergency,Emergency,Pneumonia,1,1,7,3,5,Home,2025-09-19,57,Medium,1
P-9119,62,Female,General Medicine,Emergency,Pneumonia,2,1,1,1,4,Home Health Care,2025-09-15,35,Medium,0
P-9120,80,Male,Cardiology,Emergency,Heart Failure,0,0,7,5,4,Skilled Nursing Facility,2025-02-12,68,High,1
P-9121,43,Female,Orthopedics,Emergency,Diabetes with Complications,2,2,9,2,3,Home,2025-03-26,59,Medium,1
P-9122,68,Male,ICU,Elective,Pneumonia,1,1,1,1,8,Home,2025-11-24,35,Medium,0
P-9123,61,Female,General Medicine,Emergency,Heart Failure,0,0,4,2,4,Home,2025-06-30,28,Low,0
P-9124,56,Female,General Medicine,Elective,Hip Fracture,3,1,2,3,3,Home,2025-05-27,56,Medium,1
P-9125,76,Male,Emergency,Emergency,Sepsis,1,2,13,2,2,Home,2025-11-29,78,High,1
P-9126,76,Female,General Medicine,Urgent,Gastrointestinal Bleed,1,1,1,1,5,Home,2025-02-15,37,Medium,0
P-9127,46,Female,General Medicine,Emergency,Heart Failure,0,0,5,2,6,Home,2025-05-06,25,Low,0
P-9128,59,Male,Neurology,Emergency,COPD,1,0,5,4,1,Home,2025-11-18,47,Medium,0
P-9129,66,Female,Emergency,Elective,COPD,1,1,1,4,4,Home Health Care,2025-03-23,50,Medium,1
P-9130,57,Male,General Medicine,Elective,Acute Kidney Injury,0,1,7,2,1,Home,2025-10-10,36,Medium,1
P-9131,71,Female,General Medicine,Emergency,Diabetes with Complications,3,0,2,2,7,Home Health Care,2025-04-04,57,Medium,1
P-9132,66,Female,Emergency,Emergency,Heart Failure,4,1,6,4,9,Home,2025-12-27,87,High,1
P-9133,91,Male,Orthopedics,Emergency,Gastrointestinal Bleed,1,0,2,4,9,Home Health Care,2025-08-06,68,High,1
P-9134,37,Male,ICU,Emergency,Acute Kidney Injury,2,2,3,3,5,Home,2025-01-11,47,Medium,1
P-9135,60,Male,Cardiology,Emergency,Hip Fracture,1,0,2,4,5,Rehab,2025-04-14,44,Medium,0
P-9136,47,Female,Emergency,Emergency,Pneumonia,2,1,5,1,2,Rehab,2025-12-17,36,Medium,1
P-9137,71,Male,Cardiology,Urgent,COPD,2,1,5,0,5,Home Health Care,2025-05-10,47,Medium,1
P-9138,36,Female,Neurology,Elective,COPD,0,1,4,3,11,Skilled Nursing Facility,2025-09-26,34,Medium,0
P-9139,67,Male,General Medicine,Emergency,Sepsis,4,2,1,2,5,Rehab,2025-10-04,69,High,1
P-9140,51,Female,Emergency,Urgent,COPD,1,1,5,2,7,Home,2025-11-26,42,Medium,1
P-9141,50,Female,Orthopedics,Emergency,Acute Kidney Injury,0,1,2,1,10,Against Medical Advice,2025-10-03,24,Low,0
P-9142,38,Female,Emergency,Emergency,Acute Kidney Injury,1,2,3,0,12,Home,2025-11-16,28,Low,0
P-9143,54,Female,General Medicine,Elective,Hip Fracture,0,1,19,1,7,Home,2025-03-07,69,High,1
P-9144,79,Male,ICU,Emergency,Gastrointestinal Bleed,0,1,9,3,5,Rehab,2025-07-13,67,High,1
P-9145,61,Male,Emergency,Emergency,Hip Fracture,3,0,2,4,9,Home,2025-02-19,66,High,1
P-9146,72,Other,Cardiology,Emergency,Acute Kidney Injury,0,3,2,1,9,Home,2025-11-20,46,Medium,0
P-9147,88,Male,General Medicine,Emergency,Sepsis,2,1,4,3,2,Rehab,2025-11-06,70,High,0
P-9148,66,Female,Emergency,Emergency,COPD,2,0,1,3,5,Home,2025-09-12,47,Medium,0
P-9149,53,Female,Emergency,Elective,Diabetes with Complications,1,0,3,6,3,Home,2025-05-01,54,Medium,1
P-9150,69,Female,Emergency,Emergency,Acute Kidney Injury,3,2,3,2,2,Home Health Care,2025-12-28,64,High,0
P-9151,53,Male,Cardiology,Emergency,Heart Failure,2,0,24,2,14,Home Health Care,2025-09-21,92,High,1
P-9152,53,Male,Neurology,Emergency,Heart Failure,2,0,1,1,1,Skilled Nursing Facility,2025-07-22,23,Low,1
P-9153,37,Female,ICU,Urgent,Heart Failure,4,1,10,3,4,Skilled Nursing Facility,2025-01-16,75,High,1
P-9154,76,Male,Orthopedics,Emergency,COPD,3,1,13,1,7,Home,2025-12-27,84,High,0
P-9155,55,Female,Emergency,Emergency,Acute Kidney Injury,0,5,5,5,8,Home,2025-03-12,79,High,0
P-9156,64,Female,General Medicine,Elective,COPD,1,2,4,3,7,Home Health Care,2025-02-16,60,Medium,0
P-9157,45,Male,Emergency,Emergency,Sepsis,1,2,1,3,6,Home Health Care,2025-06-19,39,Medium,1
P-9158,68,Male,Pediatrics,Emergency,Diabetes with Complications,2,0,6,1,1,Home,2025-06-04,44,Medium,0
P-9159,49,Female,Cardiology,Elective,Acute Kidney Injury,3,2,7,5,3,Home,2025-02-16,81,High,1
P-9160,59,Female,General Medicine,Emergency,Sepsis,0,4,6,1,7,Home,2025-10-10,53,Medium,0
P-9161,76,Female,Pediatrics,Emergency,Acute Kidney Injury,2,1,1,0,9,Skilled Nursing Facility,2025-04-30,43,Medium,0
P-9162,74,Female,Orthopedics,Emergency,Sepsis,0,0,7,5,7,Skilled Nursing Facility,2025-11-18,68,High,1
P-9163,61,Female,Emergency,Emergency,Hip Fracture,2,0,2,1,8,Home,2025-02-04,36,Medium,1
P-9164,33,Female,Pediatrics,Transfer,Diabetes with Complications,1,0,2,0,13,Home,2025-09-28,16,Low,0
P-9165,95,Male,General Medicine,Emergency,Stroke,1,0,3,1,4,Home,2025-03-25,47,Medium,1
P-9166,89,Female,Cardiology,Emergency,Sepsis,1,0,5,2,7,Against Medical Advice,2025-07-20,60,Medium,1
P-9167,73,Male,Emergency,Urgent,Hypertension,0,1,4,4,8,Rehab,2025-01-28,59,Medium,1
P-9168,49,Female,Emergency,Emergency,Hip Fracture,2,1,6,4,8,Home Health Care,2025-04-27,67,High,1
P-9169,60,Female,Emergency,Emergency,Gastrointestinal Bleed,2,0,5,2,6,Home,2025-08-08,49,Medium,0
P-9170,53,Male,General Medicine,Emergency,Hip Fracture,1,1,6,3,9,Home,2025-05-14,56,Medium,0
P-9171,82,Male,General Medicine,Elective,Acute Kidney Injury,0,3,2,4,8,Home,2025-02-23,70,High,1
P-9172,66,Female,ICU,Elective,COPD,1,1,6,2,7,Rehab,2025-08-17,54,Medium,0
P-9173,49,Male,Orthopedics,Emergency,Pneumonia,1,0,8,0,2,Home,2025-03-27,26,Low,0
P-9174,54,Female,Cardiology,Urgent,Hypertension,2,0,1,2,7,Home Health Care,2025-08-08,35,Medium,0
P-9175,79,Male,Pediatrics,Emergency,Gastrointestinal Bleed,0,1,13,3,10,Home,2025-02-15,81,High,1
P-9176,87,Female,Pediatrics,Emergency,Stroke,0,0,1,7,9,Home,2025-02-17,73,High,0
P-9177,86,Male,Neurology,Emergency,Heart Failure,3,0,7,1,1,Home Health Care,2025-04-03,66,High,1
P-9178,74,Female,Orthopedics,Elective,Pneumonia,2,2,5,0,8,Home Health Care,2025-02-09,59,Medium,1
P-9179,57,Male,Cardiology,Elective,Pneumonia,1,2,2,4,9,Home Health Care,2025-04-11,60,Medium,0
P-9180,18,Male,Emergency,Elective,Sepsis,1,1,3,1,5,Skilled Nursing Facility,2025-11-24,15,Low,0
P-9181,66,Male,Cardiology,Elective,Diabetes with Complications,2,0,12,3,10,Home,2025-08-16,81,High,0
P-9182,61,Male,Cardiology,Emergency,COPD,2,0,9,0,2,Home,2025-03-28,43,Medium,0
P-9183,64,Male,General Medicine,Emergency,Diabetes with Complications,2,0,3,2,7,Skilled Nursing Facility,2025-07-08,47,Medium,1
P-9184,62,Female,ICU,Emergency,Acute Kidney Injury,3,1,3,4,4,Home,2025-12-30,70,High,1
P-9185,40,Male,Pediatrics,Emergency,COPD,0,0,2,4,6,Home,2025-08-12,26,Low,1
P-9186,70,Female,Neurology,Emergency,COPD,5,2,3,0,5,Rehab,2025-05-31,71,High,1
P-9187,72,Male,Emergency,Urgent,COPD,1,0,5,1,7,Skilled Nursing Facility,2025-07-20,42,Medium,1
P-9188,72,Female,Emergency,Elective,COPD,1,3,3,4,8,Skilled Nursing Facility,2025-05-20,75,High,0
P-9189,77,Male,Emergency,Emergency,Acute Kidney Injury,2,0,6,3,8,Home,2025-11-18,71,High,0
P-9190,71,Female,Orthopedics,Elective,Diabetes with Complications,1,1,8,3,2,Skilled Nursing Facility,2025-04-06,64,High,0
P-9191,55,Female,General Medicine,Elective,Sepsis,1,1,2,3,6,Skilled Nursing Facility,2025-12-14,41,Medium,1
P-9192,60,Male,Cardiology,Emergency,Heart Failure,0,2,5,3,5,Home Health Care,2025-06-16,50,Medium,1
P-9193,63,Male,Emergency,Emergency,Hypertension,2,1,4,1,7,Home,2025-08-15,48,Medium,1
P-9194,63,Male,Emergency,Emergency,Diabetes with Complications,1,0,1,2,4,Home,2025-03-06,29,Low,0
P-9195,77,Male,Pediatrics,Emergency,Pneumonia,2,3,2,1,4,Home Health Care,2025-02-12,60,Medium,0
P-9196,72,Male,Cardiology,Emergency,Diabetes with Complications,3,1,1,4,3,Skilled Nursing Facility,2025-01-08,69,High,0
P-9197,95,Male,ICU,Urgent,Pneumonia,2,0,8,1,1,Home,2025-02-09,66,High,1
P-9198,95,Female,Orthopedics,Emergency,Hip Fracture,1,0,6,3,6,Home,2025-02-09,71,High,1
P-9199,63,Male,Orthopedics,Urgent,Pneumonia,2,3,8,3,4,Home Health Care,2025-03-12,79,High,1
P-9200,18,Male,Orthopedics,Emergency,Hypertension,0,0,5,1,10,Home Health Care,2025-07-26,13,Low,0
P-9201,81,Male,Emergency,Emergency,Heart Failure,1,2,4,1,5,Home,2025-07-07,55,Medium,0
P-9202,53,Female,General Medicine,Urgent,Hip Fracture,0,1,3,1,2,Home,2025-07-27,20,Low,0
P-9203,49,Male,General Medicine,Emergency,Hip Fracture,3,0,2,2,1,Home Health Care,2025-01-02,36,Medium,0
P-9204,55,Female,ICU,Urgent,Stroke,0,2,10,3,10,Home,2025-12-12,67,High,0
P-9205,54,Female,General Medicine,Emergency,COPD,1,0,3,0,8,Home,2025-04-19,22,Low,0
P-9206,71,Female,ICU,Urgent,Acute Kidney Injury,0,0,2,1,8,Home,2025-12-05,27,Low,1
P-9207,37,Male,Emergency,Emergency,Hypertension,3,0,7,7,9,Home,2025-07-04,82,High,0
P-9208,44,Female,Neurology,Emergency,Sepsis,2,0,2,3,9,Home Health Care,2025-06-24,41,Medium,0
P-9209,67,Male,Emergency,Elective,Sepsis,2,0,2,2,6,Home Health Care,2025-08-01,44,Medium,0
P-9210,71,Female,Neurology,Elective,Stroke,1,0,8,0,1,Home Health Care,2025-03-16,36,Medium,0
P-9211,72,Female,Cardiology,Emergency,COPD,2,1,3,2,1,Skilled Nursing Facility,2025-06-24,50,Medium,1
P-9212,49,Female,Emergency,Transfer,Hip Fracture,0,0,2,1,5,Home,2025-04-27,15,Low,1
P-9213,46,Female,General Medicine,Elective,Diabetes with Complications,4,2,6,1,9,Home,2025-10-02,69,High,1
P-9214,53,Female,General Medicine,Emergency,Gastrointestinal Bleed,1,0,8,1,1,Home,2025-05-14,32,Medium,0
P-9215,65,Male,Emergency,Emergency,Sepsis,0,0,3,4,4,Home Health Care,2025-03-13,40,Medium,0
P-9216,85,Male,Orthopedics,Emergency,Heart Failure,1,1,2,2,6,Home,2025-06-23,53,Medium,0
P-9217,29,Female,ICU,Emergency,Heart Failure,3,0,1,0,4,Home,2025-09-20,17,Low,1
P-9218,58,Female,Neurology,Emergency,Hip Fracture,1,0,10,2,6,Home,2025-10-15,54,Medium,0
P-9219,40,Female,Cardiology,Elective,Hypertension,2,1,3,1,7,Skilled Nursing Facility,2025-05-18,32,Medium,0
P-9220,35,Female,Orthopedics,Elective,Hypertension,1,1,10,4,3,Home Health Care,2025-05-03,56,Medium,1
P-9221,77,Male,Emergency,Emergency,Stroke,0,0,6,1,10,Home,2025-11-25,43,Medium,1
P-9222,70,Female,Orthopedics,Emergency,Pneumonia,0,0,4,3,6,Rehab,2025-04-09,42,Medium,0
P-9223,69,Female,General Medicine,Transfer,Hip Fracture,2,3,6,4,5,Skilled Nursing Facility,2025-12-04,83,High,1
P-9224,76,Male,Cardiology,Emergency,Hip Fracture,0,0,2,5,6,Home,2025-02-07,53,Medium,0
P-9225,54,Male,Neurology,Emergency,Stroke,1,1,1,4,5,Home,2025-05-15,44,Medium,1
P-9226,55,Female,Cardiology,Elective,Acute Kidney Injury,1,1,1,1,9,Home,2025-11-06,29,Low,1
P-9227,95,Female,Cardiology,Elective,Hip Fracture,0,1,12,2,5,Skilled Nursing Facility,2025-04-16,76,High,1
P-9228,58,Female,Orthopedics,Transfer,Acute Kidney Injury,1,1,7,2,6,Home,2025-11-16,51,Medium,0
P-9229,73,Male,Cardiology,Transfer,Heart Failure,3,1,13,1,10,Home,2025-05-05,85,High,1
P-9230,62,Male,Cardiology,Urgent,Hip Fracture,1,3,7,3,6,Home Health Care,2025-04-30,72,High,0
P-9231,32,Female,Emergency,Emergency,Stroke,0,0,3,1,9,Rehab,2025-07-18,14,Low,1
P-9232,29,Female,Orthopedics,Emergency,Stroke,1,2,13,2,11,Skilled Nursing Facility,2025-09-11,63,High,1
P-9233,52,Male,Cardiology,Elective,Diabetes with Complications,3,0,4,4,10,Home,2025-12-15,68,High,1
P-9234,78,Female,Emergency,Emergency,Pneumonia,2,0,13,3,9,Home Health Care,2025-10-02,86,High,1
P-9235,74,Female,General Medicine,Emergency,Pneumonia,0,3,2,5,4,Skilled Nursing Facility,2025-03-08,68,High,0
P-9236,76,Female,Orthopedics,Emergency,Hypertension,2,1,3,3,8,Home Health Care,2025-06-21,68,High,1
P-9237,46,Female,Neurology,Emergency,Sepsis,3,4,3,3,1,Skilled Nursing Facility,2025-06-10,68,High,1
P-9238,87,Male,General Medicine,Emergency,Sepsis,0,1,1,2,1,Skilled Nursing Facility,2025-12-29,37,Medium,0
P-9239,46,Female,General Medicine,Emergency,Pneumonia,3,2,6,5,8,Skilled Nursing Facility,2025-04-10,82,High,1
P-9240,65,Male,Emergency,Emergency,Acute Kidney Injury,1,2,11,0,1,Home,2025-05-07,54,Medium,0
P-9241,61,Female,Cardiology,Urgent,Gastrointestinal Bleed,1,0,12,1,2,Home,2025-08-21,50,Medium,1
P-9242,59,Male,General Medicine,Elective,Stroke,2,2,8,2,8,Home,2025-10-14,71,High,1
P-9243,83,Female,Pediatrics,Urgent,Gastrointestinal Bleed,2,1,2,3,1,Home Health Care,2025-12-28,61,High,0
P-9244,50,Female,General Medicine,Emergency,Diabetes with Complications,0,2,3,3,4,Home,2025-04-01,37,Medium,1
P-9245,40,Female,ICU,Emergency,Hypertension,1,2,2,1,4,Home,2025-09-05,24,Low,0
P-9246,62,Female,Emergency,Emergency,Hypertension,1,2,3,3,8,Home,2025-08-29,57,Medium,1
P-9247,55,Male,General Medicine,Elective,Heart Failure,2,1,3,0,5,Rehab,2025-11-30,32,Medium,0
P-9248,95,Female,General Medicine,Urgent,Diabetes with Complications,1,2,10,2,7,Home,2025-07-29,84,High,1
P-9249,72,Male,General Medicine,Emergency,Sepsis,1,0,1,2,10,Home,2025-06-21,41,Medium,0
P-9250,55,Male,General Medicine,Urgent,Hypertension,0,0,7,4,9,Home,2025-01-21,52,Medium,0
P-9251,45,Other,Cardiology,Emergency,Stroke,3,0,4,4,2,Home,2025-02-16,54,Medium,0
P-9252,31,Female,Neurology,Emergency,Hip Fracture,0,0,6,2,4,Rehab,2025-07-22,19,Low,0
P-9253,45,Female,General Medicine,Elective,Sepsis,2,4,11,3,10,Rehab,2025-04-21,86,High,1
P-9254,63,Female,Cardiology,Emergency,Sepsis,3,2,13,1,10,Home,2025-09-22,85,High,1
P-9255,84,Female,Emergency,Emergency,Pneumonia,1,0,1,3,5,Home Health Care,2025-09-01,49,Medium,1
P-9256,79,Female,Neurology,Emergency,Gastrointestinal Bleed,1,0,9,1,7,Home Health Care,2025-12-14,58,Medium,1
P-9257,65,Female,Orthopedics,Elective,Diabetes with Complications,2,0,1,3,5,Home,2025-09-15,46,Medium,1
P-9258,56,Other,Emergency,Elective,Acute Kidney Injury,1,0,1,4,7,Home,2025-03-04,41,Medium,1
P-9259,66,Male,ICU,Emergency,Pneumonia,0,0,11,1,8,Home Health Care,2025-04-08,49,Medium,0
P-9260,53,Female,ICU,Urgent,Heart Failure,5,1,13,1,6,Skilled Nursing Facility,2025-01-29,85,High,1
P-9261,89,Female,Cardiology,Emergency,Diabetes with Complications,2,0,3,2,6,Home Health Care,2025-05-18,61,High,0
P-9262,58,Male,General Medicine,Emergency,Sepsis,3,0,1,3,4,Home,2025-06-08,49,Medium,0
P-9263,60,Male,General Medicine,Emergency,Hypertension,0,1,8,4,5,Skilled Nursing Facility,2025-06-14,59,Medium,1
P-9264,26,Female,General Medicine,Urgent,Heart Failure,1,0,9,1,8,Home Health Care,2025-11-24,28,Low,0
P-9265,58,Male,General Medicine,Emergency,Diabetes with Complications,1,0,2,1,3,Skilled Nursing Facility,2025-11-08,23,Low,0
P-9266,75,Male,ICU,Elective,Hypertension,2,1,19,2,1,Home,2025-09-13,88,High,1
P-9267,44,Male,Cardiology,Transfer,Acute Kidney Injury,0,1,7,5,7,Home,2025-11-10,56,Medium,0
P-9268,49,Male,Emergency,Elective,Heart Failure,1,0,3,1,9,Home,2025-06-11,26,Low,0
P-9269,74,Female,Cardiology,Emergency,Hypertension,0,0,3,1,11,Rehab,2025-09-17,34,Medium,0
P-9270,38,Male,ICU,Elective,COPD,2,1,2,0,5,Home,2025-01-20,21,Low,0
P-9271,78,Male,General Medicine,Elective,Acute Kidney Injury,2,0,7,1,6,Home,2025-04-06,59,Medium,1
P-9272,53,Female,Orthopedics,Emergency,Acute Kidney Injury,0,1,5,1,4,Home,2025-09-04,26,Low,1
P-9273,55,Male,General Medicine,Emergency,Acute Kidney Injury,0,0,7,3,8,Home,2025-03-19,44,Medium,0
P-9274,44,Female,Orthopedics,Elective,Hypertension,1,1,4,2,6,Home,2025-11-11,34,Medium,0
P-9275,68,Female,General Medicine,Emergency,Gastrointestinal Bleed,3,0,1,4,9,Home,2025-05-09,68,High,0
P-9276,95,Female,General Medicine,Emergency,Gastrointestinal Bleed,1,0,10,2,9,Home,2025-04-28,77,High,0
P-9277,74,Female,Cardiology,Elective,Acute Kidney Injury,0,0,3,2,8,Home,2025-07-18,37,Medium,0
P-9278,48,Male,Pediatrics,Urgent,Sepsis,2,2,6,1,1,Home,2025-11-17,44,Medium,1
P-9279,80,Male,Cardiology,Emergency,Hip Fracture,3,1,2,2,9,Home,2025-01-24,70,High,1
P-9280,56,Male,Cardiology,Emergency,Stroke,1,0,2,2,6,Home Health Care,2025-01-16,30,Low,0
P-9281,83,Male,Cardiology,Elective,Sepsis,0,2,3,4,2,Home,2025-12-08,61,High,1
P-9282,74,Female,Pediatrics,Elective,COPD,0,2,2,2,7,Home,2025-01-23,45,Medium,1
P-9283,18,Male,Pediatrics,Transfer,Pneumonia,3,1,2,4,6,Home Health Care,2025-01-29,43,Medium,1
P-9284,45,Female,General Medicine,Elective,COPD,3,0,2,4,3,Home,2025-12-29,50,Medium,0
P-9285,77,Male,General Medicine,Elective,Pneumonia,1,0,1,1,6,Skilled Nursing Facility,2025-03-04,33,Medium,0
P-9286,64,Male,Emergency,Transfer,Hip Fracture,3,0,1,5,10,Home,2025-10-20,73,High,1
P-9287,45,Male,Pediatrics,Emergency,Sepsis,1,0,17,2,9,Rehab,2025-11-25,70,High,1
P-9288,51,Male,General Medicine,Emergency,Sepsis,1,1,1,1,6,Home,2025-04-30,25,Low,0
P-9289,31,Female,Neurology,Elective,Heart Failure,2,1,2,2,7,Home,2025-08-02,30,Low,0
P-9290,60,Female,Emergency,Emergency,Acute Kidney Injury,1,2,9,5,6,Home,2025-04-13,81,High,1
P-9291,95,Female,Emergency,Emergency,Hip Fracture,3,0,1,3,1,Home,2025-01-25,68,High,0
P-9292,74,Female,Orthopedics,Emergency,Diabetes with Complications,1,0,7,2,5,Home,2025-02-28,54,Medium,0
P-9293,95,Female,Cardiology,Elective,Pneumonia,1,4,3,2,14,Home,2025-02-06,84,High,1
P-9294,76,Female,Neurology,Urgent,Gastrointestinal Bleed,3,2,2,3,7,Home,2025-07-05,76,High,1
P-9295,78,Male,Emergency,Emergency,COPD,1,2,1,4,10,Skilled Nursing Facility,2025-08-04,70,High,1
P-9296,93,Male,Neurology,Emergency,Hypertension,3,3,9,2,1,Home,2025-03-16,89,High,1
P-9297,68,Female,Emergency,Emergency,Acute Kidney Injury,3,1,2,3,5,Home,2025-10-24,65,High,1
P-9298,59,Male,General Medicine,Elective,Stroke,2,0,3,3,7,Home,2025-05-07,51,Medium,1
P-9299,78,Male,Emergency,Emergency,Acute Kidney Injury,3,0,2,2,3,Home Health Care,2025-01-23,56,Medium,1
P-9300,85,Male,General Medicine,Urgent,Diabetes with Complications,4,0,10,1,7,Home,2025-09-23,84,High,0
P-9301,54,Male,Emergency,Emergency,Stroke,0,1,1,1,4,Home,2025-09-07,18,Low,0
P-9302,50,Female,Pediatrics,Emergency,Sepsis,2,1,19,3,4,Home,2025-03-18,86,High,1
P-9303,64,Male,General Medicine,Emergency,Gastrointestinal Bleed,0,1,1,2,7,Rehab,2025-12-20,31,Medium,1
P-9304,75,Male,Cardiology,Emergency,Diabetes with Complications,1,3,1,5,8,Home Health Care,2025-01-10,77,High,1
P-9305,74,Male,Neurology,Urgent,Diabetes with Complications,3,0,3,1,4,Home,2025-03-18,51,Medium,0
P-9306,39,Female,Cardiology,Urgent,Hip Fracture,0,0,1,1,5,Home,2025-11-23,11,Low,0
P-9307,92,Female,Emergency,Emergency,Hypertension,0,0,2,0,9,Home Health Care,2025-06-29,33,Medium,0
P-9308,51,Male,Cardiology,Urgent,Heart Failure,1,1,20,1,1,Home,2025-02-08,71,High,1
P-9309,57,Female,Orthopedics,Emergency,Hip Fracture,2,0,5,2,5,Home,2025-04-02,46,Medium,1
P-9310,47,Male,Cardiology,Emergency,Acute Kidney Injury,0,1,1,1,6,Home,2025-10-15,17,Low,1
P-9311,95,Female,Cardiology,Urgent,Heart Failure,1,0,3,2,5,Home,2025-02-22,55,Medium,0
P-9312,65,Female,Neurology,Emergency,Hypertension,3,1,4,3,1,Home,2025-07-15,64,High,1
P-9313,48,Female,Orthopedics,Emergency,Heart Failure,0,1,2,3,5,Home Health Care,2025-12-23,28,Low,0
P-9314,75,Male,Cardiology,Emergency,Sepsis,0,1,10,2,13,Home Health Care,2025-01-03,70,High,0
P-9315,74,Male,General Medicine,Emergency,Hypertension,0,1,8,3,5,Home,2025-11-12,61,High,0
P-9316,58,Male,Neurology,Emergency,Diabetes with Complications,1,0,3,2,5,Home Health Care,2025-06-05,33,Medium,1
P-9317,75,Male,ICU,Urgent,Diabetes with Complications,2,1,7,8,1,Home,2025-06-08,91,High,1
P-9318,48,Male,Orthopedics,Emergency,Heart Failure,1,1,4,4,4,Home,2025-06-02,48,Medium,1
P-9319,54,Male,Emergency,Emergency,Heart Failure,2,0,8,1,7,Home Health Care,2025-12-24,49,Medium,1
P-9320,29,Male,General Medicine,Emergency,COPD,0,1,4,2,8,Skilled Nursing Facility,2025-10-11,22,Low,0
P-9321,40,Female,Emergency,Emergency,Acute Kidney Injury,1,1,1,2,7,Home Health Care,2025-11-16,26,Low,1
P-9322,90,Male,General Medicine,Elective,COPD,1,1,2,4,5,Home Health Care,2025-03-21,68,High,1
P-9323,88,Female,ICU,Urgent,Sepsis,0,0,5,4,7,Home,2025-08-24,64,High,1
P-9324,63,Female,General Medicine,Transfer,Hip Fracture,2,1,15,1,1,Home,2025-03-11,72,High,0
P-9325,88,Female,ICU,Emergency,Diabetes with Complications,2,1,10,1,9,Home Health Care,2025-12-27,80,High,0
P-9326,59,Female,Emergency,Transfer,Heart Failure,2,1,9,2,6,Home,2025-11-18,66,High,1
P-9327,58,Female,Cardiology,Emergency,Diabetes with Complications,2,1,4,0,7,Home Health Care,2025-02-11,38,Medium,0
P-9328,62,Female,Orthopedics,Emergency,Hypertension,3,0,1,2,5,Home,2025-10-31,46,Medium,1
P-9329,60,Male,Emergency,Elective,Sepsis,3,2,1,3,3,Home Health Care,2025-07-12,61,High,1
P-9330,58,Female,Emergency,Emergency,COPD,1,0,2,3,9,Home,2025-04-24,41,Medium,1
P-9331,80,Female,Emergency,Emergency,Stroke,0,0,7,4,4,Skilled Nursing Facility,2025-06-30,61,High,1
P-9332,64,Male,General Medicine,Urgent,Diabetes with Complications,2,1,2,1,1,Skilled Nursing Facility,2025-02-07,36,Medium,0
P-9333,73,Male,Emergency,Elective,Heart Failure,1,1,2,4,9,Home,2025-12-12,63,High,1
P-9334,78,Female,General Medicine,Emergency,Acute Kidney Injury,2,0,1,2,4,Home,2025-10-25,46,Medium,0
P-9335,68,Female,ICU,Elective,Gastrointestinal Bleed,4,0,6,5,7,Skilled Nursing Facility,2025-10-17,87,High,1
P-9336,46,Female,Cardiology,Urgent,Sepsis,2,2,2,1,5,Home,2025-10-02,36,Medium,0
P-9337,40,Male,General Medicine,Urgent,Sepsis,1,1,5,2,6,Home,2025-01-18,35,Medium,0
P-9338,64,Female,Neurology,Emergency,Heart Failure,1,2,4,4,4,Home,2025-11-13,63,High,0
P-9339,59,Male,ICU,Elective,Heart Failure,1,1,23,1,6,Home,2025-07-23,85,High,1
P-9340,63,Female,ICU,Elective,COPD,2,0,14,1,3,Home,2025-10-01,66,High,1
P-9341,61,Male,Cardiology,Elective,Diabetes with Complications,1,0,3,1,8,Skilled Nursing Facility,2025-07-09,31,Medium,0
P-9342,95,Female,General Medicine,Elective,Pneumonia,3,1,8,0,10,Home,2025-11-21,81,High,1
P-9343,40,Male,Emergency,Emergency,Sepsis,1,3,3,1,11,Home,2025-03-29,40,Medium,0
P-9344,30,Male,Orthopedics,Emergency,Hypertension,2,1,2,2,14,Home,2025-04-21,38,Medium,0
P-9345,67,Male,ICU,Transfer,Heart Failure,3,0,1,1,12,Home,2025-06-27,51,Medium,1
P-9346,55,Male,Cardiology,Emergency,Hypertension,0,0,6,1,5,Rehab,2025-07-26,25,Low,1
P-9347,67,Female,Emergency,Emergency,Diabetes with Complications,2,0,2,1,5,Home,2025-01-01,36,Medium,0
P-9348,71,Male,General Medicine,Elective,COPD,0,1,3,4,3,Home,2025-10-17,49,Medium,0
P-9349,82,Male,General Medicine,Emergency,Sepsis,2,1,1,0,8,Home,2025-03-30,46,Medium,1
P-9350,37,Male,Cardiology,Emergency,Pneumonia,4,0,1,0,3,Home Health Care,2025-11-05,25,Low,1
P-9351,53,Female,Neurology,Emergency,Gastrointestinal Bleed,1,2,7,1,8,Rehab,2025-09-23,50,Medium,0
P-9352,68,Male,Emergency,Elective,Hypertension,1,0,2,0,4,Home,2025-04-21,23,Low,0
P-9353,74,Male,General Medicine,Urgent,COPD,2,0,2,1,7,Home Health Care,2025-10-21,43,Medium,0
P-9354,95,Female,Emergency,Elective,Stroke,1,0,2,1,9,Home,2025-08-04,50,Medium,1
P-9355,77,Female,Cardiology,Emergency,Acute Kidney Injury,1,1,1,2,7,Home,2025-04-21,46,Medium,1
P-9356,61,Female,Orthopedics,Transfer,Sepsis,2,2,1,2,9,Home,2025-05-30,54,Medium,1
P-9357,47,Female,Orthopedics,Emergency,Gastrointestinal Bleed,0,2,1,5,8,Rehab,2025-04-24,47,Medium,1
P-9358,52,Male,Emergency,Emergency,Gastrointestinal Bleed,1,1,8,1,6,Skilled Nursing Facility,2025-02-23,44,Medium,0
P-9359,52,Female,General Medicine,Emergency,Sepsis,4,1,18,0,1,Home,2025-03-26,81,High,0
P-9360,72,Female,Cardiology,Transfer,Diabetes with Complications,3,1,4,2,6,Rehab,2025-07-01,68,High,1
P-9361,66,Female,General Medicine,Emergency,Gastrointestinal Bleed,2,0,8,2,9,Home,2025-12-24,65,High,1
P-9362,40,Male,Emergency,Elective,Diabetes with Complications,0,0,2,1,2,Home,2025-12-14,11,Low,0
P-9363,55,Female,Orthopedics,Emergency,Diabetes with Complications,2,0,6,3,14,Home Health Care,2025-04-16,65,High,0
P-9364,76,Male,Cardiology,Emergency,Diabetes with Complications,2,2,10,2,8,Against Medical Advice,2025-10-18,83,High,1
P-9365,67,Female,ICU,Urgent,Stroke,2,0,5,3,6,Home,2025-04-22,60,Medium,1
P-9366,71,Male,Cardiology,Elective,COPD,0,0,6,1,1,Skilled Nursing Facility,2025-08-09,29,Low,0
P-9367,68,Male,Cardiology,Elective,Hip Fracture,2,0,1,4,6,Skilled Nursing Facility,2025-11-03,56,Medium,0
P-9368,88,Female,Emergency,Emergency,Hip Fracture,1,0,2,2,2,Home,2025-04-16,44,Medium,0
P-9369,65,Male,Cardiology,Elective,Heart Failure,0,2,1,3,7,Home,2025-10-18,43,Medium,0
P-9370,55,Female,General Medicine,Urgent,Heart Failure,4,1,1,5,8,Home,2025-12-28,78,High,1
P-9371,47,Female,Cardiology,Emergency,COPD,0,0,2,1,11,Home Health Care,2025-12-26,19,Low,0
P-9372,65,Female,General Medicine,Elective,Diabetes with Complications,3,1,14,0,11,Home,2025-09-17,81,High,1
P-9373,22,Male,General Medicine,Transfer,Pneumonia,2,2,1,2,4,Home,2025-11-18,26,Low,0
P-9374,59,Female,Pediatrics,Urgent,Hypertension,1,1,3,2,4,Home,2025-12-03,38,Medium,0
P-9375,58,Female,Pediatrics,Emergency,Diabetes with Complications,3,1,7,1,8,Home,2025-03-22,64,High,0
P-9376,40,Male,Orthopedics,Elective,Hypertension,0,0,4,4,6,Home Health Care,2025-03-05,31,Medium,1
P-9377,47,Female,General Medicine,Elective,Gastrointestinal Bleed,3,1,4,3,5,Home Health Care,2025-10-11,59,Medium,1
P-9378,74,Male,Emergency,Emergency,Sepsis,2,0,13,1,2,Home,2025-12-31,69,High,1
P-9379,65,Male,General Medicine,Elective,Stroke,0,1,5,0,10,Home,2025-07-05,33,Medium,0
P-9380,63,Female,Pediatrics,Transfer,Sepsis,1,1,7,4,2,Home,2025-11-13,63,High,1
P-9381,66,Female,ICU,Urgent,Heart Failure,2,0,1,1,9,Home Health Care,2025-08-20,38,Medium,0
P-9382,63,Male,Emergency,Urgent,Acute Kidney Injury,1,1,8,1,1,Home Health Care,2025-10-23,44,Medium,0
P-9383,81,Male,Cardiology,Emergency,Pneumonia,1,0,3,4,7,Home Health Care,2025-11-30,62,High,1
P-9384,63,Female,General Medicine,Transfer,Hypertension,0,0,1,1,9,Home,2025-06-02,22,Low,0
P-9385,38,Male,Emergency,Elective,Hip Fracture,1,1,9,3,10,Home,2025-11-19,57,Medium,0
P-9386,88,Male,General Medicine,Emergency,Stroke,1,0,15,6,1,Skilled Nursing Facility,2025-10-19,92,High,1
P-9387,67,Other,General Medicine,Elective,Gastrointestinal Bleed,3,1,5,2,5,Home Health Care,2025-04-10,66,High,0
P-9388,52,Male,Pediatrics,Urgent,Heart Failure,2,2,10,1,9,Skilled Nursing Facility,2025-01-11,67,High,0
P-9389,41,Female,General Medicine,Emergency,Diabetes with Complications,2,0,1,5,10,Home,2025-08-06,51,Medium,1
P-9390,68,Male,Orthopedics,Urgent,Diabetes with Complications,1,0,5,2,6,Home,2025-09-18,45,Medium,1
P-9391,60,Female,Emergency,Urgent,Heart Failure,2,2,3,4,3,Home,2025-03-17,65,High,1
P-9392,87,Male,Emergency,Emergency,Hip Fracture,1,1,1,5,9,Home,2025-02-24,74,High,1
P-9393,56,Female,Emergency,Urgent,COPD,1,0,5,2,7,Home,2025-09-03,39,Medium,0
P-9394,48,Male,Cardiology,Urgent,Stroke,0,1,4,3,5,Home,2025-09-13,34,Medium,1
P-9395,76,Female,Emergency,Emergency,Hypertension,0,0,1,3,9,Home Health Care,2025-12-18,40,Medium,1
P-9396,76,Female,General Medicine,Emergency,Heart Failure,2,0,2,2,5,Home Health Care,2025-09-14,49,Medium,0
P-9397,64,Female,General Medicine,Emergency,Hip Fracture,3,1,2,2,9,Home,2025-11-13,61,High,0
P-9398,72,Male,General Medicine,Emergency,Hip Fracture,2,0,1,1,5,Against Medical Advice,2025-12-26,37,Medium,1
P-9399,61,Female,Emergency,Elective,Hypertension,3,0,5,5,8,Home,2025-09-07,78,High,0
P-9400,65,Male,Emergency,Emergency,Pneumonia,0,1,4,4,15,Home,2025-11-17,63,High,1
P-9401,80,Female,General Medicine,Transfer,Gastrointestinal Bleed,0,0,3,4,4,Rehab,2025-03-30,50,Medium,1
P-9402,72,Male,Cardiology,Transfer,Acute Kidney Injury,1,0,3,1,1,Home,2025-07-03,30,Low,0
P-9403,59,Male,Cardiology,Emergency,Acute Kidney Injury,4,3,16,2,5,Home,2025-02-11,93,High,1
P-9404,83,Male,ICU,Emergency,Acute Kidney Injury,2,1,1,2,10,Skilled Nursing Facility,2025-12-21,62,High,1
P-9405,24,Female,ICU,Elective,Heart Failure,2,0,1,2,6,Home,2025-01-01,19,Low,1
P-9406,94,Female,Cardiology,Elective,Hypertension,1,2,4,2,3,Home Health Care,2025-01-19,67,High,1
P-9407,34,Male,ICU,Emergency,Diabetes with Complications,0,0,18,0,19,Skilled Nursing Facility,2025-06-01,56,Medium,1
P-9408,51,Female,Cardiology,Emergency,Heart Failure,1,1,7,1,3,Home,2025-09-15,36,Medium,0
P-9409,61,Female,General Medicine,Emergency,Diabetes with Complications,2,2,8,3,6,Home,2025-09-08,75,High,1
P-9410,59,Female,ICU,Emergency,Gastrointestinal Bleed,0,0,6,1,1,Home,2025-03-20,24,Low,0
P-9411,78,Male,Emergency,Urgent,Gastrointestinal Bleed,1,0,1,4,6,Home,2025-12-02,53,Medium,1
P-9412,45,Female,Neurology,Emergency,Acute Kidney Injury,1,0,2,3,2,Home,2025-02-18,26,Low,0
P-9413,66,Female,General Medicine,Emergency,COPD,1,1,4,4,11,Home,2025-10-29,67,High,1
P-9414,52,Male,Emergency,Elective,Diabetes with Complications,6,0,1,3,3,Skilled Nursing Facility,2025-10-08,69,High,0
P-9415,66,Female,Neurology,Emergency,Sepsis,1,0,3,2,7,Home,2025-07-25,39,Medium,1
P-9416,60,Male,Emergency,Emergency,Gastrointestinal Bleed,0,1,2,0,7,Home,2025-12-23,20,Low,0
P-9417,63,Female,ICU,Elective,Hip Fracture,2,0,5,1,7,Rehab,2025-10-19,45,Medium,0
P-9418,53,Female,Pediatrics,Elective,Hypertension,1,0,1,1,9,Home Health Care,2025-10-17,24,Low,0
P-9419,53,Male,Orthopedics,Emergency,COPD,0,0,7,3,9,Home,2025-12-03,44,Medium,1
P-9420,66,Male,Emergency,Emergency,Sepsis,3,2,4,5,6,Home Health Care,2025-12-25,84,High,1
P-9421,77,Male,General Medicine,Emergency,Gastrointestinal Bleed,0,0,3,2,1,Home,2025-02-28,31,Medium,1
P-9422,52,Male,General Medicine,Emergency,Hypertension,0,0,1,1,3,Home Health Care,2025-02-08,14,Low,0
P-9423,48,Female,Cardiology,Elective,Hypertension,1,0,6,4,5,Home,2025-06-09,49,Medium,1
P-9424,71,Female,Cardiology,Emergency,COPD,3,2,9,5,7,Home,2025-08-16,92,High,1
P-9425,61,Male,Emergency,Emergency,Gastrointestinal Bleed,3,2,9,3,3,Home,2025-03-13,81,High,1
P-9426,75,Female,Neurology,Elective,Hip Fracture,1,2,1,3,1,Home,2025-10-29,51,Medium,1
P-9427,47,Male,ICU,Urgent,Pneumonia,2,1,18,2,17,Home,2025-07-25,88,High,0
P-9428,33,Female,General Medicine,Urgent,Gastrointestinal Bleed,1,0,2,2,4,Home,2025-05-14,18,Low,0
P-9429,53,Male,ICU,Emergency,Acute Kidney Injury,0,2,2,3,6,Home,2025-10-29,38,Medium,1
P-9430,49,Female,Emergency,Emergency,Heart Failure,1,0,3,1,9,Skilled Nursing Facility,2025-01-23,26,Low,0
P-9431,60,Male,General Medicine,Emergency,Hip Fracture,2,1,3,6,7,Home Health Care,2025-09-16,76,High,1
P-9432,51,Male,General Medicine,Urgent,Acute Kidney Injury,2,1,4,2,4,Home,2025-11-08,44,Medium,0
P-9433,73,Female,ICU,Urgent,Acute Kidney Injury,2,1,4,3,8,Rehab,2025-03-24,69,High,0
P-9434,57,Male,Emergency,Emergency,Diabetes with Complications,0,0,1,4,10,Rehab,2025-10-03,37,Medium,1
P-9435,64,Female,General Medicine,Emergency,Gastrointestinal Bleed,0,1,2,1,4,Home,2025-10-09,24,Low,0
P-9436,64,Female,ICU,Emergency,Sepsis,1,0,7,4,10,Home Health Care,2025-02-12,67,High,1
P-9437,65,Female,Cardiology,Emergency,Hypertension,2,1,2,2,8,Skilled Nursing Facility,2025-11-17,52,Medium,1
P-9438,61,Female,General Medicine,Transfer,Pneumonia,3,0,6,2,5,Home,2025-09-21,60,Medium,1
P-9439,70,Male,Emergency,Emergency,Stroke,3,0,7,4,5,Home,2025-03-18,79,High,1
P-9440,49,Female,Cardiology,Emergency,Diabetes with Complications,2,0,7,2,14,Home,2025-04-21,58,Medium,1
P-9441,84,Female,Emergency,Urgent,Stroke,1,0,7,2,9,Home,2025-09-27,65,High,0
P-9442,58,Male,Neurology,Emergency,Diabetes with Complications,1,2,2,2,4,Rehab,2025-07-08,40,Medium,0
P-9443,41,Female,ICU,Emergency,Acute Kidney Injury,0,1,3,4,3,Home Health Care,2025-03-23,31,Medium,0
P-9444,65,Female,General Medicine,Emergency,Hypertension,1,1,3,4,1,Home,2025-01-18,51,Medium,1
P-9445,48,Female,ICU,Elective,Hypertension,0,1,14,2,2,Home Health Care,2025-08-24,52,Medium,1
P-9446,72,Male,ICU,Emergency,Gastrointestinal Bleed,3,1,2,2,8,Home,2025-06-26,65,High,0
P-9447,95,Female,Cardiology,Emergency,Gastrointestinal Bleed,1,3,13,3,7,Home,2025-04-02,93,High,1
P-9448,49,Male,Emergency,Emergency,Sepsis,2,0,10,1,4,Home,2025-06-26,48,Medium,0
P-9449,67,Female,Orthopedics,Elective,Pneumonia,1,1,7,4,7,Home,2025-12-02,71,High,0
P-9450,33,Female,Cardiology,Emergency,COPD,1,0,6,1,1,Home,2025-09-11,19,Low,1
P-9451,69,Male,General Medicine,Urgent,COPD,3,0,4,4,9,Home Health Care,2025-11-20,75,High,1
P-9452,47,Female,Emergency,Emergency,Gastrointestinal Bleed,3,2,1,3,12,Home,2025-09-11,64,High,0
P-9453,52,Female,Cardiology,Emergency,COPD,2,1,3,0,9,Skilled Nursing Facility,2025-10-12,35,Medium,0
P-9454,44,Female,Emergency,Elective,COPD,0,0,1,1,7,Home,2025-08-03,14,Low,0
P-9455,73,Male,General Medicine,Emergency,Acute Kidney Injury,0,0,4,1,8,Home,2025-03-10,33,Medium,0
P-9456,78,Female,Orthopedics,Emergency,Sepsis,1,1,5,1,1,Skilled Nursing Facility,2025-09-30,45,Medium,1
P-9457,62,Female,Orthopedics,Elective,Hip Fracture,0,1,3,1,8,Home,2025-01-02,30,Low,0
P-9458,48,Female,Emergency,Emergency,Heart Failure,1,0,1,4,3,Home Health Care,2025-07-25,32,Medium,0
P-9459,87,Male,General Medicine,Elective,Acute Kidney Injury,0,0,6,2,10,Home,2025-09-29,56,Medium,0
P-9460,49,Male,Cardiology,Emergency,Gastrointestinal Bleed,2,1,9,3,9,Home,2025-10-19,70,High,0
P-9461,27,Female,General Medicine,Urgent,Hypertension,4,2,5,1,9,Home,2025-02-23,55,Medium,0
P-9462,69,Male,Neurology,Transfer,COPD,2,0,4,5,4,Home Health Care,2025-08-18,69,High,1
P-9463,44,Female,ICU,Emergency,Hip Fracture,1,0,3,5,3,Home,2025-01-20,42,Medium,1
P-9464,77,Male,Emergency,Emergency,Gastrointestinal Bleed,1,0,6,1,8,Home,2025-04-18,49,Medium,1
P-9465,55,Other,General Medicine,Emergency,Heart Failure,1,0,2,4,4,Home Health Care,2025-05-24,40,Medium,0
P-9466,71,Female,General Medicine,Urgent,Hip Fracture,2,1,4,1,3,Rehab,2025-10-20,48,Medium,0
P-9467,84,Female,Cardiology,Emergency,Hip Fracture,4,1,2,3,1,Home,2025-05-03,76,High,1
P-9468,42,Male,Pediatrics,Elective,Acute Kidney Injury,3,2,5,2,12,Home Health Care,2025-03-20,66,High,1
P-9469,52,Female,General Medicine,Elective,Hypertension,0,1,3,3,4,Rehab,2025-08-04,32,Medium,0
P-9470,60,Female,Cardiology,Emergency,Diabetes with Complications,1,2,2,2,9,Home,2025-01-14,48,Medium,1
P-9471,86,Female,ICU,Emergency,Stroke,1,0,2,2,5,Home,2025-04-20,46,Medium,0
P-9472,51,Male,General Medicine,Emergency,Acute Kidney Injury,1,1,6,2,5,Home,2025-01-12,43,Medium,1
P-9473,52,Female,ICU,Urgent,Acute Kidney Injury,1,0,1,0,10,Skilled Nursing Facility,2025-08-01,19,Low,0
P-9474,69,Female,Cardiology,Emergency,Sepsis,0,3,2,3,7,Home,2025-06-19,55,Medium,0
P-9475,52,Male,General Medicine,Elective,Hypertension,2,0,6,3,8,Home,2025-12-07,56,Medium,0
P-9476,64,Female,General Medicine,Emergency,Hip Fracture,0,1,1,5,9,Home Health Care,2025-11-10,53,Medium,1
P-9477,37,Male,General Medicine,Emergency,Heart Failure,2,0,1,2,9,Home Health Care,2025-01-08,28,Low,0
P-9478,95,Female,Emergency,Emergency,Pneumonia,0,1,3,4,4,Home,2025-07-26,65,High,1
P-9479,40,Female,General Medicine,Urgent,Stroke,4,1,14,1,5,Home Health Care,2025-11-26,76,High,1
P-9480,56,Male,Pediatrics,Elective,Gastrointestinal Bleed,1,0,1,3,10,Rehab,2025-08-16,38,Medium,0
P-9481,61,Male,Cardiology,Elective,Hypertension,0,0,11,2,12,Skilled Nursing Facility,2025-04-05,58,Medium,0
P-9482,92,Female,General Medicine,Elective,Diabetes with Complications,1,1,4,5,5,Home Health Care,2025-11-06,79,High,1
P-9483,40,Male,Neurology,Elective,COPD,2,1,1,0,13,Rehab,2025-08-15,27,Low,0
P-9484,93,Male,General Medicine,Emergency,COPD,1,2,8,3,6,Skilled Nursing Facility,2025-05-05,83,High,1
P-9485,74,Male,General Medicine,Urgent,Stroke,0,0,1,0,6,Home Health Care,2025-08-06,19,Low,0
P-9486,68,Male,Cardiology,Emergency,Acute Kidney Injury,2,0,4,3,11,Skilled Nursing Facility,2025-08-27,64,High,0
P-9487,46,Male,Emergency,Elective,Acute Kidney Injury,0,2,5,3,4,Skilled Nursing Facility,2025-05-25,40,Medium,0
P-9488,71,Male,General Medicine,Emergency,Stroke,0,0,6,1,10,Home,2025-10-02,40,Medium,1
P-9489,50,Male,General Medicine,Emergency,Diabetes with Complications,2,0,2,2,10,Home,2025-09-01,39,Medium,1
P-9490,82,Female,Pediatrics,Emergency,Hip Fracture,2,0,2,0,11,Home,2025-07-15,46,Medium,1
P-9491,46,Female,ICU,Emergency,Sepsis,2,1,9,2,4,Home,2025-10-26,56,Medium,1
P-9492,60,Male,ICU,Elective,Acute Kidney Injury,3,1,2,1,8,Home Health Care,2025-08-02,50,Medium,0
P-9493,53,Female,ICU,Emergency,Heart Failure,2,1,4,2,10,Home,2025-12-11,53,Medium,1
P-9494,46,Female,General Medicine,Emergency,Diabetes with Complications,1,1,3,3,6,Home Health Care,2025-08-05,39,Medium,0
P-9495,73,Male,Cardiology,Urgent,Sepsis,3,0,1,2,7,Rehab,2025-07-14,55,Medium,0
P-9496,70,Female,General Medicine,Elective,Sepsis,3,0,3,3,2,Home,2025-05-01,60,Medium,0
P-9497,81,Female,Emergency,Emergency,Gastrointestinal Bleed,4,1,1,2,4,Home,2025-11-10,70,High,1
P-9498,33,Male,Emergency,Elective,Sepsis,2,0,1,2,2,Home Health Care,2025-07-23,20,Low,1
P-9499,79,Male,Cardiology,Emergency,Heart Failure,0,1,9,1,6,Home,2025-12-19,55,Medium,0
P-9500,95,Female,Orthopedics,Elective,Stroke,1,2,12,6,8,Home Health Care,2025-12-19,95,High,1
P-9501,54,Female,General Medicine,Emergency,Pneumonia,0,1,1,0,16,Home,2025-04-08,24,Low,1
P-9502,92,Male,Neurology,Emergency,Hip Fracture,1,1,2,2,1,Home Health Care,2025-05-15,51,Medium,1
P-9503,57,Female,General Medicine,Emergency,Sepsis,1,1,13,2,6,Home,2025-12-14,68,High,1
P-9504,40,Female,Cardiology,Emergency,Pneumonia,0,0,6,0,5,Home,2025-01-01,15,Low,1
P-9505,57,Male,Cardiology,Emergency,Pneumonia,2,1,1,3,1,Home,2025-07-17,42,Medium,1
P-9506,78,Male,Pediatrics,Emergency,Hip Fracture,0,0,1,2,4,Home Health Care,2025-06-10,30,Low,1
P-9507,48,Male,General Medicine,Transfer,Sepsis,2,0,7,0,3,Home,2025-11-04,31,Medium,0
P-9508,52,Male,ICU,Emergency,Diabetes with Complications,4,1,6,0,7,Home,2025-04-05,58,Medium,1
P-9509,71,Female,General Medicine,Urgent,Pneumonia,3,0,10,1,5,Home,2025-03-03,70,High,1
P-9510,62,Female,Emergency,Emergency,Sepsis,1,1,7,2,2,Skilled Nursing Facility,2025-02-03,49,Medium,1
P-9511,71,Female,Emergency,Elective,Stroke,1,1,14,2,7,Against Medical Advice,2025-07-01,78,High,1
P-9512,65,Male,Cardiology,Emergency,COPD,0,1,4,2,15,Home,2025-03-18,49,Medium,0
P-9513,69,Female,Orthopedics,Emergency,Hip Fracture,1,0,2,2,4,Home Health Care,2025-08-31,35,Medium,1
P-9514,55,Male,ICU,Emergency,Pneumonia,0,1,1,2,9,Home,2025-05-01,28,Low,0
P-9515,65,Male,Cardiology,Urgent,Sepsis,0,0,1,0,10,Home Health Care,2025-04-09,19,Low,0
P-9516,47,Female,Emergency,Emergency,Stroke,2,0,1,4,6,Home,2025-06-01,43,Medium,0
P-9517,82,Male,Cardiology,Emergency,Hip Fracture,2,1,5,1,5,Home Health Care,2025-03-03,61,High,0
P-9518,51,Female,Emergency,Emergency,COPD,2,0,3,1,14,Home,2025-12-31,40,Medium,0
P-9519,80,Female,ICU,Emergency,Acute Kidney Injury,1,2,8,5,13,Skilled Nursing Facility,2025-09-08,90,High,1
P-9520,58,Female,Emergency,Elective,Sepsis,0,0,2,4,11,Home,2025-08-11,42,Medium,0
P-9521,65,Male,Neurology,Elective,Heart Failure,1,1,2,1,3,Rehab,2025-12-26,31,Medium,0
P-9522,54,Male,Emergency,Emergency,Gastrointestinal Bleed,0,0,5,4,3,Home,2025-12-17,38,Medium,1
P-9523,45,Male,Emergency,Emergency,Pneumonia,0,0,13,0,1,Home,2025-05-29,28,Low,0
P-9524,34,Female,Emergency,Emergency,Diabetes with Complications,0,1,5,0,2,Home,2025-08-17,13,Low,1
P-9525,45,Female,General Medicine,Transfer,Stroke,0,1,2,3,1,Skilled Nursing Facility,2025-02-14,23,Low,1
P-9526,56,Female,Orthopedics,Emergency,COPD,1,0,3,5,8,Home,2025-02-02,55,Medium,0
P-9527,65,Female,Cardiology,Emergency,COPD,3,1,12,2,2,Home,2025-10-05,79,High,1
P-9528,78,Female,Orthopedics,Emergency,Hypertension,2,0,8,5,3,Skilled Nursing Facility,2025-02-12,81,High,1
P-9529,54,Female,General Medicine,Emergency,Gastrointestinal Bleed,2,1,1,2,2,Home,2025-10-19,35,Medium,0
P-9530,47,Male,General Medicine,Elective,Stroke,1,0,2,2,5,Home,2025-11-04,25,Low,0
P-9531,38,Female,ICU,Emergency,Gastrointestinal Bleed,0,0,5,1,15,Home,2025-03-30,25,Low,0
P-9532,69,Female,ICU,Elective,Heart Failure,2,2,7,3,7,Home Health Care,2025-12-19,78,High,1
P-9533,84,Male,General Medicine,Emergency,Pneumonia,1,0,1,1,1,Home Health Care,2025-08-05,31,Medium,1
P-9534,82,Female,Orthopedics,Elective,Hypertension,5,0,4,1,5,Home Health Care,2025-10-01,75,High,1
P-9535,73,Female,General Medicine,Emergency,Hypertension,2,1,4,1,1,Skilled Nursing Facility,2025-12-19,47,Medium,1
P-9536,72,Female,Cardiology,Urgent,Sepsis,0,1,1,1,2,Skilled Nursing Facility,2025-07-08,24,Low,0
P-9537,89,Female,ICU,Emergency,Heart Failure,4,0,3,2,4,Home Health Care,2025-11-03,74,High,1
P-9538,67,Male,General Medicine,Elective,Acute Kidney Injury,2,0,1,0,8,Home,2025-01-10,31,Medium,0
P-9539,72,Male,General Medicine,Elective,COPD,2,2,6,2,8,Home Health Care,2025-08-04,73,High,1
P-9540,56,Male,Cardiology,Emergency,COPD,1,0,1,2,9,Rehab,2025-06-01,31,Medium,0
P-9541,40,Female,ICU,Emergency,Stroke,2,0,1,1,2,Home,2025-07-24,18,Low,0
P-9542,51,Female,Emergency,Transfer,Acute Kidney Injury,3,0,8,3,9,Home Health Care,2025-04-09,71,High,0
P-9543,61,Male,General Medicine,Emergency,Stroke,1,0,3,2,4,Home Health Care,2025-05-04,33,Medium,0
P-9544,62,Female,General Medicine,Urgent,Heart Failure,0,2,6,0,9,Home Health Care,2025-02-21,38,Medium,1
P-9545,92,Male,Orthopedics,Emergency,Gastrointestinal Bleed,2,2,5,1,6,Rehab,2025-03-21,73,High,1
P-9546,63,Male,General Medicine,Emergency,Hip Fracture,1,0,1,2,12,Home,2025-11-02,38,Medium,0
P-9547,80,Male,Cardiology,Emergency,Stroke,0,0,1,2,4,Home,2025-04-07,31,Medium,0
P-9548,55,Male,General Medicine,Emergency,Hypertension,0,1,5,3,6,Home,2025-05-18,42,Medium,0
P-9549,57,Male,Pediatrics,Emergency,Diabetes with Complications,2,0,2,1,11,Skilled Nursing Facility,2025-07-31,38,Medium,0
P-9550,40,Male,Neurology,Emergency,Sepsis,2,0,3,2,6,Home,2025-05-19,31,Medium,0
P-9551,50,Male,Orthopedics,Transfer,COPD,2,2,8,3,4,Rehab,2025-10-31,68,High,0
P-9552,70,Male,Emergency,Elective,Pneumonia,2,2,2,2,5,Home,2025-05-20,57,Medium,0
P-9553,62,Male,General Medicine,Emergency,Hip Fracture,2,0,2,5,12,Home,2025-09-18,69,High,0
P-9554,77,Female,Orthopedics,Emergency,COPD,0,3,2,3,1,Home,2025-04-29,53,Medium,0
P-9555,64,Male,General Medicine,Elective,Pneumonia,0,0,7,3,5,Home Health Care,2025-03-14,46,Medium,0
P-9556,56,Female,Cardiology,Emergency,Acute Kidney Injury,1,1,2,8,9,Home,2025-09-14,77,High,1
P-9557,95,Male,Pediatrics,Urgent,Gastrointestinal Bleed,1,1,3,2,6,Home,2025-11-18,62,High,1
P-9558,60,Male,Emergency,Emergency,Hypertension,2,0,4,1,12,Home,2025-05-15,47,Medium,1
P-9559,80,Male,Cardiology,Elective,Pneumonia,5,0,4,4,4,Rehab,2025-03-27,86,High,1
P-9560,55,Female,Cardiology,Elective,Gastrointestinal Bleed,2,1,2,4,7,Rehab,2025-03-28,58,Medium,1
P-9561,73,Male,General Medicine,Elective,COPD,3,1,5,2,11,Home,2025-11-14,76,High,0
P-9562,76,Female,Emergency,Emergency,Hypertension,1,3,2,0,10,Home Health Care,2025-10-11,51,Medium,0
P-9563,65,Female,ICU,Emergency,COPD,1,1,3,2,1,Home Health Care,2025-04-02,38,Medium,1
P-9564,24,Male,General Medicine,Emergency,Diabetes with Complications,3,1,3,8,10,Home Health Care,2025-12-10,79,High,0
P-9565,62,Female,General Medicine,Elective,Hip Fracture,1,0,7,0,6,Home,2025-11-28,34,Medium,1
P-9566,81,Male,General Medicine,Emergency,COPD,1,1,4,2,3,Home,2025-11-15,53,Medium,1
P-9567,70,Male,Cardiology,Elective,Pneumonia,1,2,20,4,4,Home Health Care,2025-03-07,93,High,1
P-9568,69,Male,General Medicine,Emergency,Pneumonia,3,0,4,4,3,Home,2025-03-11,70,High,1
P-9569,34,Male,ICU,Emergency,Heart Failure,2,1,10,4,3,Home,2025-02-06,64,High,1
P-9570,50,Male,Emergency,Emergency,Hip Fracture,2,1,4,3,10,Home,2025-11-08,58,Medium,1
P-9571,68,Female,Emergency,Elective,Acute Kidney Injury,2,0,11,1,13,Skilled Nursing Facility,2025-11-22,72,High,1
P-9572,68,Male,Orthopedics,Urgent,Acute Kidney Injury,2,0,5,6,6,Skilled Nursing Facility,2025-11-07,78,High,1
P-9573,81,Female,Emergency,Elective,COPD,1,1,1,1,11,Home,2025-04-08,47,Medium,0
P-9574,59,Male,ICU,Urgent,Acute Kidney Injury,0,0,1,2,10,Home Health Care,2025-11-04,26,Low,0
P-9575,68,Female,Emergency,Transfer,Acute Kidney Injury,3,1,7,0,2,Home,2025-11-26,56,Medium,1
P-9576,62,Male,Emergency,Elective,Gastrointestinal Bleed,0,1,6,1,5,Home Health Care,2025-08-04,34,Medium,1
P-9577,46,Female,Neurology,Emergency,Sepsis,1,2,3,1,10,Home,2025-11-23,36,Medium,1
P-9578,25,Female,Neurology,Emergency,Gastrointestinal Bleed,0,0,3,1,10,Home,2025-08-20,13,Low,0
P-9579,68,Male,Cardiology,Emergency,Hip Fracture,1,0,5,1,3,Skilled Nursing Facility,2025-05-23,35,Medium,0
P-9580,64,Male,Cardiology,Transfer,Pneumonia,0,1,4,0,1,Home Health Care,2025-02-20,21,Low,0
P-9581,52,Male,Cardiology,Emergency,Diabetes with Complications,1,0,2,0,9,Home,2025-12-09,20,Low,0
P-9582,36,Male,General Medicine,Emergency,Sepsis,3,1,10,3,4,Home,2025-09-06,68,High,1
P-9583,72,Male,ICU,Urgent,Diabetes with Complications,0,3,6,5,6,Rehab,2025-01-19,78,High,1
P-9584,57,Female,Cardiology,Emergency,Pneumonia,2,0,5,2,4,Home,2025-04-19,45,Medium,0
P-9585,70,Male,Emergency,Elective,Pneumonia,1,2,3,1,4,Home Health Care,2025-11-19,44,Medium,1
P-9586,91,Female,Cardiology,Elective,Heart Failure,2,1,14,1,6,Home,2025-09-20,86,High,1
P-9587,27,Male,ICU,Urgent,Acute Kidney Injury,1,2,1,3,8,Home,2025-04-04,31,Medium,1
P-9588,50,Female,Emergency,Urgent,Hip Fracture,1,0,6,4,14,Home Health Care,2025-08-09,61,High,1
P-9589,58,Male,Cardiology,Urgent,Gastrointestinal Bleed,1,0,19,3,3,Skilled Nursing Facility,2025-09-27,80,High,1
P-9590,85,Male,Emergency,Elective,Stroke,2,0,5,5,4,Home,2025-03-11,79,High,0
P-9591,35,Male,Pediatrics,Emergency,Acute Kidney Injury,3,0,5,4,4,Home,2025-03-01,54,Medium,0
P-9592,92,Male,Cardiology,Elective,Hip Fracture,0,0,8,2,7,Skilled Nursing Facility,2025-05-23,62,High,1
P-9593,64,Female,Emergency,Urgent,Gastrointestinal Bleed,2,0,1,3,3,Home,2025-10-13,43,Medium,0
P-9594,60,Female,Neurology,Emergency,Gastrointestinal Bleed,0,0,1,1,7,Home Health Care,2025-06-28,19,Low,0
P-9595,58,Female,Orthopedics,Emergency,Gastrointestinal Bleed,0,0,9,6,1,Home,2025-04-05,64,High,1
P-9596,55,Female,Emergency,Emergency,Diabetes with Complications,2,3,5,3,2,Home,2025-09-26,66,High,0
P-9597,78,Female,General Medicine,Elective,Pneumonia,3,1,19,1,5,Home,2025-07-20,91,High,1
P-9598,44,Female,ICU,Emergency,Diabetes with Complications,2,0,3,3,3,Home,2025-06-30,37,Medium,0
P-9599,67,Male,General Medicine,Elective,Acute Kidney Injury,2,1,3,5,9,Home,2025-03-07,76,High,1
P-9600,55,Male,Pediatrics,Emergency,Pneumonia,3,0,5,5,5,Home Health Care,2025-09-16,73,High,1
P-9601,49,Male,Emergency,Emergency,Gastrointestinal Bleed,0,0,1,3,3,Home,2025-11-15,20,Low,0
P-9602,95,Female,Emergency,Emergency,Diabetes with Complications,3,1,2,2,5,Skilled Nursing Facility,2025-08-16,74,High,0
P-9603,68,Male,Cardiology,Elective,Acute Kidney Injury,1,1,9,3,8,Rehab,2025-01-28,72,High,0
P-9604,71,Female,General Medicine,Emergency,Acute Kidney Injury,0,1,8,3,10,Skilled Nursing Facility,2025-06-16,65,High,1
P-9605,80,Male,General Medicine,Emergency,Acute Kidney Injury,1,2,4,0,8,Home Health Care,2025-03-03,51,Medium,1
P-9606,39,Female,General Medicine,Urgent,Heart Failure,1,0,2,3,8,Home,2025-06-17,29,Low,1
P-9607,90,Other,ICU,Urgent,Hypertension,3,0,5,2,12,Home,2025-01-18,80,High,1
P-9608,21,Male,Emergency,Urgent,Stroke,1,1,1,2,1,Home Health Care,2025-05-07,14,Low,0
P-9609,49,Female,General Medicine,Elective,Diabetes with Complications,4,1,3,3,6,Home Health Care,2025-08-01,66,High,1
P-9610,54,Female,Cardiology,Urgent,Diabetes with Complications,1,1,4,3,5,Home,2025-06-28,46,Medium,1
P-9611,71,Other,Cardiology,Elective,Gastrointestinal Bleed,3,2,3,2,7,Against Medical Advice,2025-10-01,71,High,1
P-9612,65,Male,Cardiology,Transfer,Heart Failure,0,0,3,4,4,Home,2025-08-24,40,Medium,0
P-9613,59,Female,General Medicine,Emergency,Gastrointestinal Bleed,7,2,3,1,6,Home Health Care,2025-02-28,84,High,1
P-9614,61,Male,General Medicine,Emergency,Sepsis,2,1,4,1,8,Home,2025-10-11,48,Medium,0
P-9615,46,Female,Orthopedics,Emergency,Acute Kidney Injury,2,0,2,0,9,Home,2025-01-02,24,Low,0
P-9616,38,Female,Cardiology,Urgent,Acute Kidney Injury,2,2,5,2,5,Home,2025-09-10,47,Medium,0
P-9617,73,Female,Neurology,Elective,Acute Kidney Injury,3,1,4,2,1,Home,2025-10-08,63,High,1
P-9618,73,Male,General Medicine,Emergency,Sepsis,3,2,2,1,10,Against Medical Advice,2025-03-13,67,High,0
P-9619,87,Female,Emergency,Emergency,Stroke,2,0,7,4,4,Against Medical Advice,2025-07-01,79,High,1
P-9620,49,Male,ICU,Urgent,Gastrointestinal Bleed,0,1,1,3,2,Home,2025-04-29,24,Low,1
P-9621,73,Male,Cardiology,Urgent,Diabetes with Complications,1,1,2,7,7,Home,2025-03-26,78,High,0
P-9622,57,Female,Pediatrics,Elective,COPD,1,2,4,3,7,Home,2025-04-08,56,Medium,1
P-9623,81,Female,Emergency,Elective,Acute Kidney Injury,2,0,11,1,11,Home,2025-01-17,76,High,0
P-9624,78,Female,Emergency,Emergency,Sepsis,0,2,1,2,5,Home Health Care,2025-05-04,42,Medium,0
P-9625,65,Female,Cardiology,Emergency,Stroke,1,0,4,0,7,Home,2025-05-20,29,Low,0
P-9626,56,Male,Orthopedics,Urgent,Pneumonia,2,0,1,4,7,Home,2025-01-21,50,Medium,1
P-9627,77,Male,Cardiology,Elective,Pneumonia,1,1,1,4,5,Home,2025-06-15,58,Medium,1
P-9628,72,Male,Emergency,Elective,Gastrointestinal Bleed,2,1,10,2,5,Skilled Nursing Facility,2025-05-20,74,High,1
P-9629,51,Male,Emergency,Emergency,Gastrointestinal Bleed,4,1,10,4,10,Home,2025-05-02,89,High,1
P-9630,40,Male,Emergency,Emergency,Diabetes with Complications,3,0,2,3,4,Home,2025-02-09,41,Medium,0
P-9631,57,Male,Emergency,Emergency,COPD,2,0,9,4,4,Home Health Care,2025-03-08,70,High,1
P-9632,86,Male,Emergency,Elective,COPD,0,1,3,3,11,Rehab,2025-12-03,61,High,1
P-9633,80,Female,Orthopedics,Emergency,Acute Kidney Injury,2,1,1,0,1,Home Health Care,2025-04-13,36,Medium,1
P-9634,44,Female,Orthopedics,Urgent,Diabetes with Complications,1,1,2,1,9,Home,2025-05-25,26,Low,0
P-9635,43,Female,General Medicine,Elective,COPD,1,0,5,1,10,Home Health Care,2025-09-04,29,Low,0
P-9636,82,Male,Cardiology,Emergency,Pneumonia,2,2,2,5,2,Against Medical Advice,2025-12-22,78,High,0
P-9637,43,Male,General Medicine,Emergency,Sepsis,2,1,4,1,4,Skilled Nursing Facility,2025-01-29,33,Medium,0
P-9638,70,Male,Cardiology,Urgent,COPD,1,0,1,4,5,Home,2025-06-04,47,Medium,0
P-9639,52,Male,Cardiology,Emergency,Heart Failure,3,2,2,1,11,Home,2025-05-04,55,Medium,0
P-9640,87,Female,Neurology,Elective,Pneumonia,2,3,6,1,8,Home Health Care,2025-10-10,79,High,1
P-9641,49,Female,Orthopedics,Elective,Hip Fracture,0,0,10,1,10,Home Health Care,2025-01-04,38,Medium,1
P-9642,80,Female,General Medicine,Emergency,Pneumonia,2,1,7,4,9,Home,2025-06-28,84,High,1
P-9643,64,Female,Orthopedics,Emergency,Stroke,0,2,1,0,4,Home,2025-06-22,22,Low,1
P-9644,66,Male,Pediatrics,Emergency,Diabetes with Complications,1,1,12,1,11,Home Health Care,2025-01-13,69,High,0
P-9645,30,Male,General Medicine,Emergency,Acute Kidney Injury,0,1,1,5,3,Home,2025-09-03,26,Low,0
P-9646,26,Female,General Medicine,Elective,Stroke,1,1,6,3,6,Home,2025-05-25,36,Medium,0
P-9647,58,Female,General Medicine,Elective,Heart Failure,1,1,6,0,6,Skilled Nursing Facility,2025-02-22,35,Medium,0
P-9648,65,Female,Cardiology,Transfer,Heart Failure,4,1,3,2,6,Home,2025-10-25,69,High,0
P-9649,43,Female,Cardiology,Urgent,Hip Fracture,3,2,4,1,12,Home Health Care,2025-06-28,57,Medium,1
P-9650,44,Male,General Medicine,Emergency,Diabetes with Complications,2,2,1,1,3,Skilled Nursing Facility,2025-12-30,30,Low,0
P-9651,70,Male,Emergency,Emergency,COPD,3,0,17,2,6,Home Health Care,2025-02-06,88,High,0
P-9652,71,Male,Cardiology,Elective,Pneumonia,1,1,1,4,7,Home,2025-07-01,57,Medium,0
P-9653,59,Male,Emergency,Emergency,Acute Kidney Injury,2,0,11,0,6,Home,2025-09-11,52,Medium,1
P-9654,74,Male,Emergency,Transfer,Diabetes with Complications,1,0,2,1,6,Home Health Care,2025-05-14,34,Medium,1
P-9655,43,Male,Pediatrics,Emergency,Sepsis,2,2,3,3,1,Against Medical Advice,2025-03-26,46,Medium,0
P-9656,56,Female,General Medicine,Urgent,Hip Fracture,3,1,7,1,6,Skilled Nursing Facility,2025-06-22,60,Medium,0
P-9657,88,Female,Emergency,Transfer,Acute Kidney Injury,0,1,10,3,8,Home Health Care,2025-12-05,77,High,1
P-9658,63,Male,Pediatrics,Elective,Stroke,0,0,6,4,5,Home,2025-12-07,49,Medium,0
P-9659,64,Male,Neurology,Emergency,Acute Kidney Injury,1,0,1,2,7,Home,2025-09-14,33,Medium,1
P-9660,95,Female,Emergency,Elective,Sepsis,1,0,2,0,5,Home Health Care,2025-04-05,38,Medium,1
P-9661,39,Male,Neurology,Elective,Gastrointestinal Bleed,1,0,5,1,3,Home,2025-02-18,21,Low,0
P-9662,74,Female,Emergency,Elective,Hypertension,3,1,20,1,5,Skilled Nursing Facility,2025-02-24,92,High,1
P-9663,88,Female,Cardiology,Emergency,Heart Failure,1,2,3,3,9,Home,2025-02-14,73,High,1
P-9664,56,Female,Cardiology,Emergency,Hypertension,2,2,2,2,4,Home,2025-08-01,48,Medium,0
P-9665,75,Male,General Medicine,Urgent,Gastrointestinal Bleed,0,4,2,3,10,Home,2025-03-12,68,High,0
P-9666,46,Female,Emergency,Transfer,Pneumonia,1,1,9,3,11,Home,2025-06-26,63,High,1
P-9667,51,Male,General Medicine,Emergency,Hypertension,2,1,1,3,6,Home Health Care,2025-08-14,45,Medium,1
P-9668,68,Male,General Medicine,Urgent,Pneumonia,1,1,5,1,1,Home,2025-08-23,38,Medium,0
P-9669,74,Male,ICU,Emergency,COPD,1,2,9,1,13,Home Health Care,2025-04-08,73,High,1
P-9670,79,Female,ICU,Urgent,Hip Fracture,2,3,9,3,13,Home Health Care,2025-01-14,91,High,0
P-9671,87,Male,Emergency,Emergency,Heart Failure,3,1,1,1,7,Home,2025-07-25,63,High,0
P-9672,60,Female,Cardiology,Transfer,COPD,0,0,8,3,12,Home,2025-08-22,55,Medium,0
P-9673,81,Male,General Medicine,Elective,Stroke,0,0,12,1,4,Skilled Nursing Facility,2025-05-23,56,Medium,0
P-9674,56,Male,General Medicine,Emergency,Pneumonia,0,1,7,1,7,Home,2025-02-04,36,Medium,0
P-9675,76,Female,General Medicine,Emergency,Stroke,0,0,6,2,3,Home Health Care,2025-06-17,41,Medium,0
P-9676,65,Male,Emergency,Emergency,Acute Kidney Injury,1,0,4,0,9,Home,2025-07-07,31,Medium,0
P-9677,69,Male,General Medicine,Elective,Hypertension,0,0,7,1,7,Home Health Care,2025-05-22,38,Medium,1
P-9678,68,Male,Orthopedics,Urgent,Gastrointestinal Bleed,1,0,4,3,2,Home,2025-08-17,44,Medium,1
P-9679,36,Male,Pediatrics,Elective,Hip Fracture,0,2,3,0,3,Home,2025-11-13,14,Low,0
P-9680,44,Male,Orthopedics,Urgent,Pneumonia,2,0,4,0,2,Against Medical Advice,2025-10-22,21,Low,1
P-9681,63,Female,General Medicine,Elective,COPD,0,0,5,2,8,Home,2025-11-05,36,Medium,1
P-9682,35,Female,Cardiology,Transfer,Stroke,1,2,4,2,7,Home,2025-06-20,36,Medium,0
P-9683,75,Female,General Medicine,Elective,Diabetes with Complications,1,1,5,2,7,Home,2025-05-24,57,Medium,1
P-9684,75,Female,Neurology,Emergency,Hypertension,2,1,19,1,8,Rehab,2025-11-05,89,High,1
P-9685,67,Female,Cardiology,Elective,Sepsis,4,1,2,1,7,Home,2025-12-02,62,High,0
P-9686,44,Female,Cardiology,Emergency,Gastrointestinal Bleed,1,1,25,1,8,Home,2025-01-04,84,High,1
P-9687,84,Female,Cardiology,Transfer,Gastrointestinal Bleed,0,0,1,3,6,Home,2025-01-06,42,Medium,1
P-9688,94,Male,General Medicine,Emergency,Sepsis,1,0,5,1,3,Home,2025-03-30,51,Medium,1
P-9689,64,Male,Emergency,Emergency,Sepsis,2,0,13,3,1,Home Health Care,2025-08-15,74,High,0
P-9690,70,Female,ICU,Emergency,Sepsis,1,1,1,1,8,Home,2025-10-15,37,Medium,1
P-9691,65,Male,Orthopedics,Elective,Hypertension,2,5,21,4,11,Home,2025-04-30,98,High,1
P-9692,70,Female,General Medicine,Emergency,Sepsis,2,1,12,2,5,Home,2025-12-17,78,High,1
P-9693,60,Female,Emergency,Transfer,Pneumonia,0,1,9,5,16,Rehab,2025-10-05,79,High,1
P-9694,61,Male,Emergency,Emergency,COPD,0,2,4,4,5,Home,2025-10-26,54,Medium,1
P-9695,76,Female,Cardiology,Emergency,Sepsis,1,2,2,4,14,Home Health Care,2025-07-28,75,High,1
P-9696,95,Male,Emergency,Emergency,Hypertension,1,0,1,2,6,Skilled Nursing Facility,2025-04-15,50,Medium,1
P-9697,39,Female,Emergency,Emergency,Heart Failure,1,0,1,4,10,Home,2025-04-20,35,Medium,1
P-9698,60,Female,Emergency,Emergency,Heart Failure,1,1,4,1,5,Home,2025-05-26,36,Medium,1
P-9699,43,Female,General Medicine,Emergency,Stroke,2,0,6,2,4,Home,2025-10-04,39,Medium,1
P-9700,87,Male,General Medicine,Emergency,Heart Failure,2,1,2,2,7,Home Health Care,2025-12-01,64,High,1
P-9701,52,Male,Cardiology,Emergency,Acute Kidney Injury,2,2,4,5,8,Home Health Care,2025-07-02,75,High,1
P-9702,38,Female,Emergency,Emergency,Hypertension,2,1,4,1,6,Skilled Nursing Facility,2025-04-20,32,Medium,0
P-9703,72,Female,Orthopedics,Elective,Hip Fracture,4,0,11,6,1,Home,2025-12-04,93,High,1
P-9704,89,Male,ICU,Emergency,Sepsis,1,1,1,2,8,Against Medical Advice,2025-03-10,55,Medium,0
P-9705,72,Male,ICU,Emergency,Pneumonia,0,0,8,0,14,Home,2025-03-15,44,Medium,0
P-9706,65,Male,General Medicine,Emergency,Diabetes with Complications,2,2,7,0,6,Skilled Nursing Facility,2025-02-16,57,Medium,0
P-9707,68,Female,General Medicine,Elective,Diabetes with Complications,1,0,6,2,7,Home,2025-11-16,50,Medium,0
P-9708,84,Female,Cardiology,Emergency,COPD,2,0,2,0,1,Home,2025-06-10,35,Medium,0
P-9709,48,Male,General Medicine,Elective,Gastrointestinal Bleed,1,0,1,1,11,Home,2025-09-25,23,Low,0
P-9710,60,Male,General Medicine,Transfer,Gastrointestinal Bleed,2,0,7,3,7,Home,2025-02-11,63,High,0
P-9711,54,Female,Neurology,Emergency,Heart Failure,0,0,4,1,10,Home,2025-07-26,25,Low,0
P-9712,43,Female,Cardiology,Emergency,Acute Kidney Injury,0,1,5,0,5,Home,2025-07-26,18,Low,0
P-9713,56,Female,General Medicine,Emergency,Gastrointestinal Bleed,4,1,9,4,7,Home,2025-01-31,87,High,1
P-9714,79,Female,ICU,Emergency,COPD,2,1,1,2,5,Home,2025-05-19,54,Medium,1
P-9715,71,Male,General Medicine,Emergency,Stroke,1,0,2,0,1,Home,2025-01-05,22,Low,0
P-9716,72,Male,General Medicine,Emergency,Sepsis,2,1,3,4,6,Home,2025-11-28,70,High,0
P-9717,64,Female,Emergency,Urgent,COPD,3,0,2,5,6,Rehab,2025-04-17,71,High,1
P-9718,70,Female,Orthopedics,Emergency,Hypertension,1,1,14,1,9,Home,2025-01-06,74,High,1
P-9719,49,Female,ICU,Emergency,Stroke,0,0,2,0,1,Home,2025-09-27,10,Low,0
P-9720,57,Female,Emergency,Elective,Stroke,4,2,11,2,5,Home,2025-04-06,85,High,1
P-9721,65,Female,Cardiology,Emergency,Diabetes with Complications,2,0,4,0,4,Home Health Care,2025-07-01,33,Medium,1
P-9722,66,Male,General Medicine,Emergency,Stroke,1,1,1,0,1,Home,2025-09-07,22,Low,0
P-9723,67,Male,ICU,Elective,Gastrointestinal Bleed,0,0,6,1,5,Home,2025-07-09,32,Medium,0
P-9724,59,Female,Orthopedics,Emergency,Sepsis,0,1,7,2,9,Home Health Care,2025-11-02,47,Medium,0
P-9725,55,Female,Orthopedics,Urgent,Sepsis,1,1,1,2,4,Home,2025-07-22,30,Low,0
P-9726,95,Female,Orthopedics,Emergency,Sepsis,0,0,3,5,7,Home,2025-09-03,69,High,0
P-9727,76,Female,Cardiology,Emergency,Diabetes with Complications,2,2,1,3,7,Home,2025-02-08,67,High,1
P-9728,68,Male,General Medicine,Elective,Sepsis,3,2,1,0,7,Home,2025-12-12,50,Medium,1
P-9729,58,Male,ICU,Emergency,Sepsis,5,1,6,3,4,Home,2025-09-13,82,High,1
P-9730,54,Male,Orthopedics,Emergency,Gastrointestinal Bleed,2,1,4,0,7,Home,2025-04-16,36,Medium,1
P-9731,59,Female,General Medicine,Emergency,Diabetes with Complications,0,3,1,3,6,Skilled Nursing Facility,2025-10-02,45,Medium,0
P-9732,66,Female,Emergency,Urgent,Gastrointestinal Bleed,3,1,13,2,2,Home,2025-09-19,81,High,1
P-9733,31,Male,General Medicine,Elective,Acute Kidney Injury,2,1,6,3,7,Home,2025-02-11,48,Medium,1
P-9734,36,Female,ICU,Emergency,Gastrointestinal Bleed,3,2,1,0,9,Home,2025-08-24,34,Medium,0
P-9735,51,Female,Emergency,Elective,Hypertension,3,0,6,2,3,Home,2025-11-01,51,Medium,0
P-9736,65,Female,Cardiology,Elective,Hypertension,3,1,9,3,8,Home,2025-06-28,82,High,1
P-9737,58,Female,Pediatrics,Transfer,Diabetes with Complications,1,1,3,2,13,Skilled Nursing Facility,2025-12-05,48,Medium,1
P-9738,85,Male,Orthopedics,Emergency,Acute Kidney Injury,3,1,7,0,10,Home,2025-09-20,74,High,1
P-9739,38,Female,General Medicine,Urgent,Diabetes with Complications,2,0,2,1,8,Home Health Care,2025-01-02,24,Low,1
P-9740,49,Other,Neurology,Emergency,Acute Kidney Injury,1,0,1,2,7,Skilled Nursing Facility,2025-10-26,25,Low,0
P-9741,86,Male,Emergency,Urgent,Stroke,1,1,16,2,4,Home,2025-05-29,85,High,1
P-9742,64,Female,Neurology,Emergency,Stroke,0,0,1,1,4,Home Health Care,2025-11-20,18,Low,0
P-9743,76,Male,Emergency,Emergency,Stroke,0,0,4,3,8,Home,2025-07-10,48,Medium,1
P-9744,94,Male,General Medicine,Urgent,Acute Kidney Injury,2,1,1,2,6,Home,2025-01-23,64,High,0
P-9745,50,Male,General Medicine,Urgent,Stroke,4,0,5,5,12,Home,2025-02-16,82,High,1
P-9746,60,Female,ICU,Emergency,Sepsis,3,0,1,1,2,Home,2025-02-14,34,Medium,1
P-9747,57,Female,Emergency,Elective,Stroke,0,2,1,2,3,Home,2025-07-28,28,Low,1
P-9748,30,Male,ICU,Emergency,Acute Kidney Injury,1,2,6,1,1,Home Health Care,2025-10-22,26,Low,0
P-9749,57,Female,Pediatrics,Emergency,Diabetes with Complications,3,1,8,5,11,Home,2025-07-21,87,High,1
P-9750,76,Male,Cardiology,Emergency,Gastrointestinal Bleed,3,1,8,3,1,Home Health Care,2025-07-16,79,High,1
P-9751,70,Male,Emergency,Emergency,Diabetes with Complications,0,2,1,2,5,Home,2025-10-18,37,Medium,0
P-9752,71,Male,General Medicine,Elective,Pneumonia,2,1,1,1,4,Skilled Nursing Facility,2025-03-02,41,Medium,0
P-9753,55,Female,Cardiology,Emergency,Gastrointestinal Bleed,2,3,7,4,1,Home,2025-04-08,76,High,1
P-9754,51,Female,Emergency,Emergency,Diabetes with Complications,1,1,1,0,1,Home,2025-04-22,16,Low,0
P-9755,82,Female,General Medicine,Urgent,Hip Fracture,1,1,2,2,5,Home,2025-07-24,50,Medium,0
P-9756,54,Female,Cardiology,Emergency,Pneumonia,1,0,2,2,5,Rehab,2025-06-04,28,Low,1
P-9757,66,Male,General Medicine,Elective,Sepsis,2,0,13,3,8,Home,2025-10-05,81,High,1
P-9758,64,Female,Cardiology,Urgent,Gastrointestinal Bleed,4,1,10,2,6,Home,2025-10-08,83,High,1
P-9759,85,Male,Cardiology,Emergency,Hypertension,1,1,3,0,4,Home,2025-07-18,40,Medium,1
P-9760,77,Female,General Medicine,Emergency,Hypertension,0,1,8,1,9,Home,2025-07-28,54,Medium,0
P-9761,41,Male,Emergency,Elective,Pneumonia,2,2,7,5,11,Home,2025-04-24,79,High,1
P-9762,42,Male,Neurology,Emergency,Gastrointestinal Bleed,0,0,3,3,1,Home,2025-01-06,20,Low,1
P-9763,71,Female,Orthopedics,Emergency,Stroke,4,1,1,3,5,Home,2025-08-25,72,High,0
P-9764,60,Male,Emergency,Elective,Acute Kidney Injury,4,1,7,1,11,Home Health Care,2025-06-01,75,High,0
P-9765,54,Male,Emergency,Urgent,Hip Fracture,1,1,6,2,4,Home,2025-01-26,43,Medium,0
P-9766,78,Female,Emergency,Emergency,Sepsis,0,0,1,2,4,Home,2025-09-20,30,Low,0
P-9767,64,Male,Cardiology,Elective,Stroke,1,1,3,1,16,Home Health Care,2025-08-02,49,Medium,0
P-9768,62,Male,Emergency,Emergency,Pneumonia,3,1,8,1,7,Home,2025-11-09,68,High,1
P-9769,74,Male,Orthopedics,Emergency,Hypertension,0,1,7,3,6,Home,2025-09-07,59,Medium,0
P-9770,55,Male,Emergency,Emergency,Sepsis,0,1,16,1,10,Home Health Care,2025-10-07,65,High,1
P-9771,87,Male,Cardiology,Emergency,Pneumonia,0,0,3,0,9,Home,2025-03-30,33,Medium,0
P-9772,49,Male,Emergency,Urgent,Stroke,3,0,8,3,16,Home,2025-02-28,76,High,1
P-9773,72,Female,ICU,Emergency,Hypertension,3,0,1,2,10,Skilled Nursing Facility,2025-07-27,58,Medium,1
P-9774,84,Female,General Medicine,Emergency,Sepsis,3,1,5,3,3,Against Medical Advice,2025-03-25,78,High,0
P-9775,39,Female,Emergency,Emergency,Hypertension,1,1,2,4,3,Home,2025-12-23,35,Medium,0
P-9776,56,Male,Emergency,Emergency,Hip Fracture,5,0,1,3,8,Skilled Nursing Facility,2025-06-17,69,High,1
P-9777,80,Male,Emergency,Elective,Hip Fracture,1,0,7,2,10,Home,2025-02-03,63,High,0
P-9778,80,Female,Neurology,Elective,Sepsis,1,1,3,2,10,Home,2025-01-28,58,Medium,0
P-9779,59,Female,ICU,Urgent,Diabetes with Complications,2,0,5,4,9,Skilled Nursing Facility,2025-07-23,66,High,1
P-9780,50,Male,Orthopedics,Elective,Hypertension,0,1,8,1,6,Skilled Nursing Facility,2025-07-30,34,Medium,1
P-9781,77,Male,Emergency,Emergency,Hypertension,2,1,4,1,9,Home,2025-06-13,60,Medium,1
P-9782,80,Male,Orthopedics,Emergency,Sepsis,2,0,3,2,13,Home,2025-07-09,64,High,1
P-9783,43,Female,General Medicine,Elective,Heart Failure,3,3,5,1,7,Skilled Nursing Facility,2025-01-26,60,Medium,1
P-9784,42,Female,Cardiology,Emergency,Sepsis,0,1,25,1,8,Home,2025-09-05,78,High,1
P-9785,65,Male,Orthopedics,Transfer,Sepsis,2,2,1,1,7,Home,2025-09-13,47,Medium,1
P-9786,72,Male,General Medicine,Transfer,Sepsis,1,1,2,1,5,Rehab,2025-09-02,37,Medium,1
P-9787,57,Female,ICU,Urgent,Gastrointestinal Bleed,1,1,13,5,8,Home,2025-11-25,84,High,1
P-9788,72,Male,Cardiology,Emergency,COPD,2,0,24,3,10,Home Health Care,2025-11-06,95,High,1
P-9789,50,Female,General Medicine,Emergency,Stroke,1,0,4,5,5,Home,2025-04-28,51,Medium,0
P-9790,28,Female,General Medicine,Urgent,Pneumonia,0,0,1,7,4,Home,2025-02-05,33,Medium,1
P-9791,55,Male,General Medicine,Elective,Hip Fracture,3,1,8,1,8,Home,2025-01-09,65,High,1
P-9792,63,Male,General Medicine,Elective,Diabetes with Complications,1,0,5,2,5,Home,2025-12-22,41,Medium,0
P-9793,57,Male,General Medicine,Emergency,Diabetes with Complications,2,1,4,2,15,Home,2025-01-06,61,High,1
P-9794,43,Female,General Medicine,Urgent,Acute Kidney Injury,1,0,16,1,9,Home Health Care,2025-12-19,59,Medium,0
P-9795,32,Female,General Medicine,Elective,Heart Failure,1,1,1,2,7,Home Health Care,2025-03-22,22,Low,0
P-9796,53,Female,Cardiology,Emergency,Heart Failure,0,1,2,2,12,Home Health Care,2025-04-04,33,Medium,0
P-9797,76,Female,Neurology,Urgent,Pneumonia,3,3,5,0,4,Home Health Care,2025-11-27,69,High,0
P-9798,82,Female,ICU,Emergency,Sepsis,0,2,1,4,13,Home,2025-06-18,68,High,1
P-9799,81,Female,Emergency,Elective,Hypertension,1,0,10,0,14,Rehab,2025-07-05,64,High,0
P-9800,48,Male,General Medicine,Emergency,Sepsis,1,0,7,3,7,Home,2025-10-27,47,Medium,1
P-9801,43,Male,Emergency,Elective,Hip Fracture,0,1,2,3,7,Home,2025-06-15,28,Low,0
P-9802,69,Female,ICU,Emergency,Stroke,2,1,2,1,4,Home Health Care,2025-02-13,42,Medium,1
P-9803,72,Female,ICU,Emergency,Heart Failure,1,0,2,2,1,Home,2025-12-30,33,Medium,1
P-9804,68,Female,General Medicine,Elective,Heart Failure,1,1,9,5,9,Home,2025-11-12,82,High,1
P-9805,29,Female,Pediatrics,Emergency,COPD,0,2,2,5,1,Skilled Nursing Facility,2025-12-23,31,Medium,0
P-9806,48,Male,General Medicine,Urgent,Heart Failure,0,0,2,2,7,Home,2025-05-23,21,Low,0
P-9807,61,Male,Emergency,Emergency,Heart Failure,1,2,7,3,6,Home Health Care,2025-07-30,66,High,1
P-9808,69,Female,Emergency,Urgent,Hypertension,3,0,4,4,9,Skilled Nursing Facility,2025-01-29,75,High,0
P-9809,74,Male,Cardiology,Emergency,Heart Failure,1,0,3,1,1,Rehab,2025-02-25,31,Medium,0
P-9810,64,Male,ICU,Elective,Pneumonia,8,0,4,2,15,Home,2025-03-02,92,High,1
P-9811,67,Female,Cardiology,Emergency,Hypertension,1,1,12,2,9,Home,2025-09-30,74,High,1
P-9812,63,Female,Emergency,Emergency,Diabetes with Complications,0,0,3,2,5,Home Health Care,2025-04-06,28,Low,1
P-9813,72,Female,Cardiology,Elective,Hypertension,1,1,1,2,7,Home,2025-12-07,43,Medium,0
P-9814,67,Female,ICU,Emergency,Hip Fracture,0,2,6,2,9,Home,2025-05-24,55,Medium,1
P-9815,63,Female,General Medicine,Transfer,Stroke,1,1,29,4,1,Home,2025-01-01,96,High,1
P-9816,57,Female,Orthopedics,Emergency,Hypertension,6,1,1,1,5,Home,2025-03-21,67,High,1
P-9817,63,Male,Neurology,Urgent,Hip Fracture,1,0,5,2,4,Home Health Care,2025-12-13,40,Medium,0
P-9818,69,Female,General Medicine,Emergency,COPD,1,1,3,4,2,Skilled Nursing Facility,2025-02-26,55,Medium,1
P-9819,66,Male,ICU,Elective,Gastrointestinal Bleed,0,2,4,1,5,Home,2025-08-13,37,Medium,1
P-9820,68,Other,General Medicine,Emergency,Acute Kidney Injury,0,0,2,1,6,Home,2025-06-04,24,Low,0
P-9821,83,Male,Cardiology,Emergency,Stroke,0,0,7,7,7,Home,2025-04-26,82,High,1
P-9822,66,Male,General Medicine,Emergency,COPD,2,1,1,2,9,Home,2025-09-19,51,Medium,1
P-9823,51,Female,General Medicine,Emergency,Heart Failure,0,1,1,1,7,Home,2025-04-28,19,Low,0
P-9824,76,Female,General Medicine,Elective,Hip Fracture,0,3,4,3,3,Home,2025-08-06,60,Medium,0
P-9825,40,Male,Pediatrics,Elective,Gastrointestinal Bleed,1,3,2,1,6,Rehab,2025-11-17,31,Medium,0
P-9826,44,Male,General Medicine,Urgent,Gastrointestinal Bleed,2,1,12,1,1,Home Health Care,2025-02-17,53,Medium,0
P-9827,67,Female,General Medicine,Emergency,Hypertension,4,1,1,1,5,Home,2025-10-08,57,Medium,0
P-9828,70,Male,Cardiology,Emergency,Hip Fracture,1,1,7,5,3,Home Health Care,2025-08-24,74,High,1
P-9829,42,Male,Neurology,Emergency,Heart Failure,3,1,17,3,11,Home,2025-02-17,89,High,1
P-9830,55,Male,Cardiology,Urgent,Pneumonia,1,3,2,1,8,Home Health Care,2025-12-11,42,Medium,1
P-9831,52,Male,Neurology,Emergency,Acute Kidney Injury,2,1,12,2,9,Skilled Nursing Facility,2025-12-23,73,High,0
P-9832,54,Male,Emergency,Elective,Stroke,0,0,2,3,5,Home,2025-04-29,27,Low,0
P-9833,77,Female,Cardiology,Emergency,Hip Fracture,0,0,4,0,9,Home,2025-01-13,30,Low,0
P-9834,73,Male,Orthopedics,Emergency,Heart Failure,2,0,1,1,8,Home,2025-07-23,41,Medium,1
P-9835,61,Male,ICU,Elective,Acute Kidney Injury,3,1,2,0,8,Home,2025-11-03,44,Medium,0
P-9836,53,Female,Orthopedics,Emergency,Pneumonia,0,0,1,2,8,Home Health Care,2025-03-07,22,Low,0
P-9837,40,Female,Cardiology,Emergency,Stroke,1,1,1,3,11,Home,2025-10-31,36,Medium,0
P-9838,84,Male,Orthopedics,Elective,Sepsis,2,0,25,1,8,Home,2025-08-24,94,High,1
P-9839,71,Male,General Medicine,Emergency,Heart Failure,1,0,7,4,4,Home,2025-01-06,64,High,1
P-9840,50,Female,General Medicine,Emergency,Diabetes with Complications,0,4,2,1,6,Skilled Nursing Facility,2025-05-27,35,Medium,0
P-9841,73,Male,Emergency,Elective,Acute Kidney Injury,0,1,6,2,11,Home,2025-04-01,55,Medium,1
P-9842,60,Female,ICU,Emergency,Acute Kidney Injury,3,2,4,4,7,Home,2025-10-19,79,High,0
P-9843,57,Female,Orthopedics,Emergency,Heart Failure,2,1,12,4,4,Home,2025-07-16,81,High,1
P-9844,68,Male,Cardiology,Elective,COPD,1,0,2,2,4,Home,2025-07-18,34,Medium,1
P-9845,50,Female,Emergency,Elective,Gastrointestinal Bleed,6,0,4,4,4,Home,2025-08-28,81,High,1
P-9846,56,Male,General Medicine,Emergency,Gastrointestinal Bleed,2,0,1,4,9,Against Medical Advice,2025-05-21,52,Medium,0
P-9847,63,Male,Emergency,Elective,Acute Kidney Injury,0,1,6,3,4,Home,2025-07-30,47,Medium,1
P-9848,54,Female,Cardiology,Emergency,Stroke,1,2,4,2,10,Home,2025-01-15,51,Medium,0
P-9849,72,Male,Cardiology,Emergency,Diabetes with Complications,1,1,5,6,8,Home,2025-10-03,80,High,1
P-9850,91,Male,Cardiology,Elective,Heart Failure,3,0,6,1,15,Skilled Nursing Facility,2025-03-27,80,High,1
P-9851,49,Female,Orthopedics,Elective,Diabetes with Complications,2,0,3,3,10,Home,2025-11-13,48,Medium,0
P-9852,35,Female,ICU,Urgent,COPD,0,2,1,2,3,Home Health Care,2025-11-20,18,Low,0
P-9853,29,Male,Pediatrics,Elective,Sepsis,3,0,1,0,14,Home Health Care,2025-03-03,25,Low,0
P-9854,59,Female,Cardiology,Emergency,Pneumonia,2,0,6,3,9,Rehab,2025-12-23,62,High,1
P-9855,51,Male,Cardiology,Emergency,Diabetes with Complications,2,3,24,1,6,Home,2025-10-22,92,High,1
P-9856,65,Female,General Medicine,Urgent,Stroke,1,1,3,3,9,Home,2025-09-27,54,Medium,0
P-9857,64,Female,ICU,Urgent,Hip Fracture,2,0,1,0,12,Home Health Care,2025-08-28,34,Medium,0
P-9858,36,Female,General Medicine,Emergency,Gastrointestinal Bleed,1,0,1,4,8,Home,2025-12-19,31,Medium,0
P-9859,32,Female,Orthopedics,Emergency,Hypertension,4,1,3,1,2,Home Health Care,2025-01-14,38,Medium,0
P-9860,66,Male,ICU,Elective,Hip Fracture,0,1,6,3,13,Home,2025-10-08,60,Medium,0
P-9861,64,Male,General Medicine,Elective,Diabetes with Complications,1,1,5,4,2,Home,2025-05-12,58,Medium,1
P-9862,55,Male,Emergency,Emergency,Pneumonia,2,2,2,1,10,Rehab,2025-11-23,47,Medium,0
P-9863,35,Female,Cardiology,Elective,Heart Failure,1,1,5,0,9,Rehab,2025-11-30,24,Low,0
P-9864,69,Male,Cardiology,Emergency,Heart Failure,1,1,4,2,10,Home,2025-08-05,54,Medium,0
P-9865,82,Female,Neurology,Emergency,Sepsis,2,1,2,2,3,Home,2025-11-12,56,Medium,1
P-9866,66,Female,Cardiology,Emergency,Pneumonia,4,2,3,1,10,Home,2025-12-02,73,High,1
P-9867,48,Male,Orthopedics,Emergency,COPD,3,0,10,1,8,Home,2025-02-18,61,High,1
P-9868,62,Female,Emergency,Urgent,Hypertension,0,1,7,1,3,Home,2025-06-20,35,Medium,0
P-9869,40,Female,ICU,Emergency,Hip Fracture,1,1,12,4,5,Home,2025-01-09,67,High,1
P-9870,78,Male,Emergency,Emergency,Acute Kidney Injury,1,1,11,3,10,Rehab,2025-04-12,82,High,1
P-9871,63,Female,Orthopedics,Urgent,Sepsis,0,0,2,1,9,Home,2025-04-24,24,Low,0
P-9872,33,Male,General Medicine,Emergency,Gastrointestinal Bleed,2,1,9,0,5,Skilled Nursing Facility,2025-12-31,36,Medium,0
P-9873,57,Male,Emergency,Elective,Diabetes with Complications,1,0,5,3,9,Home,2025-09-15,49,Medium,1
P-9874,69,Female,Orthopedics,Elective,Pneumonia,2,1,15,5,8,Home,2025-10-03,93,High,1
P-9875,56,Other,Cardiology,Emergency,Acute Kidney Injury,0,0,1,3,8,Home,2025-04-21,28,Low,0
P-9876,57,Male,Neurology,Emergency,Diabetes with Complications,1,0,2,1,5,Home,2025-03-15,24,Low,0
P-9877,42,Female,Orthopedics,Urgent,Hip Fracture,1,1,3,2,5,Skilled Nursing Facility,2025-01-15,29,Low,0
P-9878,71,Male,General Medicine,Elective,Diabetes with Complications,1,1,1,1,6,Rehab,2025-05-05,35,Medium,0
P-9879,51,Female,Orthopedics,Emergency,COPD,3,0,3,2,1,Home,2025-04-02,40,Medium,0
P-9880,27,Female,Emergency,Urgent,Pneumonia,2,0,13,4,4,Home Health Care,2025-08-14,64,High,1
P-9881,56,Male,General Medicine,Emergency,COPD,1,1,8,1,4,Home,2025-11-03,44,Medium,1
P-9882,77,Female,General Medicine,Emergency,COPD,0,1,1,1,4,Home,2025-11-22,28,Low,1
P-9883,55,Male,Emergency,Elective,Sepsis,0,2,2,1,5,Home,2025-12-14,26,Low,0
P-9884,89,Male,General Medicine,Elective,Hypertension,1,1,17,6,12,Home Health Care,2025-02-27,97,High,1
P-9885,68,Female,Cardiology,Emergency,Hypertension,2,0,1,7,2,Home,2025-08-29,71,High,1
P-9886,67,Male,Emergency,Emergency,Hypertension,2,0,3,2,1,Home,2025-06-29,41,Medium,0
P-9887,59,Female,Cardiology,Elective,Gastrointestinal Bleed,1,0,10,1,1,Against Medical Advice,2025-01-07,41,Medium,1
P-9888,60,Female,Cardiology,Elective,Pneumonia,2,2,6,4,5,Home,2025-02-02,75,High,1
P-9889,57,Male,Emergency,Urgent,Heart Failure,1,1,19,4,6,Home,2025-01-21,88,High,1
P-9890,57,Male,Orthopedics,Emergency,Hip Fracture,5,0,17,0,8,Skilled Nursing Facility,2025-11-15,87,High,0
P-9891,70,Male,Emergency,Elective,Stroke,4,0,7,1,1,Home,2025-08-22,65,High,0
P-9892,47,Male,General Medicine,Emergency,Diabetes with Complications,2,1,3,2,6,Home,2025-12-25,41,Medium,1
P-9893,44,Male,Cardiology,Urgent,Acute Kidney Injury,0,0,5,1,3,Home,2025-11-12,17,Low,0
P-9894,44,Male,Emergency,Emergency,Hypertension,1,0,8,4,11,Rehab,2025-04-02,59,Medium,1
P-9895,94,Female,Cardiology,Elective,COPD,3,0,2,6,5,Home,2025-06-11,87,High,0
P-9896,70,Female,Cardiology,Urgent,Gastrointestinal Bleed,0,0,3,1,5,Home,2025-01-16,26,Low,1
P-9897,66,Male,General Medicine,Urgent,COPD,1,1,5,0,9,Home,2025-04-07,40,Medium,0
P-9898,45,Male,General Medicine,Elective,Acute Kidney Injury,3,0,2,4,5,Home,2025-02-16,52,Medium,1
P-9899,71,Female,Cardiology,Elective,Hip Fracture,2,0,5,1,4,Skilled Nursing Facility,2025-12-15,46,Medium,1
P-9900,60,Female,Emergency,Urgent,Pneumonia,2,1,1,2,3,Home,2025-05-27,40,Medium,1
P-9901,65,Male,Orthopedics,Urgent,Sepsis,0,0,3,2,5,Home,2025-07-25,29,Low,0
P-9902,46,Female,Cardiology,Elective,Sepsis,0,0,1,1,4,Home,2025-08-11,12,Low,0
P-9903,64,Female,ICU,Elective,Stroke,1,0,9,4,3,Against Medical Advice,2025-08-07,65,High,0
P-9904,55,Female,General Medicine,Emergency,Gastrointestinal Bleed,3,1,2,1,5,Home,2025-08-12,44,Medium,1
P-9905,49,Male,ICU,Emergency,Pneumonia,2,1,12,5,13,Home,2025-04-15,88,High,1
P-9906,73,Female,Pediatrics,Emergency,Acute Kidney Injury,2,0,7,1,12,Home Health Care,2025-04-15,63,High,0
P-9907,37,Male,General Medicine,Emergency,Acute Kidney Injury,2,2,2,1,14,Skilled Nursing Facility,2025-07-01,41,Medium,0
P-9908,71,Female,Emergency,Elective,Acute Kidney Injury,0,3,5,1,6,Home Health Care,2025-01-28,50,Medium,0
P-9909,72,Male,Emergency,Emergency,Sepsis,3,1,3,1,8,Home,2025-01-29,61,High,0
P-9910,47,Female,General Medicine,Emergency,Heart Failure,0,2,8,1,11,Home,2025-11-14,44,Medium,1
P-9911,48,Female,ICU,Emergency,Gastrointestinal Bleed,1,2,6,2,8,Home,2025-07-21,51,Medium,0
P-9912,58,Female,Neurology,Emergency,Pneumonia,2,2,5,2,3,Home Health Care,2025-04-13,56,Medium,0
P-9913,66,Female,General Medicine,Emergency,Sepsis,1,1,6,2,7,Home,2025-08-17,54,Medium,1
P-9914,59,Male,Cardiology,Urgent,COPD,1,0,3,1,1,Home,2025-03-10,23,Low,1
P-9915,68,Female,General Medicine,Elective,Stroke,1,1,3,3,4,Home,2025-05-14,50,Medium,1
P-9916,90,Female,Cardiology,Emergency,Hip Fracture,1,0,2,3,9,Rehab,2025-07-02,61,High,1
P-9917,53,Male,ICU,Emergency,COPD,0,0,1,4,1,Home Health Care,2025-08-05,25,Low,1
P-9918,34,Female,General Medicine,Elective,Hypertension,3,1,3,1,3,Home,2025-11-18,32,Medium,0
P-9919,75,Female,General Medicine,Elective,Sepsis,0,1,5,4,3,Home,2025-10-19,57,Medium,1
P-9920,88,Female,General Medicine,Emergency,Hypertension,1,1,2,2,1,Home,2025-09-20,49,Medium,1
P-9921,68,Female,Cardiology,Emergency,Stroke,1,0,1,1,9,Home,2025-01-18,31,Medium,0
P-9922,44,Female,General Medicine,Emergency,Hypertension,1,1,15,3,7,Home Health Care,2025-05-31,73,High,1
P-9923,60,Female,ICU,Emergency,Stroke,0,0,4,1,4,Home Health Care,2025-01-28,22,Low,0
P-9924,44,Female,General Medicine,Emergency,Gastrointestinal Bleed,2,0,1,3,10,Skilled Nursing Facility,2025-05-14,39,Medium,0
P-9925,72,Female,General Medicine,Elective,Hip Fracture,0,0,7,3,2,Skilled Nursing Facility,2025-07-20,47,Medium,0
P-9926,40,Female,General Medicine,Urgent,Pneumonia,0,0,6,2,7,Home,2025-06-11,26,Low,0
P-9927,57,Female,Orthopedics,Emergency,COPD,0,1,3,5,6,Skilled Nursing Facility,2025-10-19,51,Medium,0
P-9928,45,Male,Orthopedics,Elective,Gastrointestinal Bleed,1,1,6,0,5,Home Health Care,2025-10-25,27,Low,0
P-9929,64,Male,Pediatrics,Transfer,Stroke,6,1,12,2,5,Home,2025-02-18,92,High,1
P-9930,56,Female,Pediatrics,Elective,Stroke,1,0,2,2,3,Rehab,2025-01-20,27,Low,0
P-9931,64,Female,General Medicine,Elective,Heart Failure,1,0,4,2,3,Rehab,2025-03-06,36,Medium,0
P-9932,62,Male,Pediatrics,Urgent,Diabetes with Complications,3,1,7,4,6,Skilled Nursing Facility,2025-05-25,80,High,0
P-9933,46,Male,Orthopedics,Emergency,Heart Failure,2,2,1,0,12,Home,2025-08-26,35,Medium,0
P-9934,72,Male,General Medicine,Emergency,COPD,1,1,7,2,1,Home,2025-08-08,54,Medium,0
P-9935,61,Female,ICU,Transfer,COPD,1,0,7,4,1,Skilled Nursing Facility,2025-09-28,55,Medium,1
P-9936,46,Female,ICU,Emergency,Acute Kidney Injury,0,0,4,0,10,Home,2025-09-06,17,Low,0
P-9937,95,Female,Orthopedics,Elective,Acute Kidney Injury,4,1,7,1,8,Home Health Care,2025-04-23,86,High,1
P-9938,69,Male,Emergency,Urgent,Heart Failure,1,0,5,3,10,Home Health Care,2025-06-16,58,Medium,0
P-9939,59,Male,Orthopedics,Emergency,Stroke,3,2,2,1,8,Home Health Care,2025-04-25,56,Medium,1
P-9940,84,Male,Emergency,Emergency,Sepsis,1,1,1,1,3,Home,2025-04-19,39,Medium,0
P-9941,91,Male,Emergency,Emergency,Hip Fracture,2,0,15,4,6,Home,2025-10-25,92,High,1
P-9942,59,Female,General Medicine,Emergency,COPD,0,0,4,4,8,Skilled Nursing Facility,2025-01-01,44,Medium,1
P-9943,67,Male,Neurology,Emergency,Heart Failure,1,0,6,0,6,Home,2025-03-13,34,Medium,0
P-9944,46,Male,ICU,Emergency,Pneumonia,2,0,4,1,8,Home Health Care,2025-07-12,33,Medium,0
P-9945,59,Male,Orthopedics,Emergency,Gastrointestinal Bleed,1,0,7,2,10,Home Health Care,2025-04-11,51,Medium,1
P-9946,58,Male,General Medicine,Emergency,Hypertension,5,2,1,2,9,Home,2025-12-16,76,High,1
P-9947,64,Male,Emergency,Emergency,Stroke,1,1,2,1,3,Home,2025-01-05,30,Low,1
P-9948,67,Male,Emergency,Elective,Diabetes with Complications,2,2,9,3,4,Home Health Care,2025-07-20,78,High,1
P-9949,70,Male,ICU,Urgent,Pneumonia,2,0,1,3,7,Home,2025-05-28,51,Medium,0
P-9950,65,Male,ICU,Elective,Diabetes with Complications,1,0,3,2,5,Home,2025-07-22,36,Medium,0
P-9951,42,Male,Emergency,Emergency,COPD,1,1,1,5,5,Skilled Nursing Facility,2025-12-25,43,Medium,0
P-9952,46,Female,ICU,Transfer,Diabetes with Complications,0,1,4,5,12,Home,2025-07-02,54,Medium,0
P-9953,53,Other,Cardiology,Emergency,COPD,1,0,3,2,2,Skilled Nursing Facility,2025-05-04,27,Low,0
P-9954,57,Female,Orthopedics,Emergency,Stroke,3,0,7,2,1,Home,2025-02-25,56,Medium,1
P-9955,78,Female,General Medicine,Emergency,Hip Fracture,2,1,2,4,10,Home Health Care,2025-07-21,74,High,1
P-9956,43,Female,General Medicine,Emergency,Hypertension,0,1,3,2,6,Home,2025-03-17,24,Low,0
P-9957,56,Male,Cardiology,Emergency,Sepsis,0,2,2,4,3,Home,2025-12-10,43,Medium,0
P-9958,77,Male,Orthopedics,Emergency,Gastrointestinal Bleed,4,1,1,2,6,Against Medical Advice,2025-05-04,70,High,0
P-9959,57,Male,Orthopedics,Emergency,Sepsis,4,0,2,2,13,Home,2025-10-12,64,High,1
P-9960,69,Male,Emergency,Emergency,Pneumonia,0,1,11,1,9,Home,2025-04-05,58,Medium,1
P-9961,59,Female,Neurology,Emergency,Heart Failure,0,0,3,2,8,Skilled Nursing Facility,2025-04-28,29,Low,1
P-9962,66,Male,Orthopedics,Elective,Gastrointestinal Bleed,4,2,4,1,4,Skilled Nursing Facility,2025-01-20,69,High,1
P-9963,58,Female,General Medicine,Emergency,Pneumonia,2,2,7,1,8,Rehab,2025-04-24,62,High,1
P-9964,72,Male,General Medicine,Emergency,Heart Failure,1,0,9,4,4,Home,2025-07-01,70,High,1
P-9965,37,Female,Cardiology,Urgent,Diabetes with Complications,1,1,1,0,15,Home,2025-06-13,21,Low,0
P-9966,56,Female,Cardiology,Emergency,Pneumonia,2,1,1,3,8,Home,2025-12-04,50,Medium,1
P-9967,66,Other,ICU,Emergency,Hip Fracture,0,3,3,5,5,Home,2025-09-30,67,High,0
P-9968,70,Female,ICU,Emergency,Hip Fracture,4,2,2,2,3,Home,2025-01-06,71,High,0
P-9969,85,Male,Cardiology,Elective,Diabetes with Complications,2,0,3,1,13,Home,2025-02-23,60,Medium,1
P-9970,55,Female,Orthopedics,Elective,Sepsis,0,0,5,2,5,Home Health Care,2025-08-15,29,Low,0
P-9971,85,Male,Cardiology,Emergency,Diabetes with Complications,2,0,4,2,11,Home Health Care,2025-02-27,67,High,0
P-9972,51,Female,Pediatrics,Emergency,Stroke,0,0,6,1,6,Home,2025-01-16,25,Low,0
P-9973,83,Male,General Medicine,Emergency,Hypertension,4,2,1,3,7,Rehab,2025-04-29,83,High,1
P-9974,75,Male,Cardiology,Elective,Pneumonia,1,1,4,3,7,Home,2025-05-06,61,High,1
P-9975,47,Female,Emergency,Urgent,Hip Fracture,1,1,6,0,3,Skilled Nursing Facility,2025-07-21,26,Low,0
P-9976,66,Male,Cardiology,Elective,Pneumonia,1,1,26,0,3,Rehab,2025-01-12,86,High,1
P-9977,61,Male,Pediatrics,Emergency,Hypertension,2,0,1,1,8,Home,2025-05-11,34,Medium,1
P-9978,72,Male,Orthopedics,Emergency,Sepsis,3,0,1,2,9,Home,2025-07-26,57,Medium,1
P-9979,58,Female,ICU,Emergency,Heart Failure,1,0,2,4,10,Home,2025-05-18,49,Medium,0
P-9980,57,Female,Neurology,Elective,Hip Fracture,1,1,2,1,5,Skilled Nursing Facility,2025-03-18,29,Low,0
P-9981,83,Female,General Medicine,Emergency,Stroke,0,1,8,2,4,Home,2025-01-07,59,Medium,1
P-9982,60,Female,ICU,Emergency,Heart Failure,2,2,2,1,11,Home Health Care,2025-11-09,52,Medium,0
P-9983,75,Male,General Medicine,Elective,Stroke,1,1,2,1,6,Home,2025-12-09,40,Medium,0
P-9984,58,Female,General Medicine,Emergency,Acute Kidney Injury,0,0,10,1,1,Home,2025-04-09,33,Medium,1
P-9985,88,Female,Cardiology,Elective,Diabetes with Complications,2,0,3,5,10,Against Medical Advice,2025-11-30,81,High,1
P-9986,51,Female,General Medicine,Elective,Heart Failure,1,2,5,1,5,Skilled Nursing Facility,2025-10-07,39,Medium,0
P-9987,52,Male,ICU,Emergency,Diabetes with Complications,2,0,2,1,3,Home,2025-11-08,26,Low,0
P-9988,86,Male,Emergency,Urgent,Sepsis,3,1,5,0,11,Home,2025-08-18,71,High,1
P-9989,54,Male,ICU,Elective,Diabetes with Complications,2,0,11,1,8,Home,2025-12-30,59,Medium,0
P-9990,87,Male,Pediatrics,Emergency,Sepsis,3,0,6,1,5,Skilled Nursing Facility,2025-07-03,68,High,0
P-9991,76,Male,General Medicine,Urgent,Hip Fracture,0,0,1,1,1,Home,2025-08-06,21,Low,0
P-9992,59,Male,Cardiology,Elective,Hip Fracture,1,1,1,3,4,Against Medical Advice,2025-01-16,39,Medium,1
P-9993,32,Male,Emergency,Elective,Sepsis,0,1,1,4,11,Home,2025-07-29,30,Low,0
P-9994,61,Male,Cardiology,Elective,Acute Kidney Injury,2,1,12,1,5,Home,2025-11-01,68,High,1
P-9995,63,Female,General Medicine,Emergency,COPD,1,1,5,2,9,Home Health Care,2025-04-09,52,Medium,1
P-9996,80,Female,ICU,Emergency,Sepsis,0,2,1,3,6,Home,2025-06-23,51,Medium,1
P-9997,87,Male,Orthopedics,Elective,Acute Kidney Injury,3,0,9,4,6,Skilled Nursing Facility,2025-06-20,88,High,1
P-9998,51,Female,Neurology,Emergency,Hypertension,1,0,2,5,6,Home,2025-12-26,47,Medium,0
P-9999,74,Female,General Medicine,Urgent,COPD,0,2,6,2,12,Against Medical Advice,2025-12-06,63,High,1
P-10000,74,Female,Cardiology,Emergency,Sepsis,3,2,9,3,7,Skilled Nursing Facility,2025-04-14,88,High,1
P-10001,79,Other,Emergency,Elective,Gastrointestinal Bleed,0,1,7,2,5,Skilled Nursing Facility,2025-12-16,54,Medium,0
P-10002,69,Male,Emergency,Emergency,Gastrointestinal Bleed,0,0,8,0,10,Home,2025-09-24,37,Medium,1
P-10003,30,Female,General Medicine,Emergency,Hip Fracture,3,1,8,3,4,Home,2025-05-16,59,Medium,1
P-10004,59,Female,General Medicine,Elective,Hypertension,0,3,1,6,8,Home,2025-03-21,67,High,0
P-10005,43,Male,General Medicine,Elective,Heart Failure,1,0,3,2,9,Against Medical Advice,2025-08-28,29,Low,1
P-10006,58,Female,Emergency,Emergency,Gastrointestinal Bleed,3,0,12,1,3,Home,2025-08-23,66,High,1
P-10007,77,Female,Orthopedics,Emergency,Acute Kidney Injury,3,0,1,3,5,Home,2025-08-19,62,High,0
P-10008,66,Male,ICU,Urgent,Pneumonia,1,1,17,1,3,Rehab,2025-07-02,73,High,1
P-10009,80,Female,Emergency,Urgent,Hip Fracture,2,1,2,3,9,Home,2025-01-07,69,High,1
P-10010,67,Male,General Medicine,Emergency,Hip Fracture,2,0,5,4,5,Home,2025-08-24,66,High,1
P-10011,41,Female,ICU,Emergency,Gastrointestinal Bleed,1,1,2,2,10,Home Health Care,2025-09-10,32,Medium,1
P-10012,21,Male,General Medicine,Emergency,Diabetes with Complications,1,0,19,4,15,Skilled Nursing Facility,2025-03-18,79,High,1
P-10013,64,Male,Orthopedics,Urgent,Hypertension,1,3,4,2,6,Home,2025-04-14,58,Medium,0
P-10014,58,Female,General Medicine,Emergency,COPD,2,1,1,0,5,Rehab,2025-08-14,28,Low,0
P-10015,46,Male,ICU,Emergency,Hypertension,0,2,9,2,12,Home,2025-09-10,55,Medium,0
P-10016,34,Male,Cardiology,Emergency,Diabetes with Complications,0,3,3,3,8,Skilled Nursing Facility,2025-03-17,38,Medium,1
P-10017,50,Male,Emergency,Elective,Sepsis,1,0,9,0,9,Home,2025-06-10,36,Medium,0
P-10018,58,Male,Cardiology,Urgent,Heart Failure,2,1,3,0,4,Home,2025-08-19,32,Medium,0
P-10019,72,Female,Pediatrics,Emergency,Hypertension,0,1,13,3,8,Skilled Nursing Facility,2025-08-27,76,High,1
P-10020,65,Male,General Medicine,Emergency,Pneumonia,0,0,1,3,7,Home,2025-11-25,32,Medium,0
P-10021,87,Female,Cardiology,Elective,Diabetes with Complications,1,0,19,2,7,Home,2025-06-23,88,High,1
P-10022,45,Male,Neurology,Emergency,Stroke,2,1,3,1,5,Home,2025-04-16,32,Medium,1
P-10023,76,Male,General Medicine,Emergency,Hip Fracture,3,1,3,4,10,Home Health Care,2025-11-03,81,High,1
P-10024,62,Male,Cardiology,Urgent,Diabetes with Complications,0,1,1,1,6,Home,2025-07-03,23,Low,0
P-10025,73,Female,Emergency,Urgent,Gastrointestinal Bleed,1,2,2,1,6,Home,2025-08-28,45,Medium,1
P-10026,55,Male,Cardiology,Transfer,Heart Failure,2,1,2,3,3,Home,2025-09-14,46,Medium,1
P-10027,79,Male,Pediatrics,Emergency,Diabetes with Complications,4,0,6,2,7,Home,2025-11-11,79,High,0
P-10028,66,Male,Emergency,Emergency,Pneumonia,3,1,6,5,5,Home Health Care,2025-04-22,83,High,1
P-10029,51,Female,Orthopedics,Elective,Diabetes with Complications,3,2,10,1,4,Skilled Nursing Facility,2025-09-22,69,High,1
P-10030,61,Male,Emergency,Emergency,Heart Failure,1,2,13,2,3,Home Health Care,2025-06-27,72,High,1
P-10031,58,Female,Orthopedics,Emergency,Hip Fracture,0,0,6,1,5,Home,2025-12-28,27,Low,0
P-10032,69,Male,ICU,Emergency,Heart Failure,2,2,6,1,8,Home,2025-03-07,65,High,0
P-10033,43,Male,Pediatrics,Transfer,Acute Kidney Injury,1,0,11,0,3,Home,2025-04-25,31,Medium,0
P-10034,61,Male,Neurology,Elective,Sepsis,2,0,1,0,15,Skilled Nursing Facility,2025-05-23,35,Medium,1
P-10035,68,Male,Emergency,Emergency,Stroke,2,1,1,0,4,Home,2025-06-24,33,Medium,0
P-10036,62,Female,General Medicine,Emergency,Pneumonia,0,0,6,5,9,Home,2025-09-10,60,Medium,1
P-10037,83,Female,General Medicine,Urgent,Stroke,2,1,2,4,8,Home,2025-07-02,75,High,1
P-10038,74,Male,Neurology,Urgent,Hip Fracture,0,0,3,2,9,Home Health Care,2025-07-19,38,Medium,0
P-10039,61,Male,Emergency,Elective,Hypertension,1,0,5,1,3,Home,2025-11-07,31,Medium,0
P-10040,65,Male,Emergency,Emergency,Pneumonia,2,0,14,2,12,Home,2025-11-25,81,High,1
P-10041,66,Male,Orthopedics,Emergency,Acute Kidney Injury,0,1,10,0,6,Home,2025-12-13,43,Medium,1
P-10042,68,Male,General Medicine,Elective,Heart Failure,1,0,6,1,6,Home Health Care,2025-04-02,41,Medium,0
P-10043,32,Female,Emergency,Urgent,Gastrointestinal Bleed,1,1,3,0,8,Home,2025-06-26,18,Low,1
P-10044,57,Male,Orthopedics,Emergency,Hip Fracture,0,0,8,4,12,Home,2025-09-17,60,Medium,1
P-10045,38,Female,ICU,Emergency,Pneumonia,2,2,1,6,1,Home,2025-01-22,57,Medium,1
P-10046,82,Male,General Medicine,Emergency,COPD,2,0,8,1,7,Home,2025-08-29,65,High,0
P-10047,61,Male,Cardiology,Emergency,Heart Failure,1,0,3,2,8,Home,2025-09-11,38,Medium,1
P-10048,58,Male,Cardiology,Emergency,Heart Failure,3,1,2,1,6,Home Health Care,2025-03-02,47,Medium,0
P-10049,76,Male,Emergency,Urgent,Sepsis,1,1,3,3,11,Home,2025-02-03,63,High,0
P-10050,68,Male,Emergency,Emergency,Sepsis,1,0,7,1,3,Home Health Care,2025-09-25,41,Medium,0
P-10051,43,Male,Emergency,Emergency,Gastrointestinal Bleed,2,2,5,4,7,Home Health Care,2025-05-10,66,High,1
P-10052,60,Male,Emergency,Emergency,Acute Kidney Injury,0,1,1,6,10,Home,2025-12-07,59,Medium,1
P-10053,56,Female,Emergency,Urgent,Pneumonia,1,1,6,2,6,Rehab,2025-07-24,47,Medium,1
P-10054,34,Male,Cardiology,Elective,Sepsis,0,0,9,3,8,Skilled Nursing Facility,2025-03-04,37,Medium,0
P-10055,50,Female,General Medicine,Emergency,Hip Fracture,0,2,1,0,4,Home,2025-09-18,16,Low,0
P-10056,59,Male,Emergency,Emergency,Stroke,4,0,1,3,7,Home,2025-08-29,62,High,1
P-10057,60,Female,Emergency,Elective,Hypertension,0,1,1,2,7,Home,2025-03-16,28,Low,0
P-10058,38,Male,General Medicine,Emergency,Pneumonia,0,0,1,3,8,Rehab,2025-09-07,20,Low,0
P-10059,80,Male,Neurology,Emergency,Heart Failure,1,1,1,3,7,Skilled Nursing Facility,2025-10-23,55,Medium,0
P-10060,60,Female,General Medicine,Elective,COPD,0,1,8,0,9,Home Health Care,2025-11-18,37,Medium,0
P-10061,62,Male,ICU,Emergency,Sepsis,1,1,7,0,4,Home,2025-08-16,38,Medium,0
P-10062,68,Female,Orthopedics,Transfer,COPD,1,1,13,3,11,Home Health Care,2025-07-19,82,High,0
P-10063,49,Female,Pediatrics,Emergency,Acute Kidney Injury,4,1,2,2,6,Home,2025-11-16,57,Medium,0
P-10064,69,Male,Emergency,Emergency,Hypertension,2,0,6,3,7,Home,2025-03-19,65,High,0
P-10065,56,Female,Pediatrics,Emergency,Stroke,0,0,3,1,8,Home Health Care,2025-10-23,22,Low,0
P-10066,47,Female,Emergency,Emergency,Acute Kidney Injury,3,2,4,1,4,Rehab,2025-11-12,50,Medium,0
P-10067,71,Female,Emergency,Emergency,Acute Kidney Injury,1,4,3,1,6,Home,2025-08-25,59,Medium,1
P-10068,85,Female,Emergency,Elective,Diabetes with Complications,1,0,3,5,1,Home,2025-03-25,64,High,1
P-10069,73,Male,General Medicine,Emergency,Heart Failure,0,0,2,2,6,Home,2025-06-13,32,Medium,0
P-10070,76,Male,Cardiology,Emergency,COPD,0,1,4,1,7,Rehab,2025-05-23,39,Medium,1
P-10071,53,Female,Cardiology,Urgent,Hypertension,2,1,2,1,9,Home Health Care,2025-08-28,39,Medium,0
P-10072,36,Male,ICU,Urgent,Hip Fracture,2,1,1,3,4,Home Health Care,2025-11-29,33,Medium,0
P-10073,85,Male,Cardiology,Elective,Pneumonia,1,2,7,1,1,Home,2025-10-05,61,High,0
P-10074,94,Male,Emergency,Urgent,Sepsis,2,1,5,0,8,Home,2025-03-13,65,High,1
P-10075,86,Female,General Medicine,Emergency,Hypertension,1,0,2,3,5,Home,2025-08-04,53,Medium,0
P-10076,56,Male,Cardiology,Emergency,Diabetes with Complications,2,1,5,0,10,Home,2025-03-24,44,Medium,0
P-10077,43,Female,Pediatrics,Emergency,Gastrointestinal Bleed,1,1,1,0,3,Home Health Care,2025-07-22,15,Low,0
P-10078,44,Male,Cardiology,Transfer,Gastrointestinal Bleed,1,0,21,3,1,Home,2025-03-22,76,High,1
P-10079,35,Male,Emergency,Emergency,COPD,3,1,1,4,9,Home,2025-02-19,54,Medium,0
P-10080,60,Female,Cardiology,Emergency,Hip Fracture,1,2,13,2,6,Home Health Care,2025-09-03,74,High,1
P-10081,87,Female,Cardiology,Emergency,Diabetes with Complications,1,2,1,3,9,Home,2025-08-25,68,High,1
P-10082,59,Male,ICU,Emergency,Hypertension,0,0,6,0,3,Home,2025-12-08,21,Low,0
P-10083,66,Male,General Medicine,Emergency,Diabetes with Complications,1,0,2,3,3,Home,2025-06-12,38,Medium,0
P-10084,84,Male,General Medicine,Emergency,Sepsis,2,1,16,1,11,Home Health Care,2025-11-19,89,High,1
P-10085,55,Female,Cardiology,Emergency,Diabetes with Complications,1,1,2,1,11,Home,2025-09-08,34,Medium,0
P-10086,94,Male,Emergency,Emergency,Heart Failure,3,0,1,1,4,Home,2025-04-25,57,Medium,0
P-10087,93,Male,ICU,Emergency,Hypertension,1,1,1,4,4,Home Health Care,2025-09-28,66,High,0
P-10088,59,Female,Orthopedics,Elective,Diabetes with Complications,2,1,9,0,7,Home Health Care,2025-10-29,54,Medium,1
P-10089,52,Male,General Medicine,Elective,Diabetes with Complications,1,0,1,5,1,Home,2025-03-29,38,Medium,0
P-10090,73,Male,ICU,Emergency,Acute Kidney Injury,1,0,8,4,9,Home,2025-08-03,73,High,1
P-10091,56,Female,Emergency,Elective,Sepsis,1,0,1,1,6,Rehab,2025-06-05,22,Low,0
P-10092,43,Female,Pediatrics,Emergency,Pneumonia,1,0,2,3,10,Home,2025-05-20,33,Medium,0
P-10093,82,Female,Emergency,Emergency,Hip Fracture,2,1,18,2,8,Home Health Care,2025-06-18,92,High,1
P-10094,81,Male,Emergency,Urgent,Diabetes with Complications,2,2,6,4,6,Rehab,2025-04-10,84,High,1
P-10095,64,Female,Emergency,Emergency,Hypertension,1,0,1,3,10,Home,2025-07-15,43,Medium,1
P-10096,41,Female,General Medicine,Emergency,Pneumonia,2,0,2,4,1,Home,2025-11-14,36,Medium,0
P-10097,42,Male,Pediatrics,Urgent,COPD,3,0,3,4,9,Home,2025-07-31,58,Medium,0
P-10098,63,Female,Pediatrics,Emergency,Acute Kidney Injury,0,0,10,4,9,Home,2025-02-24,66,High,1
P-10099,54,Male,General Medicine,Emergency,Acute Kidney Injury,2,2,6,1,10,Home,2025-03-03,59,Medium,1
P-10100,56,Female,Emergency,Urgent,Sepsis,1,3,6,1,1,Home,2025-09-07,46,Medium,1
P-10101,78,Female,Emergency,Emergency,COPD,1,0,3,3,7,Home Health Care,2025-03-23,54,Medium,0
P-10102,73,Female,Emergency,Elective,Hypertension,0,0,5,6,5,Skilled Nursing Facility,2025-01-28,66,High,1
P-10103,84,Male,Pediatrics,Emergency,Stroke,1,0,1,0,8,Home,2025-11-09,33,Medium,0
P-10104,46,Female,General Medicine,Emergency,Hip Fracture,0,1,4,3,13,Home Health Care,2025-01-17,42,Medium,0
P-10105,56,Male,Emergency,Emergency,COPD,1,1,4,1,6,Home,2025-08-17,35,Medium,1
P-10106,74,Female,ICU,Emergency,Gastrointestinal Bleed,0,1,6,1,7,Home,2025-09-12,44,Medium,1
P-10107,69,Female,Emergency,Elective,Sepsis,2,3,2,1,4,Home,2025-08-02,55,Medium,0
P-10108,86,Male,Pediatrics,Urgent,Hip Fracture,1,0,1,0,7,Home Health Care,2025-05-06,33,Medium,0
P-10109,68,Male,Emergency,Emergency,Gastrointestinal Bleed,0,1,16,4,9,Skilled Nursing Facility,2025-06-17,85,High,1
P-10110,91,Female,Cardiology,Urgent,Heart Failure,2,2,1,2,9,Skilled Nursing Facility,2025-12-29,71,High,1
P-10111,70,Male,ICU,Emergency,Acute Kidney Injury,4,2,2,4,10,Home,2025-07-19,86,High,1
P-10112,78,Female,Emergency,Emergency,Stroke,4,0,10,3,5,Home,2025-02-03,87,High,1
P-10113,56,Male,Neurology,Transfer,Hypertension,1,1,5,2,4,Home,2025-07-30,42,Medium,0
P-10114,62,Female,Pediatrics,Emergency,Diabetes with Complications,1,2,2,4,3,Home,2025-06-13,55,Medium,1
P-10115,76,Male,Neurology,Emergency,Stroke,1,2,3,1,7,Home,2025-09-26,51,Medium,1
P-10116,87,Female,General Medicine,Elective,Stroke,0,2,9,2,4,Home,2025-12-28,69,High,1
P-10117,73,Female,General Medicine,Emergency,Pneumonia,2,3,21,3,5,Home,2025-02-02,96,High,1
P-10118,60,Female,General Medicine,Emergency,Gastrointestinal Bleed,0,1,5,4,12,Home,2025-04-12,59,Medium,1
P-10119,84,Male,Emergency,Elective,Stroke,2,0,2,5,9,Home,2025-03-06,77,High,1
P-10120,26,Female,General Medicine,Urgent,Hypertension,2,0,8,4,7,Home Health Care,2025-07-26,52,Medium,1
P-10121,39,Male,Emergency,Emergency,Acute Kidney Injury,0,0,8,3,5,Home Health Care,2025-05-25,34,Medium,0
P-10122,72,Female,General Medicine,Emergency,Stroke,0,1,10,3,9,Rehab,2025-11-20,70,High,1
P-10123,62,Female,Cardiology,Emergency,Stroke,1,0,1,0,5,Home,2025-12-30,19,Low,0
P-10124,71,Male,Cardiology,Emergency,Sepsis,4,1,3,2,10,Home,2025-02-06,76,High,1
P-10125,63,Male,Orthopedics,Urgent,COPD,4,0,2,2,10,Home,2025-10-09,64,High,0
P-10126,71,Male,Neurology,Urgent,Hip Fracture,0,0,2,1,9,Home,2025-07-16,28,Low,1
P-10127,48,Female,Emergency,Elective,Diabetes with Complications,1,1,3,1,5,Home Health Care,2025-12-02,27,Low,0
P-10128,71,Female,ICU,Elective,Hip Fracture,0,1,1,3,4,Home,2025-01-18,37,Medium,0
P-10129,77,Male,Neurology,Urgent,Acute Kidney Injury,2,1,9,3,14,Home Health Care,2025-07-21,86,High,1
P-10130,81,Male,General Medicine,Emergency,Stroke,1,1,9,5,1,Home Health Care,2025-01-19,81,High,1
P-10131,94,Female,Emergency,Emergency,Pneumonia,1,1,13,3,10,Home Health Care,2025-07-01,90,High,1
P-10132,65,Male,General Medicine,Emergency,Stroke,1,0,1,2,5,Home Health Care,2025-03-04,31,Medium,1
P-10133,66,Male,Emergency,Urgent,Gastrointestinal Bleed,3,0,4,0,10,Home Health Care,2025-11-04,50,Medium,0
P-10134,37,Male,Emergency,Emergency,Stroke,1,0,1,3,9,Home,2025-08-25,27,Low,0
P-10135,53,Male,Orthopedics,Emergency,Heart Failure,3,1,5,6,5,Home Health Care,2025-09-23,81,High,1
P-10136,58,Female,Cardiology,Emergency,Gastrointestinal Bleed,1,0,1,2,2,Home,2025-08-03,25,Low,0
P-10137,78,Female,Cardiology,Elective,Stroke,1,1,3,2,3,Home,2025-02-28,48,Medium,0
P-10138,52,Male,ICU,Urgent,Diabetes with Complications,0,0,2,1,6,Home,2025-07-18,17,Low,1
P-10139,74,Female,Emergency,Emergency,Acute Kidney Injury,1,1,2,1,2,Home,2025-08-16,35,Medium,0
P-10140,61,Male,Cardiology,Elective,Hypertension,5,1,1,7,8,Home,2025-03-28,91,High,1
P-10141,59,Female,Cardiology,Emergency,Diabetes with Complications,1,0,1,1,10,Skilled Nursing Facility,2025-12-07,27,Low,0
P-10142,65,Male,ICU,Elective,Stroke,3,4,1,5,13,Home,2025-12-30,90,High,1
P-10143,55,Female,Cardiology,Emergency,Gastrointestinal Bleed,4,0,7,1,12,Home,2025-01-10,69,High,1
P-10144,55,Male,Emergency,Emergency,COPD,0,0,12,2,2,Home,2025-08-22,44,Medium,1
P-10145,34,Male,ICU,Emergency,Pneumonia,1,0,11,1,8,Skilled Nursing Facility,2025-09-21,38,Medium,0
P-10146,58,Female,General Medicine,Emergency,Sepsis,1,1,5,1,7,Home,2025-11-12,40,Medium,0
P-10147,54,Male,General Medicine,Urgent,Hip Fracture,0,1,1,1,11,Home,2025-11-01,24,Low,0
P-10148,53,Female,ICU,Transfer,Hip Fracture,2,0,4,1,2,Home,2025-12-12,31,Medium,0
P-10149,68,Female,General Medicine,Emergency,Hip Fracture,2,0,1,3,7,Home,2025-12-25,50,Medium,1
P-10150,72,Female,Pediatrics,Emergency,Acute Kidney Injury,1,2,4,0,4,Home Health Care,2025-03-09,41,Medium,1
P-10151,65,Male,Neurology,Elective,Sepsis,1,0,9,3,6,Home Health Care,2025-06-27,62,High,0
P-10152,77,Male,ICU,Emergency,Diabetes with Complications,3,3,1,3,8,Home Health Care,2025-11-07,80,High,1
P-10153,71,Female,General Medicine,Emergency,Sepsis,0,1,13,6,8,Home,2025-05-23,88,High,1
P-10154,57,Male,Emergency,Emergency,Acute Kidney Injury,0,1,3,4,5,Home,2025-08-11,43,Medium,1
P-10155,54,Female,ICU,Urgent,Pneumonia,2,1,2,2,4,Rehab,2025-04-07,40,Medium,0
P-10156,67,Female,Cardiology,Elective,Hip Fracture,1,1,4,3,11,Home,2025-08-12,61,High,1
P-10157,71,Female,Emergency,Urgent,COPD,2,1,10,2,6,Home,2025-08-19,75,High,1
P-10158,84,Female,Emergency,Emergency,Diabetes with Complications,1,0,2,1,6,Home Health Care,2025-10-20,39,Medium,0
P-10159,81,Male,General Medicine,Elective,Pneumonia,1,1,1,3,1,Home,2025-03-22,48,Medium,1
P-10160,53,Female,General Medicine,Elective,Diabetes with Complications,0,1,5,5,5,Home,2025-07-12,53,Medium,1
P-10161,60,Female,Cardiology,Emergency,Diabetes with Complications,1,0,6,0,10,Home,2025-05-06,35,Medium,0
P-10162,72,Male,Emergency,Urgent,Pneumonia,1,3,1,5,7,Home,2025-10-18,74,High,0
P-10163,79,Male,Emergency,Transfer,Stroke,1,1,2,2,1,Home Health Care,2025-08-22,43,Medium,0
P-10164,77,Female,Emergency,Urgent,Hypertension,3,1,1,5,2,Home,2025-01-22,76,High,1
P-10165,60,Female,Pediatrics,Elective,Heart Failure,1,0,6,4,10,Home,2025-12-28,62,High,1
P-10166,41,Female,General Medicine,Elective,Hypertension,2,3,4,4,11,Home Health Care,2025-10-15,72,High,1
P-10167,46,Female,Pediatrics,Elective,Sepsis,2,0,11,2,4,Rehab,2025-07-31,56,Medium,0
P-10168,66,Male,General Medicine,Urgent,Heart Failure,3,0,6,1,12,Skilled Nursing Facility,2025-10-06,65,High,1
P-10169,67,Female,Emergency,Emergency,Pneumonia,1,1,2,2,3,Skilled Nursing Facility,2025-07-02,38,Medium,1
P-10170,44,Female,Emergency,Emergency,COPD,1,0,2,2,8,Home,2025-02-15,26,Low,0
P-10171,62,Male,Emergency,Elective,Hip Fracture,2,0,3,1,5,Rehab,2025-11-21,36,Medium,1
P-10172,72,Male,Emergency,Urgent,Diabetes with Complications,0,0,1,2,6,Home Health Care,2025-10-12,28,Low,0
P-10173,43,Female,Orthopedics,Emergency,Stroke,2,0,12,5,2,Skilled Nursing Facility,2025-10-21,73,High,1
P-10174,79,Female,Emergency,Elective,Pneumonia,5,0,6,5,4,Home,2025-08-26,91,High,1
P-10175,55,Male,Cardiology,Emergency,Heart Failure,0,0,6,1,9,Home,2025-04-21,29,Low,0
P-10176,82,Female,General Medicine,Urgent,Sepsis,0,0,5,5,10,Home,2025-05-01,70,High,1
P-10177,53,Male,Orthopedics,Elective,Diabetes with Complications,0,0,3,4,11,Skilled Nursing Facility,2025-01-11,41,Medium,1
P-10178,45,Male,Emergency,Elective,Pneumonia,0,0,3,1,5,Home,2025-08-07,16,Low,0
P-10179,54,Female,General Medicine,Elective,Sepsis,2,1,4,3,10,Skilled Nursing Facility,2025-06-13,60,Medium,1
P-10180,60,Male,ICU,Urgent,Pneumonia,2,3,7,5,6,Home,2025-04-26,86,High,1
P-10181,55,Female,Emergency,Urgent,Acute Kidney Injury,2,0,2,4,7,Home,2025-11-25,52,Medium,1
P-10182,58,Female,ICU,Urgent,Pneumonia,5,0,4,1,6,Home Health Care,2025-04-09,64,High,0
P-10183,67,Female,ICU,Emergency,Stroke,0,2,5,0,4,Home Health Care,2025-12-01,33,Medium,0
P-10184,59,Male,General Medicine,Emergency,Stroke,0,2,2,1,6,Home,2025-04-16,29,Low,0
P-10185,60,Female,Emergency,Urgent,Heart Failure,3,1,9,2,1,Skilled Nursing Facility,2025-06-26,69,High,1
P-10186,34,Female,General Medicine,Urgent,Sepsis,2,1,2,1,4,Skilled Nursing Facility,2025-08-12,24,Low,0
P-10187,68,Male,Orthopedics,Emergency,Pneumonia,0,1,9,3,7,Home,2025-08-15,63,High,1
P-10188,60,Male,Cardiology,Emergency,Stroke,0,1,1,4,1,Skilled Nursing Facility,2025-09-29,34,Medium,0
P-10189,87,Female,General Medicine,Emergency,Heart Failure,2,1,5,5,1,Home,2025-07-10,81,High,1
P-10190,46,Male,Emergency,Emergency,Hypertension,2,0,3,2,4,Home Health Care,2025-10-23,33,Medium,0
P-10191,33,Female,Cardiology,Elective,Pneumonia,1,0,2,0,6,Home,2025-03-24,12,Low,0
P-10192,71,Female,General Medicine,Emergency,Hypertension,2,0,14,3,2,Home,2025-08-08,80,High,1
P-10193,67,Male,General Medicine,Emergency,Diabetes with Complications,2,1,2,4,5,Home,2025-01-13,63,High,1
P-10194,45,Male,Emergency,Urgent,Hip Fracture,3,2,4,1,4,Home,2025-11-11,48,Medium,1
P-10195,37,Male,Neurology,Emergency,Hip Fracture,0,1,4,1,5,Home,2025-07-15,18,Low,0
P-10196,86,Male,Emergency,Elective,Gastrointestinal Bleed,1,0,14,0,1,Home,2025-11-28,63,High,0
P-10197,84,Female,Pediatrics,Emergency,Gastrointestinal Bleed,2,0,5,3,7,Home,2025-04-26,71,High,0
P-10198,22,Male,Emergency,Elective,Diabetes with Complications,3,1,1,2,15,Home,2025-11-26,40,Medium,1
P-10199,54,Male,Cardiology,Emergency,Stroke,2,2,3,1,3,Home,2025-01-02,41,Medium,1
P-10200,88,Male,Emergency,Emergency,Stroke,4,0,10,2,4,Home,2025-10-02,87,High,1
P-10201,54,Female,Cardiology,Emergency,COPD,1,2,7,2,10,Home,2025-02-09,60,Medium,0
P-10202,54,Male,General Medicine,Urgent,Sepsis,0,1,1,3,3,Home,2025-04-25,27,Low,0
P-10203,57,Female,General Medicine,Elective,Heart Failure,0,1,4,5,11,Home,2025-10-19,60,Medium,0
P-10204,44,Female,Emergency,Emergency,Sepsis,0,1,1,0,5,Skilled Nursing Facility,2025-05-02,12,Low,0
P-10205,34,Male,ICU,Urgent,Heart Failure,2,3,1,0,4,Home,2025-01-08,25,Low,0
P-10206,78,Male,Emergency,Emergency,Acute Kidney Injury,1,0,15,1,6,Home,2025-05-08,73,High,0
P-10207,32,Female,ICU,Urgent,COPD,1,0,6,4,1,Home,2025-06-02,34,Medium,0
P-10208,65,Female,General Medicine,Emergency,Sepsis,2,0,1,1,6,Home,2025-09-15,34,Medium,0
P-10209,76,Male,General Medicine,Emergency,Acute Kidney Injury,3,2,2,3,4,Home,2025-11-10,74,High,1
P-10210,38,Female,Pediatrics,Emergency,Acute Kidney Injury,1,1,6,3,5,Home Health Care,2025-01-26,42,Medium,0
P-10211,47,Male,Cardiology,Elective,Pneumonia,0,1,11,3,5,Home,2025-02-18,53,Medium,0
P-10212,81,Male,Emergency,Emergency,Hypertension,2,1,1,4,7,Home,2025-04-14,70,High,1
P-10213,70,Female,General Medicine,Emergency,Diabetes with Complications,1,0,1,2,2,Home,2025-11-27,31,Medium,0
P-10214,52,Male,Neurology,Emergency,Stroke,1,0,1,1,5,Home,2025-08-23,20,Low,0
P-10215,81,Female,General Medicine,Urgent,Hypertension,3,1,4,4,8,Home,2025-06-19,84,High,1
P-10216,81,Female,Cardiology,Urgent,Hip Fracture,3,0,3,0,6,Home,2025-04-24,51,Medium,1
P-10217,66,Female,Emergency,Elective,Acute Kidney Injury,0,1,1,1,4,Skilled Nursing Facility,2025-06-01,23,Low,0
P-10218,47,Male,General Medicine,Elective,Gastrointestinal Bleed,1,1,4,3,3,Home Health Care,2025-09-15,39,Medium,0
P-10219,55,Male,General Medicine,Elective,Heart Failure,1,1,2,3,1,Skilled Nursing Facility,2025-09-03,36,Medium,0
P-10220,66,Male,Orthopedics,Emergency,Pneumonia,3,2,1,1,6,Home,2025-01-30,55,Medium,1
P-10221,58,Male,Cardiology,Urgent,Hip Fracture,2,0,1,2,4,Home,2025-04-22,34,Medium,1
P-10222,77,Male,Pediatrics,Emergency,Acute Kidney Injury,2,0,1,0,8,Home,2025-11-01,36,Medium,1
P-10223,37,Female,ICU,Elective,Diabetes with Complications,2,2,3,3,6,Skilled Nursing Facility,2025-09-18,48,Medium,1
P-10224,38,Male,Pediatrics,Elective,Hypertension,1,1,4,3,5,Home,2025-09-19,36,Medium,1
P-10225,64,Female,Orthopedics,Elective,Gastrointestinal Bleed,0,1,2,4,3,Home,2025-05-03,42,Medium,0
P-10226,54,Female,General Medicine,Urgent,Heart Failure,2,1,7,1,7,Home,2025-07-23,52,Medium,1
P-10227,51,Female,General Medicine,Emergency,Pneumonia,1,2,4,1,6,Home,2025-03-10,37,Medium,1
P-10228,33,Female,ICU,Elective,COPD,0,2,7,5,7,Home Health Care,2025-07-15,55,Medium,1
P-10229,62,Male,ICU,Elective,Stroke,2,1,3,4,4,Home,2025-03-20,62,High,1
P-10230,61,Male,Cardiology,Emergency,COPD,1,2,10,2,6,Home,2025-06-14,68,High,1
P-10231,72,Female,ICU,Emergency,Diabetes with Complications,1,1,8,2,8,Home Health Care,2025-07-12,65,High,0
P-10232,63,Female,Emergency,Urgent,Diabetes with Complications,3,2,4,1,11,Home Health Care,2025-04-23,68,High,1
P-10233,59,Male,Cardiology,Emergency,Hypertension,2,1,6,1,13,Rehab,2025-03-02,59,Medium,0
P-10234,80,Female,Orthopedics,Emergency,Heart Failure,1,0,1,1,9,Home,2025-02-06,38,Medium,0
P-10235,41,Female,Emergency,Emergency,Stroke,2,1,7,0,7,Home,2025-04-24,37,Medium,0
P-10236,70,Male,General Medicine,Elective,Gastrointestinal Bleed,0,0,5,1,2,Home,2025-09-25,27,Low,0
P-10237,35,Male,General Medicine,Urgent,Hypertension,3,1,1,3,7,Home,2025-06-04,45,Medium,0
P-10238,48,Female,Emergency,Emergency,Diabetes with Complications,1,0,2,2,11,Skilled Nursing Facility,2025-12-03,31,Medium,1
P-10239,42,Male,Cardiology,Emergency,Stroke,0,0,12,2,9,Home Health Care,2025-10-06,45,Medium,0
P-10240,74,Male,Emergency,Emergency,Hip Fracture,2,2,1,7,9,Home,2025-04-12,87,High,1
P-10241,60,Male,General Medicine,Emergency,Pneumonia,2,2,3,4,4,Home,2025-08-30,66,High,1
P-10242,61,Female,General Medicine,Urgent,COPD,1,0,9,4,10,Skilled Nursing Facility,2025-02-28,71,High,0
P-10243,44,Female,Cardiology,Emergency,Gastrointestinal Bleed,4,1,2,3,1,Home,2025-02-03,54,Medium,0
P-10244,57,Male,Orthopedics,Emergency,COPD,1,1,1,4,4,Home,2025-07-29,44,Medium,0
P-10245,49,Male,ICU,Elective,Sepsis,3,0,4,1,9,Rehab,2025-05-06,45,Medium,1
P-10246,68,Male,General Medicine,Emergency,Hip Fracture,0,1,1,3,3,Home,2025-04-19,35,Medium,1
P-10247,46,Male,Emergency,Elective,Hypertension,1,1,19,2,6,Home Health Care,2025-02-17,77,High,1
P-10248,83,Male,General Medicine,Urgent,Diabetes with Complications,2,1,5,1,11,Home Health Care,2025-07-19,68,High,1
P-10249,35,Male,Neurology,Emergency,Heart Failure,0,0,4,3,6,Skilled Nursing Facility,2025-03-24,23,Low,0
P-10250,49,Male,General Medicine,Emergency,Stroke,4,1,3,0,10,Home,2025-04-01,51,Medium,0
P-10251,88,Female,Emergency,Emergency,Heart Failure,0,0,5,3,8,Rehab,2025-11-07,58,Medium,0
P-10252,55,Male,Cardiology,Emergency,COPD,1,2,2,5,13,Home,2025-10-04,69,High,1
P-10253,40,Male,Orthopedics,Emergency,Acute Kidney Injury,2,0,2,5,7,Home,2025-02-01,50,Medium,0
P-10254,65,Male,Emergency,Urgent,Diabetes with Complications,1,0,2,2,2,Home,2025-08-29,30,Low,1
P-10255,54,Female,ICU,Elective,Hypertension,1,1,1,1,7,Home,2025-02-26,27,Low,0
P-10256,48,Male,General Medicine,Emergency,COPD,3,0,11,5,12,Rehab,2025-03-26,87,High,0
P-10257,44,Female,Cardiology,Urgent,Hypertension,1,0,14,3,3,Home Health Care,2025-01-26,60,Medium,1
P-10258,95,Female,ICU,Emergency,Stroke,4,1,2,2,3,Home,2025-02-05,78,High,1
P-10259,57,Female,Neurology,Elective,COPD,4,1,18,4,8,Home,2025-08-24,95,High,1
P-10260,31,Female,Emergency,Emergency,Heart Failure,2,0,4,1,3,Home,2025-10-13,21,Low,0
P-10261,85,Male,Cardiology,Emergency,Hypertension,2,1,2,2,6,Home,2025-01-15,62,High,0
P-10262,71,Male,General Medicine,Elective,COPD,1,0,4,1,9,Home,2025-03-09,41,Medium,0
P-10263,49,Female,Orthopedics,Emergency,Sepsis,3,1,1,8,9,Home Health Care,2025-07-08,84,High,1
P-10264,47,Male,ICU,Elective,Acute Kidney Injury,0,2,1,1,4,Home Health Care,2025-07-18,19,Low,0
P-10265,72,Male,General Medicine,Emergency,COPD,1,0,2,2,7,Home,2025-05-21,40,Medium,0
P-10266,58,Female,General Medicine,Emergency,Diabetes with Complications,0,0,11,2,2,Home,2025-09-05,43,Medium,0
P-10267,31,Female,Cardiology,Elective,Hypertension,1,1,14,1,2,Home Health Care,2025-04-09,43,Medium,0
P-10268,90,Female,Emergency,Urgent,Sepsis,1,0,3,3,9,Home,2025-11-16,63,High,1
P-10269,55,Female,ICU,Emergency,Sepsis,2,0,2,3,12,Skilled Nursing Facility,2025-12-23,51,Medium,1
P-10270,85,Female,General Medicine,Emergency,Sepsis,2,0,2,3,1,Skilled Nursing Facility,2025-12-29,56,Medium,0
P-10271,82,Female,Orthopedics,Elective,COPD,0,3,2,3,1,Home,2025-01-11,56,Medium,1
P-10272,45,Male,Cardiology,Elective,Hip Fracture,0,1,4,0,4,Home,2025-12-18,16,Low,0
P-10273,78,Other,Orthopedics,Elective,Heart Failure,2,0,1,1,5,Home,2025-04-19,40,Medium,1
P-10274,51,Male,General Medicine,Elective,Hypertension,3,1,4,3,8,Home,2025-06-15,64,High,0
P-10275,32,Female,Emergency,Transfer,Hip Fracture,0,2,3,4,1,Home Health Care,2025-01-19,30,Low,0
P-10276,55,Male,General Medicine,Emergency,Hip Fracture,1,0,5,1,1,Home,2025-04-25,26,Low,0
P-10277,68,Male,ICU,Elective,Acute Kidney Injury,3,1,4,1,5,Home,2025-06-21,58,Medium,1
P-10278,54,Female,Neurology,Elective,Gastrointestinal Bleed,1,2,3,1,4,Rehab,2025-02-05,34,Medium,1
P-10279,57,Male,General Medicine,Elective,Gastrointestinal Bleed,1,2,1,5,2,Home,2025-06-01,55,Medium,0
P-10280,80,Female,General Medicine,Emergency,Hypertension,1,0,1,3,1,Home Health Care,2025-06-19,42,Medium,0
P-10281,63,Female,General Medicine,Elective,COPD,1,0,2,1,4,Home Health Care,2025-08-08,26,Low,0
P-10282,48,Female,General Medicine,Elective,Diabetes with Complications,1,2,7,3,6,Home,2025-04-24,58,Medium,1
P-10283,73,Male,Orthopedics,Elective,Heart Failure,1,0,2,2,2,Home,2025-07-09,35,Medium,0
P-10284,65,Male,General Medicine,Emergency,Hip Fracture,2,1,2,1,1,Home Health Care,2025-05-02,36,Medium,0
P-10285,21,Female,Neurology,Emergency,Hip Fracture,0,0,8,2,9,Home Health Care,2025-04-01,23,Low,1
P-10286,68,Male,General Medicine,Urgent,Stroke,0,1,10,0,6,Home,2025-12-16,44,Medium,0
P-10287,68,Male,Cardiology,Urgent,Pneumonia,1,1,6,2,7,Home,2025-11-05,56,Medium,0
P-10288,62,Female,Neurology,Elective,Pneumonia,0,2,3,3,7,Home Health Care,2025-12-12,48,Medium,0
P-10289,76,Female,General Medicine,Elective,Hypertension,1,0,2,1,7,Against Medical Advice,2025-07-14,36,Medium,1
P-10290,51,Female,General Medicine,Emergency,Hip Fracture,2,1,24,2,7,Skilled Nursing Facility,2025-07-10,91,High,1
P-10291,67,Male,Pediatrics,Emergency,Hip Fracture,2,1,2,3,10,Home Health Care,2025-09-15,62,High,1
P-10292,36,Female,ICU,Emergency,Diabetes with Complications,1,0,3,3,1,Skilled Nursing Facility,2025-04-03,23,Low,0
P-10293,68,Female,Emergency,Urgent,Heart Failure,1,0,4,0,10,Home,2025-07-11,34,Medium,0
P-10294,93,Female,Cardiology,Emergency,Heart Failure,3,0,4,1,5,Home,2025-02-25,66,High,1
P-10295,46,Male,General Medicine,Elective,Heart Failure,0,2,1,2,6,Home,2025-10-01,26,Low,1
P-10296,49,Female,Orthopedics,Urgent,Pneumonia,1,1,11,1,6,Rehab,2025-05-03,51,Medium,1
P-10297,50,Male,Pediatrics,Urgent,Heart Failure,0,1,10,0,6,Skilled Nursing Facility,2025-04-28,33,Medium,0
P-10298,64,Female,Emergency,Elective,Hip Fracture,0,0,1,1,10,Home,2025-02-21,23,Low,0
P-10299,44,Female,General Medicine,Elective,Hip Fracture,0,0,9,4,6,Home,2025-02-28,48,Medium,1
P-10300,68,Female,Neurology,Elective,Gastrointestinal Bleed,5,1,1,1,3,Home,2025-02-15,63,High,1
P-10301,75,Male,General Medicine,Emergency,COPD,1,1,2,1,12,Home Health Care,2025-09-29,47,Medium,1
P-10302,70,Female,Cardiology,Emergency,Hip Fracture,0,0,4,3,4,Home,2025-11-14,39,Medium,1
P-10303,33,Male,General Medicine,Emergency,Stroke,1,1,17,5,1,Skilled Nursing Facility,2025-06-22,77,High,1
P-10304,77,Male,Pediatrics,Emergency,COPD,0,2,3,2,4,Home,2025-05-10,46,Medium,1
P-10305,76,Female,Pediatrics,Urgent,Heart Failure,0,1,3,2,6,Home Health Care,2025-08-20,42,Medium,0
P-10306,75,Female,General Medicine,Emergency,Pneumonia,1,1,4,3,6,Home,2025-08-04,60,Medium,0
P-10307,67,Male,Orthopedics,Elective,Hip Fracture,2,0,2,1,4,Home,2025-07-22,35,Medium,1
P-10308,65,Male,Cardiology,Emergency,Hip Fracture,2,0,13,6,5,Home,2025-12-25,89,High,1
P-10309,78,Male,Cardiology,Transfer,Diabetes with Complications,1,0,13,2,5,Home,2025-01-27,73,High,1
P-10310,92,Female,Pediatrics,Emergency,Stroke,1,2,6,2,4,Home,2025-01-18,72,High,1
P-10311,46,Female,Cardiology,Emergency,Heart Failure,3,0,1,2,8,Home Health Care,2025-10-19,40,Medium,0
P-10312,79,Female,Cardiology,Emergency,COPD,0,0,3,2,6,Home Health Care,2025-04-04,38,Medium,0
P-10313,60,Male,Emergency,Urgent,Stroke,0,1,3,5,9,Home,2025-09-24,56,Medium,1
P-10314,59,Other,General Medicine,Emergency,COPD,2,0,25,0,1,Home,2025-08-25,82,High,1
P-10315,37,Female,General Medicine,Urgent,COPD,1,0,1,4,8,Home Health Care,2025-03-08,31,Medium,1
P-10316,57,Female,Cardiology,Elective,Stroke,1,2,2,2,6,Home,2025-04-25,42,Medium,0
P-10317,46,Female,Neurology,Emergency,Heart Failure,2,2,4,1,5,Home Health Care,2025-05-03,42,Medium,0
P-10318,54,Female,Neurology,Emergency,Acute Kidney Injury,1,1,8,1,2,Skilled Nursing Facility,2025-04-01,40,Medium,0
P-10319,44,Female,Emergency,Elective,Sepsis,2,1,6,1,8,Skilled Nursing Facility,2025-01-18,44,Medium,1
P-10320,54,Female,Emergency,Emergency,Stroke,6,0,15,3,8,Home,2025-12-17,94,High,1
P-10321,55,Male,General Medicine,Urgent,Stroke,2,1,2,5,11,Home Health Care,2025-09-27,69,High,1
P-10322,63,Female,General Medicine,Emergency,Stroke,1,0,1,1,6,Home Health Care,2025-04-03,25,Low,0
P-10323,36,Female,Emergency,Elective,Diabetes with Complications,2,0,5,1,4,Home,2025-02-10,27,Low,0
P-10324,38,Female,Emergency,Elective,Sepsis,0,0,3,2,5,Home,2025-08-15,17,Low,1
P-10325,67,Male,Emergency,Elective,Gastrointestinal Bleed,0,1,2,2,3,Home,2025-02-28,30,Low,1
P-10326,49,Male,Cardiology,Emergency,Stroke,3,1,7,0,1,Home,2025-05-11,43,Medium,0
P-10327,79,Female,Emergency,Urgent,Stroke,1,1,4,2,7,Home,2025-11-28,57,Medium,1
P-10328,65,Female,General Medicine,Elective,Diabetes with Complications,2,2,2,2,5,Home,2025-03-28,54,Medium,1
P-10329,71,Female,General Medicine,Emergency,Stroke,1,0,4,0,1,Home,2025-01-04,26,Low,0
P-10330,84,Male,General Medicine,Elective,Gastrointestinal Bleed,1,0,13,3,9,Home,2025-11-15,83,High,1
P-10331,57,Male,Emergency,Elective,Pneumonia,2,0,2,1,7,Home,2025-02-18,33,Medium,1
P-10332,52,Male,General Medicine,Urgent,Diabetes with Complications,2,1,3,5,1,Home,2025-03-03,59,Medium,0
P-10333,75,Male,ICU,Urgent,Sepsis,3,1,2,1,8,Skilled Nursing Facility,2025-10-13,60,Medium,1
P-10334,70,Male,Emergency,Emergency,Diabetes with Complications,0,0,4,1,4,Home,2025-01-16,27,Low,0
P-10335,59,Female,General Medicine,Emergency,Heart Failure,3,2,11,4,5,Home Health Care,2025-11-17,88,High,1
P-10336,84,Female,General Medicine,Transfer,Hypertension,2,2,5,1,2,Home,2025-11-02,64,High,0
P-10337,58,Male,Emergency,Emergency,COPD,1,1,1,0,7,Home,2025-12-12,24,Low,0
P-10338,62,Female,General Medicine,Transfer,Gastrointestinal Bleed,3,1,1,4,7,Rehab,2025-08-10,68,High,1
P-10339,62,Female,Neurology,Elective,Hypertension,1,1,1,0,5,Home Health Care,2025-10-19,24,Low,0
P-10340,47,Female,General Medicine,Emergency,Pneumonia,4,2,9,4,8,Home,2025-07-10,88,High,0
P-10341,63,Female,General Medicine,Emergency,Pneumonia,1,0,3,0,7,Home Health Care,2025-10-22,26,Low,1
P-10342,84,Male,Pediatrics,Emergency,Sepsis,2,2,3,2,1,Home,2025-12-08,64,High,1
P-10343,69,Male,General Medicine,Urgent,Sepsis,1,0,2,1,8,Skilled Nursing Facility,2025-04-10,33,Medium,1
P-10344,62,Male,General Medicine,Emergency,Hip Fracture,1,0,3,3,5,Home,2025-12-22,41,Medium,1
P-10345,59,Female,ICU,Emergency,Hypertension,2,1,2,3,12,Skilled Nursing Facility,2025-03-02,60,Medium,1
P-10346,67,Female,Emergency,Urgent,Sepsis,2,1,7,1,1,Home,2025-06-30,52,Medium,0
P-10347,73,Male,General Medicine,Emergency,Hip Fracture,1,2,6,2,6,Home,2025-11-21,64,High,1
P-10348,71,Female,General Medicine,Elective,Hip Fracture,1,1,3,2,8,Skilled Nursing Facility,2025-09-23,50,Medium,0
P-10349,56,Male,Emergency,Emergency,Stroke,0,2,5,4,7,Home,2025-01-21,57,Medium,1
P-10350,67,Other,Pediatrics,Emergency,Acute Kidney Injury,0,0,5,4,1,Home,2025-01-16,44,Medium,1
P-10351,69,Male,Cardiology,Emergency,COPD,0,0,5,2,5,Home,2025-08-02,36,Medium,1
P-10352,45,Male,General Medicine,Emergency,Heart Failure,1,1,7,2,10,Home,2025-11-03,48,Medium,1
P-10353,64,Male,Emergency,Emergency,Sepsis,3,1,1,1,4,Home Health Care,2025-10-01,45,Medium,0
P-10354,27,Male,Emergency,Emergency,Hip Fracture,1,0,9,0,11,Home,2025-03-31,26,Low,0
P-10355,69,Female,Orthopedics,Elective,COPD,1,1,2,3,1,Home,2025-01-26,44,Medium,0
P-10356,72,Male,Cardiology,Elective,Stroke,1,0,3,5,7,Home Health Care,2025-10-06,64,High,0
P-10357,73,Female,ICU,Emergency,Pneumonia,1,0,2,1,4,Home,2025-07-07,31,Medium,0
P-10358,55,Male,Emergency,Emergency,Acute Kidney Injury,1,3,8,0,5,Skilled Nursing Facility,2025-07-14,50,Medium,0
P-10359,66,Male,Emergency,Emergency,Stroke,0,1,10,1,13,Home,2025-06-05,58,Medium,1
P-10360,84,Female,General Medicine,Emergency,Gastrointestinal Bleed,2,2,1,3,9,Home Health Care,2025-02-08,73,High,1
P-10361,84,Female,Pediatrics,Emergency,Gastrointestinal Bleed,1,1,4,1,10,Home,2025-12-14,56,Medium,1
P-10362,61,Male,ICU,Urgent,Stroke,1,3,3,4,6,Home Health Care,2025-08-16,67,High,0
P-10363,64,Female,General Medicine,Emergency,COPD,1,0,1,2,9,Home,2025-06-21,35,Medium,0
P-10364,79,Female,General Medicine,Emergency,Sepsis,1,0,4,5,8,Home,2025-04-07,71,High,1
P-10365,37,Male,Pediatrics,Elective,COPD,0,1,3,0,10,Home,2025-05-29,16,Low,0
P-10366,56,Female,Neurology,Elective,Pneumonia,0,2,6,4,3,Home,2025-02-05,55,Medium,0
P-10367,83,Male,General Medicine,Transfer,Gastrointestinal Bleed,0,1,9,4,8,Home,2025-09-24,77,High,0
P-10368,77,Male,Emergency,Emergency,Acute Kidney Injury,1,0,1,3,2,Home,2025-12-17,41,Medium,0
P-10369,67,Female,Cardiology,Emergency,Hip Fracture,3,1,4,2,4,Against Medical Advice,2025-12-03,63,High,1
P-10370,37,Male,Emergency,Emergency,Pneumonia,2,3,4,1,6,Home,2025-02-05,43,Medium,0
P-10371,61,Male,General Medicine,Emergency,Gastrointestinal Bleed,1,3,2,6,2,Home Health Care,2025-10-29,72,High,1
P-10372,52,Male,General Medicine,Emergency,Heart Failure,0,1,8,2,5,Home,2025-10-02,41,Medium,0
P-10373,67,Female,General Medicine,Urgent,Diabetes with Complications,1,0,11,2,4,Home,2025-03-21,60,Medium,1
P-10374,49,Female,General Medicine,Elective,COPD,1,0,7,1,15,Home,2025-05-10,44,Medium,0
P-10375,45,Male,Emergency,Emergency,Diabetes with Complications,1,1,4,3,4,Home Health Care,2025-09-21,39,Medium,1
P-10376,28,Female,General Medicine,Emergency,Gastrointestinal Bleed,2,2,1,0,4,Home,2025-10-28,19,Low,0
P-10377,81,Male,Cardiology,Urgent,Stroke,3,0,3,4,5,Skilled Nursing Facility,2025-03-26,75,High,1
P-10378,55,Female,Cardiology,Emergency,Diabetes with Complications,1,1,6,2,9,Rehab,2025-03-19,50,Medium,0
P-10379,64,Female,Cardiology,Urgent,COPD,2,1,1,3,9,Home,2025-03-01,56,Medium,1
P-10380,61,Female,Orthopedics,Elective,Sepsis,3,0,7,5,9,Home,2025-03-02,83,High,0
P-10381,44,Female,ICU,Transfer,Diabetes with Complications,2,2,5,2,3,Home,2025-05-20,48,Medium,0
P-10382,41,Female,Orthopedics,Urgent,Gastrointestinal Bleed,1,0,2,1,8,Home,2025-09-05,20,Low,0
P-10383,45,Male,Cardiology,Emergency,Pneumonia,2,0,9,3,2,Home,2025-04-02,54,Medium,0
P-10384,50,Female,Emergency,Elective,Diabetes with Complications,0,2,5,2,3,Rehab,2025-10-04,35,Medium,0
P-10385,67,Male,Neurology,Emergency,COPD,1,0,2,1,11,Home Health Care,2025-10-05,35,Medium,0
P-10386,49,Male,General Medicine,Emergency,Acute Kidney Injury,2,0,1,4,8,Rehab,2025-05-22,47,Medium,0
P-10387,89,Male,Cardiology,Emergency,COPD,2,2,1,1,1,Home,2025-10-13,54,Medium,1
P-10388,78,Male,Cardiology,Emergency,Pneumonia,5,0,20,2,12,Home,2025-11-04,97,High,1
P-10389,74,Female,Neurology,Emergency,Pneumonia,1,1,10,0,8,Home,2025-07-28,59,Medium,1
P-10390,60,Female,Emergency,Emergency,Pneumonia,0,1,6,1,2,Home,2025-01-06,30,Low,0
P-10391,86,Male,General Medicine,Emergency,Pneumonia,1,3,3,3,4,Home Health Care,2025-07-27,72,High,1
P-10392,58,Male,Emergency,Transfer,Sepsis,0,1,9,1,10,Skilled Nursing Facility,2025-04-23,47,Medium,0
P-10393,61,Male,Emergency,Elective,COPD,1,1,6,4,11,Home,2025-09-15,69,High,1
P-10394,64,Female,Cardiology,Emergency,Stroke,3,0,4,1,1,Home,2025-12-28,44,Medium,0
P-10395,73,Male,General Medicine,Emergency,Stroke,3,0,7,1,5,Home,2025-03-14,63,High,0
P-10396,72,Male,General Medicine,Emergency,COPD,0,1,1,3,5,Home Health Care,2025-03-23,39,Medium,0
P-10397,54,Female,Cardiology,Elective,Heart Failure,1,0,10,0,1,Home,2025-09-10,32,Medium,0
P-10398,53,Female,General Medicine,Urgent,Gastrointestinal Bleed,2,2,1,0,5,Home,2025-05-15,31,Medium,1
P-10399,72,Male,Orthopedics,Emergency,Stroke,0,0,11,1,3,Home,2025-04-12,46,Medium,0
P-10400,73,Male,Neurology,Elective,Sepsis,2,5,2,1,9,Skilled Nursing Facility,2025-04-19,74,High,1
P-10401,55,Female,Cardiology,Elective,Acute Kidney Injury,2,0,3,3,7,Home Health Care,2025-01-24,48,Medium,0
P-10402,36,Male,Emergency,Emergency,Gastrointestinal Bleed,0,1,7,3,12,Home,2025-07-12,43,Medium,1
P-10403,58,Male,Orthopedics,Emergency,Gastrointestinal Bleed,1,0,1,2,14,Home,2025-03-20,37,Medium,1
P-10404,71,Female,Cardiology,Elective,Hypertension,2,2,17,4,8,Home,2025-03-09,94,High,1
P-10405,90,Female,ICU,Elective,Sepsis,0,2,7,0,4,Home,2025-07-07,52,Medium,0
P-10406,42,Male,Orthopedics,Emergency,Hip Fracture,1,2,2,2,8,Home,2025-12-16,35,Medium,1
P-10407,55,Male,Emergency,Emergency,Stroke,0,1,10,2,6,Home Health Care,2025-03-27,50,Medium,1
P-10408,55,Male,Emergency,Elective,Heart Failure,1,2,1,1,10,Home,2025-09-18,36,Medium,0
P-10409,83,Female,Emergency,Emergency,Diabetes with Complications,2,0,1,2,12,Home,2025-09-22,59,Medium,1
P-10410,61,Male,Orthopedics,Urgent,Gastrointestinal Bleed,2,1,2,1,9,Home,2025-08-21,44,Medium,1
P-10411,47,Female,Emergency,Emergency,Hypertension,1,2,1,1,1,Home,2025-07-03,23,Low,0
P-10412,70,Female,Orthopedics,Emergency,COPD,0,0,8,4,2,Home,2025-04-23,56,Medium,1
P-10413,55,Female,General Medicine,Emergency,Pneumonia,1,0,3,4,9,Home,2025-06-01,49,Medium,1
P-10414,42,Female,Emergency,Urgent,Diabetes with Complications,1,1,5,2,7,Home,2025-11-08,37,Medium,0
P-10415,47,Male,Emergency,Elective,Hip Fracture,1,0,8,2,5,Home,2025-04-05,40,Medium,0
P-10416,89,Male,Cardiology,Urgent,Stroke,0,1,1,4,1,Rehab,2025-04-11,52,Medium,0
P-10417,68,Male,General Medicine,Emergency,Gastrointestinal Bleed,2,1,17,4,6,Home Health Care,2025-09-18,92,High,1
P-10418,63,Female,Emergency,Urgent,Pneumonia,1,0,5,3,9,Home,2025-05-28,53,Medium,1
P-10419,58,Female,Neurology,Urgent,Heart Failure,3,1,1,2,9,Home,2025-07-14,54,Medium,1
P-10420,66,Female,Emergency,Emergency,Gastrointestinal Bleed,0,2,4,5,5,Home,2025-11-16,64,High,1
P-10421,66,Male,Emergency,Transfer,Acute Kidney Injury,0,0,10,1,5,Home,2025-02-07,42,Medium,1
P-10422,66,Female,Emergency,Urgent,Acute Kidney Injury,0,1,11,2,3,Home,2025-10-24,56,Medium,1
P-10423,63,Female,General Medicine,Transfer,Pneumonia,0,2,7,4,4,Home,2025-07-16,63,High,1
P-10424,75,Female,Emergency,Urgent,Hip Fracture,1,1,17,3,8,Home,2025-11-22,89,High,1
P-10425,62,Female,Cardiology,Elective,Hip Fracture,1,1,4,2,8,Home Health Care,2025-06-20,47,Medium,1
P-10426,46,Female,Orthopedics,Urgent,Heart Failure,5,1,3,2,13,Home,2025-08-16,73,High,0
P-10427,52,Female,General Medicine,Emergency,COPD,0,0,2,2,9,Rehab,2025-12-18,24,Low,0
P-10428,30,Male,General Medicine,Elective,Sepsis,1,0,3,0,7,Home,2025-09-07,13,Low,0
P-10429,94,Male,General Medicine,Emergency,Gastrointestinal Bleed,2,1,9,0,2,Against Medical Advice,2025-01-19,69,High,1
P-10430,75,Male,General Medicine,Elective,Diabetes with Complications,1,2,1,0,1,Home,2025-01-02,31,Medium,1
P-10431,48,Male,Emergency,Elective,Stroke,1,1,2,2,7,Home,2025-11-19,32,Medium,1
P-10432,57,Female,ICU,Elective,Hypertension,1,0,17,4,11,Rehab,2025-12-19,86,High,0
P-10433,51,Female,Orthopedics,Urgent,Heart Failure,1,0,8,0,1,Home,2025-01-14,26,Low,0
P-10434,86,Female,Cardiology,Emergency,Hypertension,2,0,2,0,7,Home,2025-07-17,44,Medium,0
P-10435,39,Male,General Medicine,Emergency,COPD,0,0,9,1,11,Home,2025-09-06,31,Medium,1
P-10436,63,Male,ICU,Emergency,Hypertension,1,0,1,0,5,Home,2025-08-10,20,Low,0
P-10437,60,Male,Emergency,Emergency,Stroke,0,1,5,2,8,Rehab,2025-02-21,40,Medium,1
P-10438,75,Male,ICU,Elective,Pneumonia,2,0,2,3,9,Home,2025-08-07,60,Medium,1
P-10439,60,Female,Emergency,Elective,Pneumonia,0,3,4,0,6,Rehab,2025-09-27,34,Medium,1
P-10440,33,Male,General Medicine,Emergency,COPD,4,0,5,2,13,Home,2025-11-08,58,Medium,0
P-10441,57,Male,Cardiology,Emergency,Hip Fracture,1,1,6,4,9,Home,2025-11-07,65,High,1
P-10442,46,Male,Emergency,Emergency,Pneumonia,2,3,11,2,8,Home,2025-07-26,76,High,0
P-10443,63,Female,Neurology,Elective,Hip Fracture,2,0,8,2,4,Home,2025-01-17,57,Medium,0
P-10444,84,Female,Emergency,Elective,Hypertension,1,1,2,3,10,Home,2025-08-04,64,High,0
P-10445,34,Male,Orthopedics,Emergency,Gastrointestinal Bleed,0,1,9,3,6,Home Health Care,2025-04-08,41,Medium,1
P-10446,49,Female,Neurology,Elective,Hip Fracture,2,0,1,2,5,Home,2025-01-14,30,Low,1
P-10447,53,Female,Pediatrics,Emergency,Hip Fracture,4,1,7,1,1,Skilled Nursing Facility,2025-05-03,61,High,1
P-10448,55,Male,Orthopedics,Elective,Gastrointestinal Bleed,1,0,3,3,6,Skilled Nursing Facility,2025-03-08,38,Medium,1
P-10449,73,Male,Emergency,Emergency,COPD,0,1,3,2,7,Home,2025-10-13,41,Medium,0
P-10450,59,Male,Pediatrics,Transfer,Pneumonia,1,0,6,0,11,Home Health Care,2025-10-27,35,Medium,1
P-10451,68,Male,Orthopedics,Emergency,Hip Fracture,1,1,1,3,8,Skilled Nursing Facility,2025-09-30,49,Medium,1
P-10452,51,Female,Orthopedics,Elective,Heart Failure,1,0,10,1,8,Home,2025-10-15,45,Medium,0
P-10453,65,Male,ICU,Emergency,Hypertension,2,0,2,2,8,Home,2025-11-29,46,Medium,0
P-10454,74,Male,Pediatrics,Emergency,Heart Failure,1,1,8,4,4,Home,2025-09-02,74,High,1
P-10455,50,Male,General Medicine,Emergency,COPD,3,1,2,2,6,Home Health Care,2025-02-20,49,Medium,1
P-10456,74,Male,General Medicine,Emergency,Hypertension,0,0,6,2,12,Home,2025-02-25,51,Medium,0
P-10457,62,Female,ICU,Urgent,Pneumonia,4,3,12,2,9,Home,2025-08-18,92,High,1
P-10458,78,Male,Cardiology,Emergency,Hypertension,2,0,6,1,6,Home,2025-05-17,56,Medium,1
P-10459,58,Male,Pediatrics,Elective,Diabetes with Complications,0,1,2,3,7,Home,2025-10-15,36,Medium,0
P-10460,68,Female,Emergency,Elective,Gastrointestinal Bleed,0,1,6,2,7,Home,2025-08-03,47,Medium,1
P-10461,61,Male,Emergency,Emergency,Acute Kidney Injury,2,1,6,1,8,Home,2025-11-23,54,Medium,0
P-10462,60,Male,Orthopedics,Emergency,Pneumonia,0,0,12,0,4,Home,2025-05-23,36,Medium,1
P-10463,66,Male,ICU,Urgent,Gastrointestinal Bleed,3,1,2,6,5,Home,2025-11-27,81,High,1
P-10464,70,Male,Emergency,Emergency,Hip Fracture,2,2,16,0,6,Home,2025-11-02,81,High,1
P-10465,42,Male,Emergency,Emergency,COPD,0,1,6,5,6,Home,2025-07-18,50,Medium,0
P-10466,84,Male,Emergency,Elective,Hypertension,3,0,2,6,8,Skilled Nursing Facility,2025-03-09,85,High,1
P-10467,32,Male,Emergency,Emergency,Acute Kidney Injury,1,0,4,2,6,Home,2025-07-12,23,Low,0
P-10468,51,Female,Cardiology,Emergency,Acute Kidney Injury,1,3,7,6,5,Home,2025-06-16,81,High,1
P-10469,60,Male,Cardiology,Emergency,Hip Fracture,2,1,1,3,8,Home,2025-01-30,53,Medium,1
P-10470,68,Female,General Medicine,Transfer,Stroke,0,0,2,3,3,Skilled Nursing Facility,2025-11-30,32,Medium,0
P-10471,87,Male,Neurology,Emergency,Pneumonia,1,0,10,2,2,Home,2025-07-06,66,High,1
P-10472,32,Female,Emergency,Transfer,Sepsis,0,0,1,4,15,Home,2025-11-10,29,Low,0
P-10473,53,Female,Cardiology,Emergency,Sepsis,0,0,4,3,6,Home Health Care,2025-07-05,32,Medium,1
P-10474,27,Male,Cardiology,Emergency,Diabetes with Complications,2,1,4,3,1,Home,2025-05-15,33,Medium,0
P-10475,62,Female,Orthopedics,Urgent,Heart Failure,1,0,2,1,7,Home,2025-09-27,28,Low,0
P-10476,66,Female,Pediatrics,Emergency,Stroke,1,0,3,6,4,Home,2025-11-09,63,High,0
P-10477,87,Male,Emergency,Emergency,Pneumonia,2,0,11,3,7,Home,2025-11-12,84,High,1
P-10478,63,Other,Cardiology,Emergency,Acute Kidney Injury,0,3,1,3,2,Home Health Care,2025-06-18,42,Medium,0
P-10479,78,Male,General Medicine,Transfer,Hip Fracture,0,2,1,1,8,Home,2025-07-21,39,Medium,0
P-10480,71,Male,General Medicine,Emergency,Acute Kidney Injury,3,2,11,3,6,Home Health Care,2025-04-09,89,High,1
P-10481,55,Female,Emergency,Elective,Acute Kidney Injury,3,0,1,0,12,Home,2025-06-05,36,Medium,0
P-10482,39,Male,General Medicine,Emergency,Acute Kidney Injury,2,0,1,1,10,Home,2025-08-04,25,Low,1
P-10483,66,Female,General Medicine,Emergency,Stroke,3,1,4,1,3,Home,2025-06-23,54,Medium,1
P-10484,38,Female,Pediatrics,Emergency,Diabetes with Complications,0,1,19,2,1,Home,2025-07-13,60,Medium,0
P-10485,82,Female,Cardiology,Urgent,Heart Failure,1,0,3,1,5,Home,2025-05-08,40,Medium,0
P-10486,59,Male,Pediatrics,Elective,COPD,1,4,4,0,3,Home Health Care,2025-08-05,44,Medium,0
P-10487,81,Female,Emergency,Elective,Acute Kidney Injury,1,1,8,3,3,Rehab,2025-03-03,71,High,0
P-10488,54,Male,General Medicine,Emergency,Stroke,0,1,6,2,5,Home,2025-10-09,36,Medium,0
P-10489,66,Male,General Medicine,Emergency,Heart Failure,4,1,25,3,5,Home,2025-09-20,98,High,1
P-10490,65,Female,Emergency,Elective,Gastrointestinal Bleed,0,1,5,5,5,Home,2025-08-15,60,Medium,1
P-10491,61,Female,General Medicine,Elective,Hypertension,2,0,3,1,14,Skilled Nursing Facility,2025-08-22,47,Medium,1
P-10492,55,Male,Emergency,Elective,COPD,1,0,2,3,5,Rehab,2025-11-30,34,Medium,0
P-10493,68,Female,Cardiology,Emergency,Sepsis,2,0,20,2,14,Skilled Nursing Facility,2025-10-09,91,High,1
P-10494,47,Male,Emergency,Transfer,Heart Failure,3,0,8,1,10,Home,2025-07-03,57,Medium,1
P-10495,42,Female,Emergency,Emergency,Gastrointestinal Bleed,2,1,8,3,7,Skilled Nursing Facility,2025-04-10,61,High,1
P-10496,81,Female,Cardiology,Emergency,COPD,0,1,1,3,6,Home,2025-05-08,46,Medium,0
P-10497,73,Female,Neurology,Urgent,Acute Kidney Injury,0,0,3,4,4,Home,2025-05-04,45,Medium,0
P-10498,63,Male,Cardiology,Elective,Hip Fracture,1,0,1,2,3,Home,2025-02-14,28,Low,0
P-10499,88,Female,Emergency,Emergency,Sepsis,0,0,4,3,4,Skilled Nursing Facility,2025-02-27,50,Medium,1
P-10500,57,Male,Cardiology,Elective,Hypertension,2,1,1,1,8,Home Health Care,2025-09-23,37,Medium,1
P-10501,83,Female,Emergency,Emergency,Pneumonia,1,0,1,1,5,Home Health Care,2025-06-28,35,Medium,0
P-10502,64,Male,Emergency,Emergency,Hypertension,0,2,2,2,7,Skilled Nursing Facility,2025-07-14,39,Medium,0
P-10503,45,Male,Emergency,Elective,Hip Fracture,3,1,8,0,8,Home,2025-07-29,52,Medium,1
P-10504,91,Male,Cardiology,Emergency,Sepsis,0,0,1,3,6,Home Health Care,2025-01-13,46,Medium,1
P-10505,77,Male,ICU,Emergency,Diabetes with Complications,1,1,11,4,5,Home,2025-02-06,82,High,0
P-10506,60,Female,General Medicine,Emergency,Acute Kidney Injury,4,1,4,1,7,Home,2025-02-02,64,High,1
P-10507,73,Male,General Medicine,Emergency,Pneumonia,3,0,1,1,1,Home,2025-04-04,41,Medium,0
P-10508,55,Female,Emergency,Emergency,COPD,5,0,20,2,4,Skilled Nursing Facility,2025-04-10,93,High,1
P-10509,75,Female,ICU,Urgent,Gastrointestinal Bleed,1,0,1,3,1,Rehab,2025-08-05,39,Medium,0
P-10510,23,Male,Orthopedics,Elective,Pneumonia,1,0,1,3,4,Home,2025-09-11,17,Low,1
P-10511,45,Female,Cardiology,Emergency,Acute Kidney Injury,0,0,1,2,11,Home,2025-08-12,21,Low,0
P-10512,77,Female,Neurology,Elective,Hip Fracture,2,1,10,2,4,Home,2025-02-03,76,High,0
P-10513,58,Female,Emergency,Urgent,Gastrointestinal Bleed,1,1,2,3,7,Home,2025-03-13,45,Medium,0
P-10514,65,Female,Emergency,Elective,Stroke,2,0,9,0,8,Home,2025-11-29,53,Medium,1
P-10515,40,Male,General Medicine,Emergency,COPD,2,0,1,4,8,Home,2025-09-28,41,Medium,0
P-10516,91,Female,Orthopedics,Emergency,Gastrointestinal Bleed,2,1,15,4,6,Home,2025-11-26,94,High,1
P-10517,81,Male,Emergency,Urgent,Diabetes with Complications,4,2,9,2,7,Home,2025-02-17,90,High,1
P-10518,58,Male,Emergency,Emergency,Diabetes with Complications,2,0,3,4,7,Home,2025-04-23,57,Medium,0
P-10519,55,Female,Emergency,Emergency,COPD,3,0,1,3,6,Home,2025-11-04,50,Medium,0
P-10520,78,Male,Neurology,Elective,Diabetes with Complications,1,0,2,1,4,Home,2025-09-30,34,Medium,0
P-10521,93,Female,General Medicine,Emergency,Pneumonia,1,1,2,3,8,Skilled Nursing Facility,2025-11-10,67,High,0
P-10522,77,Male,Cardiology,Transfer,Acute Kidney Injury,1,1,6,2,7,Home Health Care,2025-12-15,61,High,0
P-10523,95,Male,Cardiology,Urgent,Pneumonia,2,1,3,3,7,Home Health Care,2025-05-29,76,High,1
P-10524,47,Male,Cardiology,Elective,Heart Failure,1,0,1,3,7,Home,2025-04-22,30,Low,0
P-10525,48,Female,Cardiology,Urgent,Pneumonia,0,0,3,0,7,Home,2025-01-19,14,Low,0
P-10526,42,Male,Cardiology,Emergency,Sepsis,1,0,4,1,2,Against Medical Advice,2025-11-15,19,Low,0
P-10527,69,Male,General Medicine,Elective,Pneumonia,0,2,1,1,2,Home,2025-04-08,27,Low,0
P-10528,64,Female,Cardiology,Elective,Gastrointestinal Bleed,0,1,4,3,5,Home,2025-07-27,43,Medium,1
P-10529,59,Male,Emergency,Emergency,Pneumonia,3,0,7,2,8,Skilled Nursing Facility,2025-08-23,65,High,0
P-10530,74,Male,General Medicine,Urgent,Pneumonia,1,1,4,1,3,Home,2025-07-10,42,Medium,1
P-10531,81,Female,Cardiology,Urgent,Pneumonia,2,0,2,5,5,Home,2025-12-31,71,High,0
P-10532,37,Female,ICU,Transfer,Acute Kidney Injury,2,1,3,0,8,Home,2025-02-27,26,Low,0
P-10533,52,Male,ICU,Elective,Stroke,0,0,3,3,12,Home,2025-04-13,35,Medium,0
P-10534,75,Female,Cardiology,Emergency,Acute Kidney Injury,3,1,9,3,2,Home,2025-02-06,82,High,1
P-10535,54,Male,Orthopedics,Emergency,Gastrointestinal Bleed,0,0,1,2,10,Home,2025-12-23,24,Low,1
P-10536,49,Male,General Medicine,Emergency,Sepsis,2,0,2,4,8,Home,2025-05-24,50,Medium,1
P-10537,78,Female,ICU,Emergency,Heart Failure,0,2,15,1,12,Home Health Care,2025-05-03,81,High,0
P-10538,41,Female,Emergency,Emergency,Gastrointestinal Bleed,2,1,9,4,2,Rehab,2025-07-02,64,High,1
P-10539,57,Male,Cardiology,Elective,Pneumonia,1,0,1,2,8,Home Health Care,2025-03-19,30,Low,0
P-10540,67,Male,General Medicine,Elective,Hip Fracture,4,0,2,1,7,Home,2025-10-11,56,Medium,0
P-10541,52,Male,Emergency,Emergency,Pneumonia,1,0,1,4,2,Home Health Care,2025-12-05,33,Medium,1
P-10542,74,Male,Emergency,Emergency,Hip Fracture,1,1,6,3,7,Home,2025-08-27,66,High,0
P-10543,52,Female,Emergency,Emergency,COPD,1,0,1,0,1,Home,2025-07-19,13,Low,0
P-10544,84,Female,Cardiology,Elective,Heart Failure,1,1,3,3,9,Home,2025-10-13,66,High,0
P-10545,59,Male,General Medicine,Transfer,Sepsis,1,0,11,2,3,Home Health Care,2025-07-11,54,Medium,0
P-10546,72,Female,Orthopedics,Elective,Stroke,1,0,1,2,10,Home,2025-10-29,41,Medium,1
P-10547,73,Female,Neurology,Emergency,Hip Fracture,1,4,2,2,12,Rehab,2025-01-09,71,High,0
P-10548,51,Male,ICU,Emergency,Sepsis,0,2,8,1,9,Skilled Nursing Facility,2025-10-31,44,Medium,0
P-10549,29,Female,General Medicine,Elective,Heart Failure,1,0,5,2,9,Home,2025-02-16,27,Low,0
P-10550,67,Female,General Medicine,Emergency,Acute Kidney Injury,2,0,7,4,2,Home Health Care,2025-05-27,68,High,0
P-10551,63,Male,Neurology,Transfer,Gastrointestinal Bleed,1,1,15,1,7,Home,2025-01-03,71,High,0
P-10552,70,Female,Cardiology,Emergency,Pneumonia,2,0,12,4,4,Home,2025-07-02,82,High,1
P-10553,58,Female,General Medicine,Emergency,Acute Kidney Injury,1,0,2,2,5,Home,2025-03-16,30,Low,1
P-10554,55,Male,ICU,Emergency,Sepsis,1,0,2,4,12,Skilled Nursing Facility,2025-05-20,50,Medium,0
P-10555,94,Male,General Medicine,Elective,Acute Kidney Injury,4,1,1,1,7,Skilled Nursing Facility,2025-03-03,74,High,1
P-10556,38,Female,Emergency,Emergency,COPD,2,2,3,3,8,Home,2025-08-31,51,Medium,1
P-10557,73,Female,General Medicine,Emergency,Diabetes with Complications,1,1,7,1,6,Home,2025-09-10,54,Medium,0
P-10558,52,Female,Orthopedics,Emergency,Acute Kidney Injury,1,2,2,1,10,Home,2025-09-20,37,Medium,0
P-10559,56,Male,Emergency,Emergency,Hypertension,1,1,8,0,7,Home,2025-02-01,40,Medium,1
P-10560,56,Female,Emergency,Transfer,Heart Failure,0,0,4,2,1,Against Medical Advice,2025-08-27,23,Low,0
P-10561,49,Male,Cardiology,Emergency,Heart Failure,1,2,3,1,4,Home Health Care,2025-09-30,31,Medium,0
P-10562,71,Male,Emergency,Emergency,Hip Fracture,5,2,3,3,11,Home Health Care,2025-12-30,89,High,1
P-10563,84,Male,Emergency,Emergency,COPD,1,0,7,3,6,Home Health Care,2025-02-12,67,High,1
P-10564,69,Female,Cardiology,Emergency,Heart Failure,0,3,2,2,4,Home Health Care,2025-03-11,44,Medium,0
P-10565,63,Male,Orthopedics,Elective,Diabetes with Complications,0,1,6,2,10,Home,2025-12-30,48,Medium,0
P-10566,46,Male,Cardiology,Emergency,Acute Kidney Injury,1,0,3,4,5,Home,2025-04-03,38,Medium,0
P-10567,70,Male,General Medicine,Elective,Stroke,1,0,8,1,5,Home,2025-08-01,47,Medium,0
P-10568,95,Male,Orthopedics,Urgent,Acute Kidney Injury,1,0,2,2,7,Skilled Nursing Facility,2025-11-11,54,Medium,0
P-10569,55,Male,Neurology,Emergency,Hypertension,1,1,2,4,5,Home,2025-08-09,47,Medium,0
P-10570,55,Female,General Medicine,Urgent,Sepsis,4,1,4,1,8,Skilled Nursing Facility,2025-06-28,62,High,0
P-10571,53,Female,Cardiology,Urgent,Stroke,0,1,7,1,2,Skilled Nursing Facility,2025-09-08,29,Low,1
P-10572,54,Female,Orthopedics,Emergency,Pneumonia,3,2,1,1,9,Home Health Care,2025-11-01,51,Medium,0
P-10573,18,Male,Cardiology,Emergency,Hypertension,1,0,11,3,4,Home,2025-10-24,37,Medium,1
P-10574,68,Male,Neurology,Urgent,Acute Kidney Injury,2,0,1,7,9,Home,2025-02-15,77,High,1
P-10575,48,Female,General Medicine,Elective,Hip Fracture,1,0,1,2,8,Home,2025-08-05,26,Low,0
P-10576,36,Male,General Medicine,Emergency,Sepsis,4,0,3,0,14,Skilled Nursing Facility,2025-04-20,42,Medium,1
P-10577,74,Female,ICU,Emergency,Diabetes with Complications,0,0,8,1,1,Skilled Nursing Facility,2025-02-06,36,Medium,1
P-10578,44,Female,General Medicine,Elective,Gastrointestinal Bleed,1,2,1,2,4,Home,2025-10-16,30,Low,1
P-10579,56,Female,Orthopedics,Emergency,Diabetes with Complications,3,0,3,2,5,Home,2025-02-26,48,Medium,1
P-10580,85,Male,Orthopedics,Elective,Sepsis,2,0,3,1,5,Skilled Nursing Facility,2025-07-23,50,Medium,1
P-10581,39,Male,ICU,Elective,Diabetes with Complications,0,0,7,0,8,Home,2025-10-22,18,Low,1
P-10582,37,Male,Neurology,Urgent,Hypertension,1,0,2,1,3,Rehab,2025-08-27,15,Low,0
P-10583,66,Female,ICU,Elective,Stroke,3,0,5,2,8,Home,2025-04-23,64,High,1
P-10584,80,Female,General Medicine,Elective,Heart Failure,1,0,12,2,7,Rehab,2025-05-26,73,High,1
P-10585,36,Female,General Medicine,Elective,COPD,0,2,1,5,6,Home,2025-11-08,38,Medium,1
P-10586,68,Male,Cardiology,Emergency,Hip Fracture,1,0,10,0,5,Home,2025-12-04,45,Medium,1
P-10587,71,Female,ICU,Elective,Gastrointestinal Bleed,3,0,2,5,5,Home,2025-09-30,73,High,1
P-10588,29,Female,General Medicine,Elective,Hypertension,0,2,1,1,4,Skilled Nursing Facility,2025-01-21,13,Low,0
P-10589,74,Male,Emergency,Urgent,Pneumonia,0,0,2,0,7,Home,2025-01-26,22,Low,0
P-10590,76,Male,Cardiology,Elective,Gastrointestinal Bleed,0,0,4,2,1,Home Health Care,2025-10-19,33,Medium,0
P-10591,57,Female,General Medicine,Elective,Hip Fracture,2,0,2,3,6,Home,2025-11-06,45,Medium,0
P-10592,82,Female,Orthopedics,Emergency,COPD,1,1,1,4,7,Rehab,2025-07-07,63,High,0
P-10593,80,Male,General Medicine,Urgent,Heart Failure,0,1,3,2,3,Home,2025-11-12,41,Medium,0
P-10594,63,Male,Cardiology,Emergency,Hypertension,3,1,1,5,6,Home,2025-08-06,73,High,0
P-10595,54,Female,ICU,Transfer,Acute Kidney Injury,2,2,1,2,8,Home,2025-04-02,48,Medium,0
P-10596,46,Male,General Medicine,Emergency,Stroke,1,1,9,0,8,Home,2025-02-03,38,Medium,1
P-10597,61,Male,General Medicine,Emergency,Acute Kidney Injury,0,1,4,2,7,Home,2025-06-02,37,Medium,0
P-10598,71,Female,General Medicine,Urgent,Acute Kidney Injury,0,0,3,1,7,Home,2025-07-19,28,Low,1
P-10599,56,Female,Orthopedics,Elective,Acute Kidney Injury,1,0,3,3,4,Skilled Nursing Facility,2025-03-10,37,Medium,0
P-10600,26,Female,Emergency,Elective,Pneumonia,1,1,3,8,2,Home,2025-06-05,56,Medium,1
P-10601,82,Male,Cardiology,Emergency,Sepsis,0,1,2,3,3,Home,2025-06-11,46,Medium,1
P-10602,65,Female,Neurology,Urgent,COPD,2,2,6,1,10,Home,2025-06-03,65,High,1
P-10603,55,Female,Emergency,Elective,Hypertension,0,1,2,4,4,Home,2025-06-05,37,Medium,0
P-10604,75,Female,General Medicine,Emergency,Diabetes with Complications,3,2,4,1,4,Home,2025-08-16,66,High,1
P-10605,86,Male,Neurology,Urgent,COPD,1,2,1,1,9,Skilled Nursing Facility,2025-08-07,54,Medium,1
P-10606,18,Male,Neurology,Elective,Sepsis,0,0,1,3,3,Home,2025-12-03,11,Low,0
P-10607,68,Male,General Medicine,Emergency,Sepsis,1,2,1,1,9,Home Health Care,2025-06-29,43,Medium,0
P-10608,39,Female,Cardiology,Emergency,Gastrointestinal Bleed,2,1,2,2,13,Home,2025-12-06,42,Medium,0
P-10609,69,Female,Pediatrics,Elective,Hip Fracture,2,0,1,3,2,Home,2025-01-14,45,Medium,1
P-10610,64,Male,General Medicine,Urgent,Acute Kidney Injury,2,1,5,1,9,Skilled Nursing Facility,2025-12-07,54,Medium,1
P-10611,72,Male,Emergency,Emergency,Hypertension,1,1,1,4,9,Home,2025-09-13,60,Medium,0
P-10612,54,Male,General Medicine,Elective,Pneumonia,3,0,8,3,4,Home,2025-04-06,67,High,1
P-10613,32,Male,Emergency,Elective,COPD,1,1,8,5,13,Home,2025-09-12,67,High,1
P-10614,54,Female,Orthopedics,Emergency,Acute Kidney Injury,2,2,2,1,4,Skilled Nursing Facility,2025-10-06,39,Medium,1
P-10615,68,Female,Emergency,Emergency,Heart Failure,1,2,3,4,9,Home,2025-08-17,69,High,1
P-10616,78,Male,Orthopedics,Elective,Gastrointestinal Bleed,0,1,6,4,5,Rehab,2025-06-16,64,High,1
P-10617,43,Male,Orthopedics,Elective,COPD,3,1,3,0,4,Home,2025-03-13,32,Medium,0
P-10618,78,Male,Orthopedics,Elective,Hip Fracture,2,1,1,1,10,Home,2025-07-30,52,Medium,1
P-10619,51,Female,General Medicine,Urgent,Acute Kidney Injury,5,1,2,4,1,Home,2025-07-16,73,High,1
P-10620,67,Male,Orthopedics,Elective,Acute Kidney Injury,1,3,4,2,4,Home,2025-12-18,58,Medium,0
P-10621,53,Other,Emergency,Elective,Diabetes with Complications,1,0,8,5,3,Home,2025-12-06,62,High,1
P-10622,64,Female,Cardiology,Emergency,Hip Fracture,2,0,1,0,1,Home Health Care,2025-10-02,23,Low,0
P-10623,76,Female,Orthopedics,Emergency,Hypertension,5,2,1,2,9,Home Health Care,2025-12-10,83,High,1
P-10624,42,Female,Emergency,Elective,Stroke,2,0,13,3,3,Home,2025-08-12,65,High,1
P-10625,51,Female,Cardiology,Elective,Diabetes with Complications,2,1,2,4,5,Skilled Nursing Facility,2025-06-02,53,Medium,0
P-10626,64,Male,Cardiology,Emergency,Sepsis,2,0,3,2,7,Home Health Care,2025-09-25,47,Medium,1
P-10627,95,Female,Cardiology,Elective,Gastrointestinal Bleed,3,0,5,1,4,Home,2025-02-28,69,High,1
P-10628,48,Female,General Medicine,Elective,Hip Fracture,1,1,3,1,9,Home,2025-07-22,31,Medium,0
P-10629,94,Male,General Medicine,Emergency,Hypertension,1,0,2,0,8,Home,2025-11-29,41,Medium,0
P-10630,94,Male,Cardiology,Elective,Pneumonia,0,1,16,4,1,Home,2025-05-21,88,High,1
P-10631,60,Male,Orthopedics,Emergency,Stroke,2,3,4,1,6,Home Health Care,2025-12-07,58,Medium,1
P-10632,57,Male,Cardiology,Elective,COPD,2,3,3,0,6,Home,2025-11-16,46,Medium,1
P-10633,50,Male,General Medicine,Elective,COPD,2,0,7,2,7,Home Health Care,2025-02-20,50,Medium,1
P-10634,60,Female,Emergency,Elective,Stroke,2,0,1,0,1,Home Health Care,2025-04-22,21,Low,0
P-10635,39,Female,General Medicine,Emergency,Stroke,2,0,11,1,2,Home,2025-04-13,42,Medium,0
P-10636,60,Female,Emergency,Emergency,Heart Failure,0,1,8,0,7,Home,2025-01-29,35,Medium,1
P-10637,85,Female,Emergency,Emergency,Heart Failure,1,1,3,3,2,Home Health Care,2025-08-22,58,Medium,1
P-10638,52,Female,Orthopedics,Elective,Sepsis,1,1,1,2,8,Home,2025-09-26,33,Medium,0
P-10639,58,Female,ICU,Emergency,Diabetes with Complications,1,0,9,2,7,Skilled Nursing Facility,2025-06-06,52,Medium,0
P-10640,34,Male,Pediatrics,Emergency,Pneumonia,2,0,15,3,4,Home,2025-10-26,67,High,0
P-10641,67,Female,General Medicine,Transfer,Diabetes with Complications,0,1,1,3,6,Home Health Care,2025-12-30,37,Medium,1
P-10642,66,Male,Emergency,Emergency,Diabetes with Complications,1,1,20,0,2,Against Medical Advice,2025-10-30,74,High,0
P-10643,63,Female,General Medicine,Emergency,Hip Fracture,2,0,3,2,5,Home,2025-10-10,44,Medium,0
P-10644,58,Female,Cardiology,Elective,Hip Fracture,1,0,8,3,13,Home,2025-02-18,63,High,1
P-10645,57,Female,Emergency,Elective,Sepsis,1,0,3,1,8,Home,2025-05-05,29,Low,1
P-10646,70,Male,Pediatrics,Emergency,Pneumonia,2,0,4,2,10,Home,2025-08-31,57,Medium,1
P-10647,61,Male,Cardiology,Elective,Acute Kidney Injury,1,0,4,4,5,Home Health Care,2025-06-09,51,Medium,1
P-10648,67,Male,General Medicine,Emergency,Stroke,2,0,15,2,3,Home,2025-11-18,77,High,0
P-10649,65,Male,Emergency,Emergency,Acute Kidney Injury,4,0,5,5,10,Home,2025-02-01,86,High,0
P-10650,79,Female,General Medicine,Emergency,Stroke,1,0,2,3,5,Home Health Care,2025-11-03,49,Medium,1
P-10651,72,Male,Cardiology,Emergency,Hypertension,2,0,5,4,4,Home,2025-03-27,67,High,1
P-10652,65,Female,Emergency,Elective,Stroke,3,2,1,2,9,Home Health Care,2025-05-26,65,High,0
P-10653,86,Male,Pediatrics,Emergency,COPD,1,0,2,2,7,Home,2025-08-30,49,Medium,1
P-10654,68,Female,Cardiology,Elective,Hypertension,3,1,1,2,1,Home,2025-02-03,51,Medium,1
P-10655,82,Male,General Medicine,Emergency,Hypertension,0,0,5,1,8,Home,2025-01-18,41,Medium,0
P-10656,71,Male,General Medicine,Emergency,Sepsis,2,0,4,2,6,Home,2025-03-24,53,Medium,1
P-10657,32,Female,General Medicine,Emergency,Gastrointestinal Bleed,1,2,6,3,6,Skilled Nursing Facility,2025-12-05,45,Medium,1
P-10658,82,Female,General Medicine,Emergency,COPD,1,0,2,8,6,Home,2025-11-08,81,High,0
P-10659,64,Male,Emergency,Emergency,Hypertension,0,0,20,3,2,Home,2025-07-01,78,High,1
P-10660,61,Female,ICU,Elective,Heart Failure,1,1,2,0,3,Home,2025-06-10,23,Low,0
P-10661,66,Female,Neurology,Urgent,Hip Fracture,1,1,1,1,5,Home,2025-02-03,31,Medium,0
P-10662,56,Female,Orthopedics,Elective,COPD,3,0,2,5,8,Home Health Care,2025-11-19,69,High,0
P-10663,65,Female,Cardiology,Elective,Hip Fracture,3,0,5,4,8,Home,2025-09-19,75,High,1
P-10664,52,Female,Emergency,Emergency,Gastrointestinal Bleed,1,4,7,2,3,Home,2025-04-27,62,High,0
P-10665,82,Female,General Medicine,Elective,Hip Fracture,2,0,2,3,5,Home,2025-01-21,59,Medium,0
P-10666,60,Female,Pediatrics,Elective,Heart Failure,3,0,7,4,4,Home,2025-11-21,73,High,0
P-10667,55,Female,Pediatrics,Emergency,Gastrointestinal Bleed,0,2,2,5,7,Home,2025-01-27,54,Medium,0
P-10668,47,Female,Orthopedics,Urgent,Acute Kidney Injury,1,3,1,2,4,Home,2025-08-21,37,Medium,0
P-10669,66,Female,Cardiology,Emergency,Hip Fracture,2,2,1,1,7,Skilled Nursing Facility,2025-03-21,48,Medium,0
P-10670,64,Male,Neurology,Emergency,Sepsis,2,0,8,1,10,Home,2025-12-01,58,Medium,1
P-10671,68,Male,Orthopedics,Emergency,Stroke,1,1,2,1,6,Home,2025-01-10,36,Medium,0
P-10672,45,Female,Emergency,Urgent,Pneumonia,1,0,2,3,1,Home Health Care,2025-05-05,25,Low,0
P-10673,36,Female,Emergency,Urgent,Gastrointestinal Bleed,2,0,10,1,7,Home,2025-04-21,43,Medium,1
P-10674,72,Male,Emergency,Urgent,Gastrointestinal Bleed,2,0,3,4,4,Home,2025-09-27,62,High,1
P-10675,85,Male,General Medicine,Elective,Hypertension,2,0,21,0,2,Home,2025-02-18,85,High,1
P-10676,45,Female,Cardiology,Elective,Diabetes with Complications,1,1,2,0,5,Home Health Care,2025-11-13,18,Low,1
P-10677,87,Male,ICU,Emergency,COPD,0,1,5,0,8,Home,2025-03-12,43,Medium,1
P-10678,66,Male,Cardiology,Emergency,COPD,0,0,1,2,10,Home,2025-05-13,30,Low,1
P-10679,61,Male,Emergency,Urgent,Heart Failure,3,1,1,2,4,Home,2025-11-23,50,Medium,1
P-10680,55,Female,Cardiology,Emergency,COPD,1,0,8,1,6,Home,2025-07-20,39,Medium,0
P-10681,39,Male,General Medicine,Emergency,Pneumonia,4,1,12,2,4,Home,2025-12-06,75,High,1
P-10682,77,Female,Cardiology,Emergency,Diabetes with Complications,3,1,11,2,2,Home Health Care,2025-10-05,82,High,1
P-10683,49,Female,Neurology,Emergency,Sepsis,3,3,9,4,4,Home,2025-04-01,85,High,1
P-10684,49,Female,Orthopedics,Emergency,Pneumonia,1,1,4,5,7,Home,2025-08-25,59,Medium,0
P-10685,77,Male,Neurology,Emergency,Hypertension,4,0,1,1,5,Home,2025-07-14,57,Medium,0
P-10686,31,Male,General Medicine,Emergency,Gastrointestinal Bleed,2,0,2,3,9,Skilled Nursing Facility,2025-10-24,33,Medium,0
P-10687,37,Female,Cardiology,Emergency,Gastrointestinal Bleed,0,3,2,3,7,Home Health Care,2025-04-29,36,Medium,0
P-10688,61,Female,Emergency,Emergency,Hip Fracture,2,1,2,5,6,Home Health Care,2025-08-12,67,High,0
P-10689,66,Male,Cardiology,Urgent,Hip Fracture,0,0,17,2,1,Rehab,2025-05-13,65,High,1
P-10690,69,Male,Pediatrics,Elective,Diabetes with Complications,2,0,1,4,6,Home Health Care,2025-07-05,57,Medium,1
P-10691,57,Female,Emergency,Elective,Sepsis,1,1,3,2,7,Home Health Care,2025-07-23,40,Medium,0
P-10692,95,Female,General Medicine,Elective,COPD,0,0,12,0,3,Home Health Care,2025-06-07,57,Medium,1
P-10693,58,Male,General Medicine,Emergency,Hypertension,1,0,1,6,6,Home,2025-01-02,55,Medium,1
P-10694,58,Male,Neurology,Urgent,Diabetes with Complications,0,3,7,4,6,Rehab,2025-11-23,68,High,0
P-10695,49,Male,General Medicine,Urgent,Diabetes with Complications,2,1,5,2,11,Home,2025-11-21,55,Medium,0
P-10696,63,Male,General Medicine,Emergency,Hypertension,0,1,3,2,10,Home,2025-06-02,39,Medium,0
P-10697,71,Male,Emergency,Emergency,Stroke,0,0,13,3,2,Home,2025-04-20,64,High,0
P-10698,81,Female,General Medicine,Elective,Heart Failure,1,0,2,4,7,Skilled Nursing Facility,2025-03-22,60,Medium,0
P-10699,38,Female,ICU,Emergency,Hip Fracture,1,0,1,3,6,Home,2025-02-26,24,Low,0
P-10700,58,Male,Orthopedics,Urgent,Acute Kidney Injury,1,0,6,2,9,Home,2025-12-16,46,Medium,1
P-10701,69,Female,Emergency,Elective,Hypertension,1,0,2,1,6,Home,2025-09-12,31,Medium,0
P-10702,71,Female,ICU,Emergency,Hip Fracture,0,1,2,6,1,Skilled Nursing Facility,2025-10-10,57,Medium,0
P-10703,62,Female,Neurology,Emergency,Diabetes with Complications,1,1,13,1,4,Home,2025-11-07,62,High,1
P-10704,70,Female,Emergency,Elective,Heart Failure,1,0,2,2,5,Skilled Nursing Facility,2025-12-13,37,Medium,1
P-10705,49,Female,Orthopedics,Emergency,Diabetes with Complications,1,0,4,0,4,Skilled Nursing Facility,2025-10-12,19,Low,0
P-10706,86,Female,Orthopedics,Urgent,Sepsis,0,2,5,1,4,Skilled Nursing Facility,2025-01-22,51,Medium,1
P-10707,77,Male,Orthopedics,Emergency,COPD,2,1,3,2,2,Home,2025-06-24,55,Medium,1
P-10708,40,Male,ICU,Transfer,Hip Fracture,2,0,2,3,8,Home Health Care,2025-04-29,37,Medium,1
P-10709,44,Female,Cardiology,Emergency,Gastrointestinal Bleed,3,0,4,1,3,Home,2025-07-30,35,Medium,0
P-10710,45,Female,Orthopedics,Elective,Gastrointestinal Bleed,0,0,3,2,7,Home,2025-02-03,21,Low,1
P-10711,72,Male,Orthopedics,Emergency,Acute Kidney Injury,1,0,1,0,2,Home,2025-06-26,21,Low,1
P-10712,41,Female,Emergency,Emergency,Sepsis,2,0,2,1,1,Home,2025-01-28,20,Low,0
P-10713,56,Male,Emergency,Elective,Stroke,2,1,4,2,10,Home,2025-04-09,55,Medium,1
P-10714,69,Female,Cardiology,Emergency,COPD,1,1,1,6,12,Home,2025-05-22,74,High,1
P-10715,60,Male,Pediatrics,Emergency,Hypertension,1,2,5,0,15,Home,2025-07-17,50,Medium,1
P-10716,66,Female,Cardiology,Emergency,Pneumonia,3,0,1,5,5,Skilled Nursing Facility,2025-10-04,68,High,0
P-10717,44,Male,Cardiology,Emergency,Diabetes with Complications,2,1,4,2,3,Home Health Care,2025-10-31,39,Medium,0
P-10718,71,Female,General Medicine,Emergency,Hypertension,1,0,1,3,1,Home Health Care,2025-11-21,36,Medium,1
P-10719,52,Male,Cardiology,Elective,COPD,0,1,9,0,11,Home,2025-02-02,37,Medium,0
P-10720,56,Female,Neurology,Emergency,Gastrointestinal Bleed,3,0,11,2,7,Home,2025-01-23,73,High,1
P-10721,65,Male,ICU,Emergency,Acute Kidney Injury,2,0,5,0,10,Home,2025-11-17,43,Medium,1
P-10722,63,Female,ICU,Emergency,Heart Failure,0,0,1,2,11,Home,2025-06-07,29,Low,1
P-10723,62,Male,Emergency,Urgent,Acute Kidney Injury,2,0,11,1,3,Home,2025-10-03,57,Medium,0
P-10724,49,Female,Emergency,Urgent,Sepsis,0,1,6,1,6,Home,2025-07-08,28,Low,1
P-10725,57,Female,Cardiology,Elective,Hypertension,0,0,10,1,11,Home,2025-11-23,44,Medium,0
P-10726,62,Female,Emergency,Urgent,Sepsis,1,0,3,3,3,Home,2025-11-14,39,Medium,1
P-10727,39,Male,Emergency,Urgent,Acute Kidney Injury,3,1,3,1,3,Home,2025-09-01,35,Medium,0
P-10728,54,Female,Orthopedics,Emergency,Hip Fracture,3,0,5,1,6,Skilled Nursing Facility,2025-07-25,47,Medium,0
P-10729,68,Male,ICU,Emergency,Acute Kidney Injury,3,0,3,1,1,Skilled Nursing Facility,2025-10-28,44,Medium,0
P-10730,41,Male,Pediatrics,Emergency,Hypertension,2,2,1,3,1,Home,2025-09-04,39,Medium,0
P-10731,80,Male,General Medicine,Emergency,Pneumonia,0,0,8,2,1,Home,2025-01-02,47,Medium,1
P-10732,82,Male,Cardiology,Elective,Pneumonia,0,0,1,0,14,Rehab,2025-07-29,30,Low,1
P-10733,42,Female,ICU,Elective,COPD,1,1,7,2,9,Skilled Nursing Facility,2025-09-10,45,Medium,0
P-10734,83,Male,Emergency,Elective,Hypertension,3,0,10,5,5,Home,2025-08-11,91,High,1
P-10735,59,Male,Cardiology,Emergency,Hip Fracture,0,1,4,6,2,Home,2025-03-01,57,Medium,1
P-10736,68,Female,Emergency,Elective,Gastrointestinal Bleed,0,1,2,2,7,Home,2025-09-05,35,Medium,0
P-10737,54,Female,Cardiology,Emergency,Stroke,2,2,1,4,9,Home Health Care,2025-09-05,63,High,1
P-10738,76,Female,General Medicine,Emergency,Diabetes with Complications,0,1,5,2,9,Home,2025-08-29,51,Medium,1
P-10739,68,Female,General Medicine,Transfer,Gastrointestinal Bleed,3,0,4,1,1,Home,2025-09-02,47,Medium,0
P-10740,48,Female,ICU,Emergency,Sepsis,1,0,6,3,12,Home Health Care,2025-06-23,50,Medium,1
P-10741,43,Female,Emergency,Emergency,Sepsis,1,1,14,4,6,Skilled Nursing Facility,2025-08-03,75,High,1
P-10742,38,Female,General Medicine,Elective,Sepsis,2,0,3,0,1,Home,2025-11-26,16,Low,0
P-10743,65,Female,ICU,Urgent,Heart Failure,2,1,6,3,1,Home,2025-09-29,62,High,0
P-10744,71,Male,Orthopedics,Emergency,Gastrointestinal Bleed,1,1,1,3,5,Skilled Nursing Facility,2025-09-21,47,Medium,1
P-10745,72,Female,General Medicine,Elective,Sepsis,0,1,1,1,11,Home,2025-12-09,33,Medium,1
P-10746,60,Female,Pediatrics,Urgent,Stroke,0,0,4,2,10,Skilled Nursing Facility,2025-01-01,34,Medium,0
P-10747,43,Male,Cardiology,Emergency,Heart Failure,0,1,4,3,8,Home,2025-03-31,34,Medium,0
P-10748,51,Female,Pediatrics,Emergency,Acute Kidney Injury,3,1,19,1,7,Skilled Nursing Facility,2025-02-19,86,High,1
P-10749,80,Female,General Medicine,Elective,Pneumonia,2,1,4,2,8,Home,2025-07-30,67,High,1
P-10750,54,Female,General Medicine,Emergency,Gastrointestinal Bleed,0,1,12,3,7,Home,2025-11-09,63,High,1
P-10751,64,Male,Emergency,Emergency,Diabetes with Complications,2,2,7,0,4,Home,2025-11-14,53,Medium,1
P-10752,44,Female,ICU,Urgent,COPD,0,1,11,2,2,Skilled Nursing Facility,2025-08-29,41,Medium,0
P-10753,67,Male,Neurology,Elective,Pneumonia,1,0,9,4,3,Home,2025-12-02,66,High,1
P-10754,54,Male,General Medicine,Emergency,Gastrointestinal Bleed,4,0,4,2,7,Home,2025-09-20,61,High,1
P-10755,78,Other,ICU,Emergency,Pneumonia,1,0,1,1,1,Home,2025-09-26,28,Low,1
P-10756,74,Female,ICU,Elective,Heart Failure,1,1,3,2,3,Skilled Nursing Facility,2025-01-21,46,Medium,1
P-10757,54,Female,ICU,Emergency,Hip Fracture,1,1,2,3,5,Home,2025-11-02,40,Medium,1
P-10758,59,Female,General Medicine,Elective,Heart Failure,1,0,6,1,11,Home,2025-10-27,42,Medium,1
P-10759,53,Female,General Medicine,Elective,Heart Failure,3,1,1,5,3,Home,2025-05-15,64,High,1
P-10760,39,Female,Emergency,Emergency,Stroke,0,1,3,3,5,Home,2025-10-02,26,Low,0
P-10761,48,Male,Emergency,Transfer,Gastrointestinal Bleed,3,0,1,4,4,Home,2025-05-01,50,Medium,1
P-10762,65,Female,Emergency,Urgent,COPD,1,1,1,2,5,Home,2025-12-17,37,Medium,0
P-10763,67,Female,Emergency,Emergency,Hypertension,0,1,3,1,3,Home Health Care,2025-06-22,27,Low,0
P-10764,64,Female,ICU,Emergency,COPD,1,0,6,6,4,Home Health Care,2025-02-06,70,High,1
P-10765,57,Male,Cardiology,Emergency,Acute Kidney Injury,1,2,6,6,13,Home Health Care,2025-10-04,84,High,1
P-10766,76,Male,ICU,Emergency,Acute Kidney Injury,2,3,3,1,9,Home,2025-12-20,68,High,0
P-10767,63,Male,Neurology,Emergency,Diabetes with Complications,2,1,1,4,3,Home Health Care,2025-04-15,55,Medium,1
P-10768,73,Female,General Medicine,Emergency,Gastrointestinal Bleed,2,0,2,5,5,Home,2025-05-27,67,High,0
P-10769,33,Female,Pediatrics,Emergency,Hypertension,1,1,4,2,5,Skilled Nursing Facility,2025-05-19,27,Low,1
P-10770,18,Female,Emergency,Emergency,Gastrointestinal Bleed,0,0,14,3,2,Home,2025-08-31,35,Medium,1
P-10771,66,Male,Orthopedics,Emergency,Gastrointestinal Bleed,3,0,5,4,2,Home,2025-07-13,69,High,1
P-10772,39,Male,General Medicine,Emergency,Gastrointestinal Bleed,3,0,1,5,5,Home Health Care,2025-03-05,52,Medium,0
P-10773,58,Male,Emergency,Emergency,Heart Failure,1,0,8,3,10,Home,2025-06-27,60,Medium,0
P-10774,57,Male,Cardiology,Emergency,Hip Fracture,2,4,6,1,5,Rehab,2025-08-13,66,High,0
P-10775,87,Female,General Medicine,Urgent,Hip Fracture,1,2,10,3,6,Home Health Care,2025-12-06,84,High,1
P-10776,68,Female,Neurology,Emergency,COPD,0,0,5,1,5,Home Health Care,2025-07-08,30,Low,1
P-10777,64,Male,Cardiology,Urgent,Hypertension,1,1,2,0,11,Home Health Care,2025-03-03,33,Medium,1
P-10778,75,Male,Cardiology,Emergency,Heart Failure,4,0,9,3,5,Home,2025-06-19,85,High,1
P-10779,67,Male,General Medicine,Elective,Heart Failure,1,3,4,0,1,Home,2025-06-17,40,Medium,0
P-10780,54,Male,Pediatrics,Emergency,Heart Failure,0,1,6,2,8,Home Health Care,2025-02-25,40,Medium,1
P-10781,79,Female,General Medicine,Urgent,Pneumonia,1,3,3,1,6,Home,2025-05-02,58,Medium,0
P-10782,44,Female,Cardiology,Emergency,Hypertension,2,0,8,3,2,Home Health Care,2025-01-29,50,Medium,0
P-10783,67,Female,Emergency,Transfer,Pneumonia,2,1,5,3,6,Skilled Nursing Facility,2025-08-30,66,High,1
P-10784,37,Female,Emergency,Emergency,COPD,0,1,10,5,6,Home,2025-12-12,59,Medium,0
P-10785,65,Male,Orthopedics,Emergency,Diabetes with Complications,3,1,2,5,3,Home,2025-03-15,73,High,0
P-10786,65,Male,General Medicine,Emergency,Gastrointestinal Bleed,1,0,9,2,4,Skilled Nursing Facility,2025-09-15,53,Medium,1
P-10787,88,Male,General Medicine,Elective,Hypertension,2,0,7,3,9,Home,2025-06-03,79,High,1
P-10788,36,Female,Cardiology,Transfer,Gastrointestinal Bleed,2,1,3,3,4,Home,2025-08-01,39,Medium,0
P-10789,52,Female,Neurology,Emergency,Hypertension,2,0,10,0,9,Home,2025-05-02,49,Medium,0
P-10790,75,Female,General Medicine,Elective,Stroke,4,0,5,3,11,Home Health Care,2025-04-23,83,High,1
P-10791,67,Male,Pediatrics,Elective,Diabetes with Complications,2,2,3,3,7,Against Medical Advice,2025-01-05,67,High,1
P-10792,64,Female,General Medicine,Elective,Pneumonia,3,3,2,2,1,Home,2025-01-18,63,High,0
P-10793,46,Male,Orthopedics,Elective,Hip Fracture,1,1,1,0,2,Rehab,2025-10-14,15,Low,0
P-10794,52,Male,Orthopedics,Emergency,Gastrointestinal Bleed,2,0,1,7,6,Home,2025-12-17,66,High,0
P-10795,81,Male,Emergency,Emergency,COPD,2,0,7,1,7,Home Health Care,2025-05-20,62,High,0
P-10796,61,Male,Pediatrics,Elective,Gastrointestinal Bleed,0,2,3,4,8,Home,2025-01-01,55,Medium,1
P-10797,68,Female,ICU,Emergency,COPD,2,0,4,2,10,Home,2025-11-19,56,Medium,1
P-10798,60,Female,General Medicine,Urgent,Diabetes with Complications,3,0,9,1,2,Skilled Nursing Facility,2025-05-19,58,Medium,0
P-10799,43,Male,Pediatrics,Urgent,Stroke,1,1,5,4,2,Home,2025-08-09,45,Medium,1
P-10800,76,Male,Emergency,Urgent,Gastrointestinal Bleed,0,2,13,1,10,Home,2025-01-04,74,High,1
P-10801,70,Male,General Medicine,Emergency,Diabetes with Complications,0,0,4,4,10,Home,2025-08-20,54,Medium,1
P-10802,95,Male,General Medicine,Emergency,Hip Fracture,0,1,1,0,7,Home,2025-11-20,35,Medium,1
P-10803,45,Male,General Medicine,Emergency,Sepsis,0,1,2,1,12,Home,2025-01-24,23,Low,0
P-10804,75,Female,Orthopedics,Transfer,Gastrointestinal Bleed,0,0,1,3,3,Skilled Nursing Facility,2025-08-27,33,Medium,0
P-10805,41,Male,General Medicine,Emergency,Acute Kidney Injury,0,1,7,3,9,Home Health Care,2025-10-25,43,Medium,0
P-10806,64,Female,Orthopedics,Emergency,Heart Failure,2,0,3,1,13,Home,2025-12-28,47,Medium,0
P-10807,77,Male,Emergency,Emergency,Acute Kidney Injury,0,1,1,2,6,Against Medical Advice,2025-11-14,37,Medium,1
P-10808,28,Male,Cardiology,Emergency,Hypertension,1,0,1,2,8,Home,2025-12-30,17,Low,0
P-10809,58,Male,Emergency,Emergency,Stroke,2,1,1,5,9,Skilled Nursing Facility,2025-08-12,66,High,1
P-10810,52,Female,General Medicine,Emergency,Stroke,0,0,6,1,4,Home,2025-09-19,23,Low,0
P-10811,50,Female,Cardiology,Emergency,COPD,1,0,2,0,6,Home,2025-06-27,17,Low,0
P-10812,68,Male,General Medicine,Transfer,Hypertension,2,0,7,0,1,Home,2025-01-23,40,Medium,0
P-10813,79,Female,Emergency,Elective,Sepsis,1,0,4,3,8,Home Health Care,2025-05-12,59,Medium,0
P-10814,59,Male,General Medicine,Elective,Sepsis,0,0,4,0,5,Home Health Care,2025-05-26,18,Low,1
P-10815,65,Female,ICU,Emergency,Hypertension,2,1,1,5,2,Home,2025-07-30,62,High,1
P-10816,63,Male,General Medicine,Urgent,Hypertension,4,1,10,4,11,Home,2025-08-06,92,High,1
P-10817,62,Female,General Medicine,Urgent,Heart Failure,0,0,3,2,14,Home Health Care,2025-07-31,37,Medium,1
P-10818,44,Female,Neurology,Transfer,Acute Kidney Injury,4,1,3,1,4,Skilled Nursing Facility,2025-04-01,47,Medium,0
P-10819,79,Female,General Medicine,Emergency,Stroke,2,0,8,3,10,Home Health Care,2025-03-06,78,High,1
P-10820,66,Male,General Medicine,Urgent,Acute Kidney Injury,0,0,1,4,9,Home,2025-11-05,41,Medium,1
P-10821,68,Male,Neurology,Emergency,Hip Fracture,1,1,4,1,3,Home,2025-09-30,38,Medium,0
P-10822,49,Female,General Medicine,Emergency,Heart Failure,1,0,6,1,9,Home Health Care,2025-08-03,34,Medium,1
P-10823,54,Female,Cardiology,Emergency,Gastrointestinal Bleed,6,0,8,3,6,Home,2025-05-14,86,High,1
P-10824,59,Female,Orthopedics,Elective,Diabetes with Complications,2,2,1,3,10,Home,2025-09-30,61,High,1
P-10825,37,Male,General Medicine,Elective,Hip Fracture,0,0,3,0,1,Home,2025-06-25,9,Low,1
P-10826,34,Male,Emergency,Emergency,Acute Kidney Injury,1,0,2,3,8,Home,2025-03-06,27,Low,1
P-10827,52,Female,General Medicine,Elective,Hypertension,1,0,22,3,11,Home Health Care,2025-03-20,88,High,1
P-10828,70,Male,Orthopedics,Emergency,Stroke,0,2,6,1,5,Home Health Care,2025-08-20,45,Medium,1
P-10829,51,Male,Pediatrics,Emergency,Stroke,4,1,3,1,4,Rehab,2025-12-28,52,Medium,0
P-10830,45,Female,Pediatrics,Emergency,Heart Failure,0,0,2,0,4,Home,2025-08-14,11,Low,0
P-10831,48,Male,Emergency,Emergency,Hip Fracture,1,0,1,0,10,Home,2025-10-19,18,Low,0
P-10832,54,Male,Emergency,Emergency,Pneumonia,2,0,24,0,3,Home,2025-07-25,80,High,1
P-10833,56,Male,Cardiology,Emergency,COPD,2,1,4,1,4,Home,2025-10-12,40,Medium,1
P-10834,95,Female,Cardiology,Transfer,Pneumonia,3,0,6,0,3,Home,2025-08-10,64,High,1
P-10835,78,Male,Orthopedics,Urgent,Diabetes with Complications,2,1,1,2,8,Home,2025-08-09,57,Medium,1
P-10836,78,Female,Emergency,Emergency,Stroke,1,0,7,1,18,Home,2025-09-06,65,High,1
P-10837,80,Male,General Medicine,Elective,Hypertension,4,1,2,2,6,Home Health Care,2025-06-06,74,High,1
P-10838,46,Male,General Medicine,Emergency,Acute Kidney Injury,0,0,7,1,5,Home,2025-08-14,24,Low,0
P-10839,42,Female,General Medicine,Emergency,Stroke,4,0,12,6,10,Home Health Care,2025-12-14,91,High,1
P-10840,44,Female,Cardiology,Emergency,Heart Failure,0,0,3,4,4,Home,2025-02-14,28,Low,0
P-10841,83,Male,Emergency,Emergency,Hypertension,0,0,11,4,9,Home,2025-03-01,78,High,1
P-10842,53,Male,Emergency,Emergency,Diabetes with Complications,1,0,3,3,7,Home,2025-07-03,38,Medium,0
P-10843,41,Male,Emergency,Emergency,Sepsis,1,0,8,2,5,Home Health Care,2025-10-02,36,Medium,0
P-10844,55,Female,Pediatrics,Emergency,Sepsis,1,0,3,0,8,Home,2025-07-03,23,Low,1
P-10845,58,Male,Orthopedics,Urgent,Pneumonia,2,0,1,2,3,Home,2025-02-06,33,Medium,1
P-10846,66,Female,Emergency,Transfer,Hypertension,0,3,5,1,5,Home,2025-11-21,46,Medium,0
P-10847,66,Female,Orthopedics,Urgent,Heart Failure,1,0,2,0,4,Home Health Care,2025-09-05,22,Low,0
P-10848,48,Female,Emergency,Transfer,Pneumonia,2,2,1,4,5,Home Health Care,2025-03-17,55,Medium,1
P-10849,72,Female,General Medicine,Emergency,COPD,1,0,5,3,3,Home Health Care,2025-07-18,51,Medium,1
P-10850,51,Female,Cardiology,Elective,Heart Failure,2,1,4,0,9,Home,2025-02-24,37,Medium,0
P-10851,59,Male,General Medicine,Emergency,Stroke,4,0,12,4,10,Home Health Care,2025-10-16,90,High,0
P-10852,72,Male,Emergency,Urgent,Pneumonia,3,0,1,1,6,Home Health Care,2025-08-11,46,Medium,0
P-10853,51,Male,Cardiology,Urgent,Hip Fracture,1,0,3,5,1,Home,2025-06-16,43,Medium,0
P-10854,52,Female,Cardiology,Emergency,Stroke,4,1,2,3,12,Home,2025-01-02,72,High,1
P-10855,71,Female,Emergency,Emergency,Sepsis,1,0,3,2,5,Home,2025-03-26,40,Medium,1
P-10856,48,Male,General Medicine,Emergency,Hip Fracture,1,2,9,3,6,Home Health Care,2025-03-08,64,High,1
P-10857,55,Female,ICU,Emergency,Gastrointestinal Bleed,1,0,13,4,5,Home,2025-01-19,72,High,0
P-10858,70,Female,General Medicine,Transfer,Diabetes with Complications,1,2,3,2,8,Home,2025-08-24,55,Medium,0
P-10859,94,Male,General Medicine,Urgent,Hypertension,3,1,5,0,2,Home,2025-06-01,66,High,1
P-10860,71,Male,General Medicine,Emergency,Gastrointestinal Bleed,1,0,2,1,7,Home,2025-06-09,33,Medium,1
P-10861,69,Male,General Medicine,Emergency,Hypertension,1,0,7,2,5,Home,2025-11-11,51,Medium,0
P-10862,70,Female,Cardiology,Emergency,Acute Kidney Injury,0,1,11,1,2,Skilled Nursing Facility,2025-08-07,50,Medium,1
P-10863,44,Male,General Medicine,Transfer,Heart Failure,4,1,3,1,9,Home,2025-10-29,53,Medium,0
P-10864,63,Male,Neurology,Urgent,Heart Failure,3,3,10,2,6,Home,2025-04-19,85,High,1
P-10865,61,Other,General Medicine,Elective,Stroke,1,0,19,2,9,Home Health Care,2025-09-16,81,High,1
P-10866,67,Female,General Medicine,Elective,Sepsis,2,0,5,1,1,Skilled Nursing Facility,2025-03-30,40,Medium,1
P-10867,63,Female,General Medicine,Elective,Hypertension,2,2,4,2,8,Skilled Nursing Facility,2025-08-31,63,High,0
P-10868,68,Female,Emergency,Emergency,Gastrointestinal Bleed,3,1,3,1,4,Home,2025-04-23,53,Medium,1
P-10869,57,Male,General Medicine,Urgent,Heart Failure,1,1,7,4,6,Home,2025-09-19,64,High,0
P-10870,62,Female,Neurology,Emergency,Hypertension,0,0,8,3,4,Home,2025-04-16,46,Medium,0
P-10871,42,Female,ICU,Emergency,Hypertension,1,0,1,0,5,Home,2025-02-03,13,Low,0
P-10872,56,Female,Orthopedics,Emergency,Hypertension,1,0,2,1,9,Home,2025-10-30,27,Low,1
P-10873,84,Male,Cardiology,Elective,Hypertension,2,2,1,1,4,Home,2025-05-10,55,Medium,0
P-10874,67,Male,Emergency,Emergency,Stroke,0,2,7,3,14,Home,2025-03-23,70,High,1
P-10875,61,Male,Orthopedics,Elective,Hip Fracture,1,0,1,1,12,Rehab,2025-04-20,30,Low,0
P-10876,92,Female,Orthopedics,Urgent,Hypertension,2,0,1,0,12,Home,2025-12-12,50,Medium,0
P-10877,40,Male,Orthopedics,Elective,COPD,0,0,8,5,4,Home Health Care,2025-07-27,47,Medium,1
P-10878,44,Female,Neurology,Elective,Heart Failure,0,1,4,2,7,Home,2025-08-05,28,Low,0
P-10879,89,Female,Emergency,Emergency,Pneumonia,0,3,1,3,7,Home,2025-06-17,64,High,1
P-10880,62,Male,General Medicine,Emergency,Diabetes with Complications,0,0,9,1,3,Home Health Care,2025-02-24,35,Medium,0
P-10881,58,Female,Emergency,Emergency,Pneumonia,1,2,3,0,5,Rehab,2025-11-20,31,Medium,0
P-10882,42,Male,Emergency,Emergency,Sepsis,0,1,3,2,5,Skilled Nursing Facility,2025-05-12,23,Low,1
P-10883,69,Female,Emergency,Urgent,Hypertension,4,0,5,2,9,Home Health Care,2025-01-03,74,High,1
P-10884,70,Male,General Medicine,Urgent,Pneumonia,0,0,1,1,4,Home,2025-10-22,21,Low,0
P-10885,44,Male,Emergency,Emergency,Hypertension,1,0,2,2,8,Home,2025-03-07,26,Low,1
P-10886,59,Male,Orthopedics,Urgent,COPD,2,1,1,2,7,Home Health Care,2025-06-28,44,Medium,0
P-10887,56,Female,General Medicine,Elective,Heart Failure,3,1,6,0,5,Home,2025-07-14,49,Medium,0
P-10888,66,Female,ICU,Transfer,Sepsis,3,0,2,4,1,Home,2025-03-08,60,Medium,1
P-10889,44,Male,General Medicine,Emergency,Diabetes with Complications,1,2,9,2,4,Home,2025-12-30,52,Medium,1
P-10890,82,Male,Emergency,Elective,COPD,3,0,3,3,1,Home Health Care,2025-05-11,66,High,1
P-10891,76,Female,Emergency,Emergency,Acute Kidney Injury,0,0,10,2,5,Home,2025-06-02,55,Medium,1
P-10892,56,Male,Orthopedics,Emergency,Acute Kidney Injury,1,1,2,0,6,Home Health Care,2025-11-11,24,Low,0
P-10893,58,Female,Emergency,Emergency,COPD,1,0,5,6,2,Home Health Care,2025-07-19,62,High,0
P-10894,59,Female,Orthopedics,Emergency,Pneumonia,2,0,14,0,5,Home,2025-05-04,60,Medium,0
P-10895,49,Female,General Medicine,Emergency,COPD,1,1,3,2,5,Home,2025-08-07,33,Medium,0
P-10896,54,Female,General Medicine,Emergency,Pneumonia,0,1,1,6,8,Home Health Care,2025-01-06,52,Medium,1
P-10897,57,Male,General Medicine,Elective,Pneumonia,0,0,4,3,9,Skilled Nursing Facility,2025-01-27,38,Medium,1
P-10898,87,Male,ICU,Elective,COPD,1,1,3,1,7,Home,2025-05-28,52,Medium,0
P-10899,77,Male,ICU,Transfer,Gastrointestinal Bleed,1,0,4,3,8,Home,2025-09-30,57,Medium,0
P-10900,76,Male,ICU,Emergency,Gastrointestinal Bleed,1,0,3,8,8,Home,2025-11-29,82,High,1
P-10901,67,Female,Emergency,Urgent,Hip Fracture,2,2,2,1,1,Against Medical Advice,2025-11-24,44,Medium,1
P-10902,44,Male,Cardiology,Elective,COPD,3,0,4,0,3,Home Health Care,2025-05-05,28,Low,0
P-10903,61,Female,Pediatrics,Emergency,Diabetes with Complications,1,0,1,3,5,Home Health Care,2025-05-08,35,Medium,0
P-10904,77,Female,Emergency,Elective,Gastrointestinal Bleed,0,2,4,1,8,Home,2025-04-02,47,Medium,0
P-10905,41,Male,General Medicine,Elective,Sepsis,5,1,3,4,3,Home,2025-10-13,72,High,1
P-10906,72,Male,Cardiology,Emergency,Hip Fracture,1,0,17,1,6,Home Health Care,2025-12-24,74,High,1
P-10907,95,Male,Emergency,Elective,COPD,1,0,1,2,7,Skilled Nursing Facility,2025-09-08,51,Medium,1
P-10908,78,Male,Emergency,Elective,Hip Fracture,2,1,7,2,10,Home,2025-02-28,75,High,1
P-10909,84,Female,General Medicine,Transfer,Sepsis,2,0,2,3,8,Against Medical Advice,2025-06-16,64,High,1
P-10910,65,Male,Emergency,Urgent,Sepsis,2,1,6,3,8,Home,2025-07-10,70,High,1
P-10911,77,Female,Emergency,Elective,Sepsis,3,1,15,1,9,Home,2025-09-22,89,High,1
P-10912,50,Female,General Medicine,Elective,Gastrointestinal Bleed,2,0,11,0,6,Skilled Nursing Facility,2025-05-27,47,Medium,0
P-10913,74,Male,General Medicine,Urgent,Heart Failure,2,2,1,3,11,Home Health Care,2025-05-28,70,High,1
P-10914,72,Male,ICU,Transfer,Heart Failure,1,0,10,3,7,Skilled Nursing Facility,2025-03-13,70,High,0
P-10915,66,Female,General Medicine,Urgent,Acute Kidney Injury,2,0,3,1,4,Skilled Nursing Facility,2025-12-31,38,Medium,0
P-10916,83,Male,General Medicine,Elective,Heart Failure,1,1,1,4,7,Home,2025-09-29,64,High,0
P-10917,53,Male,General Medicine,Emergency,Hypertension,2,0,2,3,6,Home,2025-02-22,43,Medium,0
P-10918,59,Female,Emergency,Urgent,Gastrointestinal Bleed,2,1,1,3,14,Home Health Care,2025-10-12,60,Medium,0
P-10919,63,Female,Emergency,Emergency,COPD,0,0,1,3,2,Home,2025-08-23,26,Low,0
P-10920,45,Female,Cardiology,Elective,Diabetes with Complications,2,1,3,4,1,Home Health Care,2025-05-02,48,Medium,1
P-10921,65,Male,Pediatrics,Emergency,Pneumonia,1,0,14,2,7,Home,2025-01-31,70,High,1
P-10922,34,Female,Emergency,Emergency,Gastrointestinal Bleed,0,0,8,4,3,Skilled Nursing Facility,2025-06-24,35,Medium,0
P-10923,78,Male,Pediatrics,Emergency,Hip Fracture,0,1,4,5,1,Skilled Nursing Facility,2025-08-22,61,High,1
P-10924,62,Female,Emergency,Urgent,Pneumonia,1,0,2,4,10,Home Health Care,2025-07-30,51,Medium,0
P-10925,53,Male,Cardiology,Elective,Hip Fracture,1,2,1,4,5,Home Health Care,2025-09-26,49,Medium,0
P-10926,48,Male,Emergency,Emergency,COPD,2,2,1,4,6,Home,2025-05-07,56,Medium,0
P-10927,58,Female,ICU,Elective,Sepsis,2,1,6,0,7,Home,2025-12-10,44,Medium,0
P-10928,73,Female,Neurology,Transfer,COPD,1,1,4,1,7,Rehab,2025-04-22,46,Medium,0
P-10929,70,Female,Orthopedics,Emergency,Acute Kidney Injury,1,1,1,3,9,Home Health Care,2025-07-10,51,Medium,1
P-10930,50,Male,General Medicine,Elective,Hypertension,3,3,9,3,7,Skilled Nursing Facility,2025-09-26,83,High,1
P-10931,48,Male,General Medicine,Emergency,Gastrointestinal Bleed,0,0,4,2,3,Home,2025-05-11,21,Low,1
P-10932,72,Female,General Medicine,Urgent,Diabetes with Complications,1,1,9,2,8,Home,2025-12-27,68,High,1
P-10933,50,Female,Pediatrics,Emergency,Gastrointestinal Bleed,0,0,7,1,1,Home Health Care,2025-12-23,22,Low,0
P-10934,62,Male,Cardiology,Transfer,Pneumonia,0,0,2,1,4,Home Health Care,2025-09-06,19,Low,0
P-10935,63,Male,General Medicine,Emergency,Acute Kidney Injury,1,0,6,3,8,Home,2025-07-11,55,Medium,0
P-10936,66,Female,General Medicine,Emergency,Stroke,2,2,22,3,7,Home,2025-06-17,95,High,1
P-10937,75,Female,Pediatrics,Emergency,Diabetes with Complications,1,2,7,1,4,Home,2025-01-11,59,Medium,0
P-10938,41,Female,Orthopedics,Emergency,COPD,2,1,2,2,3,Home,2025-04-27,32,Medium,0
P-10939,31,Male,Pediatrics,Elective,Heart Failure,1,1,5,0,6,Home,2025-03-26,19,Low,0
P-10940,52,Female,General Medicine,Emergency,Pneumonia,3,2,3,1,3,Home,2025-02-01,49,Medium,1
P-10941,90,Female,Cardiology,Emergency,Sepsis,1,1,2,0,14,Skilled Nursing Facility,2025-01-29,52,Medium,0
P-10942,94,Male,Emergency,Elective,Diabetes with Complications,1,0,2,2,8,Rehab,2025-02-04,55,Medium,0
P-10943,91,Female,General Medicine,Urgent,Hip Fracture,0,0,3,3,7,Home,2025-03-15,53,Medium,0
P-10944,58,Male,General Medicine,Urgent,Stroke,2,0,2,2,8,Home,2025-06-06,41,Medium,0
P-10945,33,Male,ICU,Elective,Pneumonia,1,0,1,0,8,Home,2025-04-21,12,Low,0
P-10946,24,Female,Emergency,Transfer,Heart Failure,0,0,7,0,8,Home Health Care,2025-11-12,13,Low,0
P-10947,52,Female,Cardiology,Elective,Hypertension,1,0,2,3,4,Home,2025-08-14,32,Medium,0
P-10948,58,Female,Orthopedics,Emergency,COPD,2,0,3,4,4,Home,2025-05-17,53,Medium,0
P-10949,82,Male,Cardiology,Emergency,COPD,4,2,11,5,3,Home,2025-06-24,96,High,1
P-10950,75,Male,General Medicine,Emergency,Acute Kidney Injury,0,0,5,1,8,Home,2025-02-11,37,Medium,1
P-10951,65,Female,Cardiology,Emergency,Pneumonia,1,0,12,5,7,Home,2025-01-21,81,High,1
P-10952,47,Male,Emergency,Urgent,Diabetes with Complications,1,0,5,6,2,Home,2025-10-02,55,Medium,1
P-10953,46,Female,Neurology,Urgent,Diabetes with Complications,1,3,2,1,8,Skilled Nursing Facility,2025-07-13,37,Medium,0
P-10954,66,Male,Cardiology,Emergency,Hip Fracture,4,1,2,4,6,Home Health Care,2025-07-14,78,High,1
P-10955,73,Female,ICU,Emergency,Stroke,1,0,8,1,1,Home,2025-09-15,44,Medium,0
P-10956,68,Female,ICU,Elective,Heart Failure,2,0,3,3,8,Home,2025-10-01,57,Medium,1
P-10957,45,Male,Emergency,Transfer,Gastrointestinal Bleed,1,0,5,2,3,Home,2025-04-20,29,Low,1
P-10958,72,Female,General Medicine,Emergency,Pneumonia,0,1,7,3,7,Home,2025-01-27,59,Medium,0
P-10959,68,Male,Emergency,Emergency,Pneumonia,1,0,2,1,12,Home Health Care,2025-11-01,37,Medium,1
P-10960,44,Male,General Medicine,Transfer,Heart Failure,5,2,17,2,1,Home,2025-01-22,91,High,1
P-10961,49,Male,ICU,Transfer,COPD,2,5,2,3,8,Home,2025-05-22,72,High,1
P-10962,73,Female,Orthopedics,Emergency,Hypertension,2,1,7,2,3,Home,2025-12-03,65,High,0
P-10963,58,Male,Orthopedics,Emergency,Diabetes with Complications,2,2,1,1,4,Home,2025-08-05,39,Medium,0
P-10964,87,Female,Pediatrics,Elective,Pneumonia,1,1,17,2,1,Skilled Nursing Facility,2025-02-20,85,High,1
P-10965,70,Male,Neurology,Urgent,Heart Failure,2,0,2,2,8,Home Health Care,2025-01-31,49,Medium,1
P-10966,54,Male,Emergency,Emergency,Pneumonia,3,1,4,1,3,Rehab,2025-05-31,47,Medium,0
P-10967,61,Female,Emergency,Urgent,COPD,2,3,3,6,6,Home Health Care,2025-09-12,83,High,1
P-10968,63,Female,General Medicine,Emergency,Sepsis,3,3,11,2,8,Home,2025-01-26,88,High,0
P-10969,50,Female,Cardiology,Elective,Pneumonia,4,2,4,2,11,Home,2025-10-11,74,High,1
P-10970,47,Female,Emergency,Elective,Sepsis,1,2,6,2,11,Home Health Care,2025-12-02,54,Medium,0
P-10971,73,Female,Cardiology,Emergency,Diabetes with Complications,2,2,2,3,2,Skilled Nursing Facility,2025-04-25,62,High,1
P-10972,75,Male,Emergency,Emergency,Hip Fracture,3,1,14,4,7,Home,2025-02-16,93,High,1
P-10973,71,Male,General Medicine,Emergency,Acute Kidney Injury,1,1,2,1,15,Home,2025-08-18,49,Medium,0
P-10974,86,Female,Cardiology,Urgent,Heart Failure,3,0,1,5,7,Home,2025-12-29,80,High,1
P-10975,53,Female,ICU,Emergency,Sepsis,2,2,2,1,7,Skilled Nursing Facility,2025-01-10,42,Medium,1
P-10976,88,Female,General Medicine,Elective,Pneumonia,2,1,1,2,8,Home Health Care,2025-03-17,63,High,1
P-10977,47,Female,ICU,Elective,COPD,2,1,1,2,6,Skilled Nursing Facility,2025-05-27,36,Medium,0
P-10978,45,Male,Pediatrics,Elective,Hypertension,1,1,4,1,10,Home,2025-05-06,33,Medium,1
P-10979,33,Male,Cardiology,Urgent,Hip Fracture,1,3,2,3,5,Skilled Nursing Facility,2025-07-20,39,Medium,1
P-10980,54,Female,General Medicine,Elective,Hip Fracture,2,0,4,1,9,Home,2025-11-11,39,Medium,0
P-10981,53,Male,Emergency,Elective,Hip Fracture,0,1,1,2,2,Home,2025-11-18,21,Low,1
P-10982,70,Male,ICU,Elective,Acute Kidney Injury,3,2,5,4,1,Home,2025-01-11,80,High,0
P-10983,65,Female,Emergency,Elective,Heart Failure,1,0,5,5,5,Home,2025-07-16,63,High,1
P-10984,42,Male,Emergency,Emergency,Gastrointestinal Bleed,1,0,2,0,2,Home,2025-03-27,12,Low,0
P-10985,55,Female,Orthopedics,Urgent,Gastrointestinal Bleed,1,0,4,2,1,Home,2025-11-16,29,Low,1
P-10986,56,Male,General Medicine,Emergency,Hip Fracture,1,0,2,1,12,Home Health Care,2025-03-31,30,Low,0
P-10987,33,Female,ICU,Elective,Pneumonia,0,2,1,0,8,Skilled Nursing Facility,2025-07-29,14,Low,0
P-10988,46,Female,Cardiology,Elective,Sepsis,1,1,6,4,6,Home,2025-09-12,55,Medium,1
P-10989,49,Male,Emergency,Emergency,Stroke,0,1,9,2,5,Home,2025-01-24,42,Medium,0
P-10990,84,Male,Cardiology,Emergency,COPD,0,0,1,0,9,Home,2025-09-24,26,Low,0
P-10991,65,Male,Emergency,Emergency,Hypertension,0,0,10,1,10,Home,2025-06-28,48,Medium,0
P-10992,72,Female,Pediatrics,Emergency,Stroke,1,1,5,4,2,Home Health Care,2025-05-05,63,High,1
P-10993,38,Male,Emergency,Urgent,Gastrointestinal Bleed,1,2,7,1,5,Home Health Care,2025-12-02,37,Medium,0
P-10994,81,Male,General Medicine,Urgent,Sepsis,2,0,6,0,5,Home,2025-07-13,50,Medium,0
P-10995,82,Male,General Medicine,Emergency,Diabetes with Complications,1,2,10,3,9,Home,2025-01-20,84,High,1
P-10996,30,Female,Orthopedics,Emergency,Sepsis,2,1,1,4,5,Home,2025-04-05,38,Medium,0
P-10997,50,Female,Cardiology,Urgent,Pneumonia,0,2,20,7,7,Home,2025-04-09,94,High,1
P-10998,69,Female,General Medicine,Emergency,Stroke,0,1,10,2,5,Home,2025-04-14,57,Medium,0
P-10999,72,Female,Orthopedics,Transfer,Pneumonia,1,0,1,4,9,Home,2025-12-07,53,Medium,1
